2013.11.11,16:00,462.75,465.25,462.00,465.25,87
2013.11.11,17:00,465.00,467.75,464.75,466.50,160
2013.11.11,18:00,466.75,468.75,466.25,468.50,165
2013.11.11,19:00,468.50,469.50,467.25,467.25,220
2013.11.11,20:00,467.50,469.25,467.00,469.00,211
2013.11.11,21:00,469.00,469.75,466.75,467.00,97
2013.11.12,16:00,468.00,468.25,462.50,463.75,136
2013.11.12,17:00,463.50,467.75,463.25,465.75,153
2013.11.12,18:00,466.00,467.00,465.25,466.75,72
2013.11.12,19:00,466.50,467.00,466.00,466.00,65
2013.11.12,20:00,466.00,467.75,466.00,467.00,102
2013.11.12,21:00,467.00,467.00,464.25,464.50,72
2013.11.13,16:00,466.00,466.50,462.75,463.00,104
2013.11.13,17:00,463.25,464.75,461.25,462.00,187
2013.11.13,18:00,461.75,462.50,460.50,461.50,125
2013.11.13,19:00,461.75,463.00,461.25,462.50,96
2013.11.13,20:00,462.50,463.50,461.75,462.00,126
2013.11.13,21:00,462.00,462.25,460.75,461.75,73
2013.11.14,16:00,460.75,462.00,459.50,460.25,85
2013.11.14,17:00,460.00,461.25,459.50,460.00,82
2013.11.14,18:00,460.25,460.50,458.50,459.00,78
2013.11.14,19:00,459.25,459.50,457.00,457.75,139
2013.11.14,20:00,457.75,458.50,457.50,458.00,126
2013.11.14,21:00,457.75,458.75,457.25,457.50,50
2013.11.15,16:00,458.75,460.75,458.50,460.00,85
2013.11.15,17:00,459.75,460.25,458.25,459.50,150
2013.11.15,18:00,459.25,459.25,455.00,456.25,198
2013.11.15,19:00,456.00,456.25,454.50,454.75,150
2013.11.15,20:00,455.00,456.00,454.25,454.25,181
2013.11.15,21:00,454.50,454.50,451.00,451.50,124
2013.11.18,16:00,446.25,450.00,446.25,448.50,185
2013.11.18,17:00,448.75,449.75,447.50,449.25,179
2013.11.18,18:00,449.00,449.50,446.00,446.50,180
2013.11.18,19:00,446.25,447.00,444.25,445.25,240
2013.11.18,20:00,445.00,445.25,443.00,443.75,194
2013.11.18,21:00,444.00,444.00,442.50,442.75,56
2013.11.19,16:00,444.50,444.50,442.25,443.00,96
2013.11.19,17:00,443.25,445.00,442.50,443.75,145
2013.11.19,18:00,444.00,444.50,442.00,443.75,114
2013.11.19,19:00,443.50,445.00,443.00,444.50,132
2013.11.19,20:00,444.75,446.75,444.50,446.25,263
2013.11.19,21:00,446.25,448.50,446.25,447.75,80
2013.11.20,16:00,446.00,448.25,445.25,447.50,109
2013.11.20,17:00,447.50,447.75,445.25,446.00,126
2013.11.20,18:00,446.00,447.50,445.50,447.50,138
2013.11.20,19:00,447.25,448.50,446.50,447.00,117
2013.11.20,20:00,447.25,447.50,446.25,447.25,177
2013.11.20,21:00,447.00,447.75,445.50,445.50,43
2013.11.21,16:00,447.25,449.75,447.25,448.00,168
2013.11.21,17:00,448.25,449.50,447.25,449.00,131
2013.11.21,18:00,449.25,449.50,447.75,449.00,230
2013.11.21,19:00,449.00,450.50,448.00,448.50,137
2013.11.21,20:00,448.25,449.75,448.00,449.00,121
2013.11.21,21:00,449.00,450.25,449.00,449.50,56
2013.11.22,16:00,450.25,450.75,448.00,448.00,104
2013.11.22,17:00,448.00,449.50,447.75,449.00,183
2013.11.22,18:00,449.00,450.75,448.50,450.75,121
2013.11.22,19:00,451.00,452.50,449.50,449.50,130
2013.11.22,20:00,449.50,450.75,448.75,450.00,179
2013.11.22,21:00,449.75,450.75,448.75,450.75,92
2013.11.25,16:00,450.75,452.75,450.75,452.50,59
2013.11.25,17:00,452.50,453.25,451.50,451.75,139
2013.11.25,18:00,451.75,451.75,450.00,450.75,109
2013.11.25,19:00,450.75,452.00,450.50,451.75,61
2013.11.25,20:00,451.50,452.00,450.50,450.75,103
2013.11.25,21:00,451.00,452.25,450.50,451.75,63
2013.11.26,16:00,448.00,448.75,446.75,447.25,101
2013.11.26,17:00,447.25,449.25,447.25,447.75,165
2013.11.26,18:00,447.75,448.00,445.75,446.00,117
2013.11.26,19:00,446.00,446.25,444.00,445.50,146
2013.11.26,20:00,445.25,447.00,445.25,446.75,148
2013.11.26,21:00,447.00,447.25,445.00,445.00,68
2013.11.27,16:00,447.50,448.50,446.25,447.00,88
2013.11.27,17:00,447.25,449.75,446.75,449.50,134
2013.11.27,18:00,449.50,450.75,447.50,448.25,111
2013.11.27,19:00,448.00,448.75,446.25,448.00,164
2013.11.27,20:00,448.00,449.25,447.75,448.75,190
2013.11.27,21:00,448.75,449.25,447.25,448.00,108
2013.11.29,16:00,447.25,448.25,444.25,444.75,119
2013.11.29,17:00,444.50,444.75,443.50,444.00,95
2013.11.29,18:00,443.75,446.25,443.75,446.00,105
2013.11.29,19:00,446.00,448.25,445.50,446.25,168
2013.12.02,16:00,443.50,443.50,442.25,442.75,76
2013.12.02,17:00,442.50,443.00,440.50,441.50,172
2013.12.02,18:00,441.50,441.75,440.75,441.00,103
2013.12.02,19:00,440.75,443.75,440.75,443.75,104
2013.12.02,20:00,443.75,446.25,443.75,445.50,160
2013.12.02,21:00,445.75,446.25,445.50,446.25,57
2013.12.03,16:00,444.75,448.25,444.75,448.25,55
2013.12.03,17:00,448.25,450.75,447.50,449.50,168
2013.12.03,18:00,449.50,450.00,449.00,449.00,97
2013.12.03,19:00,449.00,450.75,448.50,450.00,124
2013.12.03,20:00,450.25,452.00,449.75,451.50,101
2013.12.03,21:00,451.75,453.25,451.00,452.50,109
2013.12.04,16:00,451.25,454.75,450.00,454.75,146
2013.12.04,17:00,454.50,460.50,454.50,457.00,230
2013.12.04,18:00,456.75,457.75,456.50,457.25,149
2013.12.04,19:00,457.00,457.25,455.50,455.50,125
2013.12.04,20:00,455.50,457.25,455.25,457.25,171
2013.12.04,21:00,457.00,457.25,456.00,456.50,87
2013.12.05,16:00,452.25,454.00,452.25,453.75,72
2013.12.05,17:00,453.50,455.25,452.25,455.25,69
2013.12.05,18:00,455.50,458.25,455.00,456.50,85
2013.12.05,19:00,456.25,457.75,456.00,456.50,56
2013.12.05,20:00,455.75,456.75,455.50,456.00,93
2013.12.05,21:00,455.75,456.50,454.25,454.50,50
2013.12.06,16:00,455.00,455.00,452.25,452.75,83
2013.12.06,17:00,452.75,453.00,451.75,453.00,115
2013.12.06,18:00,452.75,453.75,451.75,453.50,88
2013.12.06,19:00,453.50,456.00,452.25,452.50,130
2013.12.06,20:00,452.25,454.00,452.00,453.50,114
2013.12.06,21:00,453.50,456.25,453.50,456.00,59
2013.12.09,16:00,455.75,458.50,455.75,457.00,116
2013.12.09,17:00,457.25,457.25,454.00,454.75,96
2013.12.09,18:00,454.50,458.75,454.25,458.25,120
2013.12.09,19:00,458.25,459.25,457.25,458.25,123
2013.12.09,20:00,458.00,459.25,458.00,458.25,138
2013.12.09,21:00,458.25,459.75,458.00,459.50,79
2013.12.10,16:00,457.50,458.25,456.00,457.00,96
2013.12.10,17:00,456.75,459.00,456.50,458.50,112
2013.12.10,18:00,458.50,459.75,458.00,459.25,171
2013.12.10,19:00,459.00,461.25,452.00,456.75,535
2013.12.10,20:00,456.75,457.50,454.75,457.00,150
2013.12.10,21:00,457.00,457.75,456.50,457.75,88
2013.12.11,16:00,456.25,458.25,456.00,458.00,95
2013.12.11,17:00,457.75,459.75,457.25,459.25,129
2013.12.11,18:00,459.25,459.75,459.00,459.25,82
2013.12.11,19:00,459.25,460.00,459.00,459.50,62
2013.12.11,20:00,459.75,460.50,459.25,459.75,74
2013.12.11,21:00,460.00,460.50,459.50,460.50,69
2013.12.12,16:00,459.00,459.25,454.50,455.00,77
2013.12.12,17:00,454.75,455.25,452.50,453.75,133
2013.12.12,18:00,454.00,454.00,448.75,449.00,169
2013.12.12,19:00,448.75,453.00,448.50,452.75,151
2013.12.12,20:00,452.75,453.75,452.50,452.75,121
2013.12.12,21:00,453.00,454.75,453.00,454.75,66
2013.12.13,16:00,451.50,451.75,448.50,450.00,93
2013.12.13,17:00,450.50,451.25,449.00,449.75,135
2013.12.13,18:00,450.25,450.75,449.25,449.25,88
2013.12.13,19:00,449.50,449.75,448.75,449.25,92
2013.12.13,20:00,449.00,449.00,446.50,446.75,139
2013.12.13,21:00,446.50,447.00,445.25,445.25,54
2013.12.16,16:00,442.25,442.50,441.25,441.50,83
2013.12.16,17:00,441.25,443.00,440.75,441.50,101
2013.12.16,18:00,441.75,446.50,441.50,446.00,143
2013.12.16,19:00,446.25,446.25,443.75,444.00,113
2013.12.16,20:00,443.75,445.50,443.50,445.25,86
2013.12.16,21:00,445.50,445.50,443.25,443.50,46
2013.12.17,16:00,444.00,445.75,443.00,445.25,83
2013.12.17,17:00,445.50,448.00,445.00,447.25,92
2013.12.17,18:00,447.25,449.50,447.25,449.00,153
2013.12.17,19:00,449.00,449.25,447.75,448.25,105
2013.12.17,20:00,448.50,448.50,447.50,447.75,85
2013.12.17,21:00,447.75,448.25,446.75,448.00,49
2013.12.18,16:00,447.00,451.00,446.25,449.75,107
2013.12.18,17:00,449.50,450.00,448.25,450.00,116
2013.12.18,18:00,450.00,450.00,444.50,445.00,130
2013.12.18,19:00,444.75,446.50,444.25,446.25,110
2013.12.18,20:00,446.50,446.75,446.00,446.25,53
2013.12.18,21:00,446.00,447.25,446.00,446.50,62
2013.12.19,16:00,447.50,450.50,447.00,449.50,159
2013.12.19,17:00,449.25,450.25,447.75,450.00,215
2013.12.19,18:00,450.50,451.00,449.00,449.25,150
2013.12.19,19:00,449.50,450.25,448.75,449.50,136
2013.12.19,20:00,449.50,451.25,448.50,450.50,151
2013.12.19,21:00,450.50,451.75,450.50,451.50,77
2013.12.20,16:00,450.75,452.25,449.75,452.00,167
2013.12.20,17:00,452.00,453.50,451.50,452.25,206
2013.12.20,18:00,452.50,453.25,451.75,451.75,95
2013.12.20,19:00,451.75,452.75,451.50,451.50,77
2013.12.20,20:00,451.50,453.25,451.50,453.00,124
2013.12.20,21:00,453.00,455.00,452.00,454.75,76
2013.12.23,16:00,454.25,455.50,453.00,455.25,96
2013.12.23,17:00,455.00,455.50,454.00,454.25,89
2013.12.23,18:00,454.00,456.00,453.75,454.25,129
2013.12.23,19:00,454.50,455.25,453.50,455.25,130
2013.12.23,20:00,455.00,455.25,454.00,454.50,111
2013.12.23,21:00,454.75,455.75,454.25,454.25,59
2013.12.24,16:00,453.00,454.25,453.00,454.00,35
2013.12.24,17:00,453.75,454.75,453.75,454.75,39
2013.12.24,18:00,455.25,455.75,454.75,455.00,96
2013.12.26,16:00,454.00,454.00,448.00,450.50,190
2013.12.26,17:00,450.50,450.75,449.75,450.25,119
2013.12.26,18:00,450.00,450.50,448.75,449.75,116
2013.12.26,19:00,449.50,449.50,448.50,449.25,136
2013.12.26,20:00,449.50,449.50,447.75,448.25,138
2013.12.26,21:00,448.25,448.25,447.50,448.25,73
2013.12.27,16:00,449.00,449.75,448.00,448.50,88
2013.12.27,17:00,448.50,448.75,447.75,448.00,97
2013.12.27,18:00,447.75,448.75,447.50,448.00,71
2013.12.27,19:00,448.25,448.50,447.50,448.25,98
2013.12.27,20:00,448.50,448.75,447.25,448.25,109
2013.12.27,21:00,448.50,449.00,447.75,448.75,64
2013.12.30,16:00,446.50,446.50,445.25,445.75,117
2013.12.30,17:00,445.50,446.75,445.50,446.50,127
2013.12.30,18:00,446.75,446.75,445.50,445.75,106
2013.12.30,19:00,445.50,446.00,444.00,444.50,57
2013.12.30,20:00,444.75,444.75,444.00,444.25,117
2013.12.30,21:00,444.00,444.50,444.00,444.25,38
2013.12.31,16:00,443.50,444.25,443.00,443.50,106
2013.12.31,17:00,443.50,444.00,443.25,443.75,114
2013.12.31,18:00,443.75,444.50,443.25,443.50,155
2014.01.02,16:00,443.25,445.50,442.50,445.25,136
2014.01.02,17:00,445.25,448.00,445.00,445.75,192
2014.01.02,18:00,445.75,445.75,444.25,444.25,134
2014.01.02,19:00,444.00,444.75,439.75,441.00,143
2014.01.02,20:00,441.25,441.75,439.50,439.50,180
2014.01.02,21:00,439.25,442.50,439.25,442.00,74
2014.01.03,16:00,442.50,443.00,442.00,442.25,60
2014.01.03,17:00,442.00,442.00,439.00,439.50,176
2014.01.03,18:00,439.25,442.75,438.50,439.25,163
2014.01.03,19:00,439.00,442.00,438.75,441.75,181
2014.01.03,20:00,441.50,444.75,441.50,444.50,140
2014.01.03,21:00,444.75,445.25,444.00,444.75,82
2014.01.06,16:00,447.00,447.75,445.75,447.00,72
2014.01.06,17:00,447.25,448.75,446.50,447.00,84
2014.01.06,18:00,446.75,447.75,445.25,445.50,71
2014.01.06,19:00,445.75,446.25,445.25,445.75,109
2014.01.06,20:00,445.75,448.00,445.50,447.00,147
2014.01.06,21:00,446.75,448.75,446.50,448.75,88
2014.01.07,16:00,447.75,449.25,446.75,449.25,75
2014.01.07,17:00,449.00,450.25,448.50,450.00,65
2014.01.07,18:00,449.75,450.00,447.75,448.00,78
2014.01.07,19:00,447.75,448.00,446.25,447.00,58
2014.01.07,20:00,446.75,447.50,445.25,446.75,88
2014.01.07,21:00,447.00,447.50,446.00,446.25,45
2014.01.08,16:00,445.25,447.75,445.25,447.00,42
2014.01.08,17:00,446.75,447.00,441.25,441.50,140
2014.01.08,18:00,441.25,441.50,439.75,440.25,100
2014.01.08,19:00,440.50,440.75,438.50,439.25,82
2014.01.08,20:00,439.50,439.75,438.00,439.25,82
2014.01.08,21:00,439.50,439.50,436.00,437.00,64
2014.01.09,16:00,436.50,436.50,432.50,432.75,97
2014.01.09,17:00,433.00,434.25,430.50,431.00,160
2014.01.09,18:00,431.25,431.75,430.00,430.50,96
2014.01.09,19:00,430.25,432.50,430.25,431.25,119
2014.01.09,20:00,431.50,433.25,431.00,433.25,146
2014.01.09,21:00,433.50,434.75,432.50,434.00,64
2014.01.10,16:00,432.25,433.00,431.25,433.00,45
2014.01.10,17:00,432.75,433.25,430.50,431.50,129
2014.01.10,18:00,431.75,432.00,428.00,428.00,115
2014.01.10,19:00,437.75,450.50,433.25,449.75,609
2014.01.10,20:00,449.50,452.50,447.75,449.00,257
2014.01.10,21:00,448.75,452.50,448.75,451.75,91
2014.01.13,16:00,452.25,453.25,449.75,451.50,109
2014.01.13,17:00,451.75,452.25,449.50,449.75,190
2014.01.13,18:00,449.50,452.50,449.50,452.25,131
2014.01.13,19:00,452.50,452.50,449.25,450.00,139
2014.01.13,20:00,450.25,453.00,450.00,452.25,111
2014.01.13,21:00,452.50,453.50,452.00,453.25,33
2014.01.14,16:00,451.00,452.75,449.50,450.25,50
2014.01.14,17:00,450.00,450.75,446.25,446.25,128
2014.01.14,18:00,446.00,449.50,445.75,448.25,111
2014.01.14,19:00,448.50,450.50,448.00,450.50,107
2014.01.14,20:00,450.75,451.25,449.50,450.50,91
2014.01.14,21:00,450.25,451.75,449.25,451.25,74
2014.01.15,16:00,447.75,447.75,446.75,447.25,59
2014.01.15,17:00,447.00,447.75,446.00,447.25,85
2014.01.15,18:00,447.50,447.50,446.00,447.00,85
2014.01.15,19:00,446.75,447.00,445.25,445.50,60
2014.01.15,20:00,445.75,446.75,445.25,445.50,88
2014.01.15,21:00,445.75,446.00,445.00,445.25,53
2014.01.16,16:00,447.00,447.75,445.75,447.25,74
2014.01.16,17:00,447.00,448.75,445.75,448.00,117
2014.01.16,18:00,448.25,448.25,443.25,443.50,163
2014.01.16,19:00,443.75,446.00,443.25,446.00,96
2014.01.16,20:00,446.25,446.75,444.25,445.00,79
2014.01.16,21:00,444.75,446.50,444.75,445.25,46
2014.01.17,16:00,444.00,445.25,443.50,444.25,60
2014.01.17,17:00,444.00,444.50,441.75,441.75,99
2014.01.17,18:00,441.50,442.75,441.25,442.25,84
2014.01.17,19:00,442.00,442.50,441.75,442.00,59
2014.01.17,20:00,442.25,443.25,442.25,443.00,78
2014.01.17,21:00,443.25,443.50,442.25,443.50,32
2014.01.21,16:00,440.75,441.00,440.00,440.00,41
2014.01.21,17:00,439.75,441.50,439.25,441.50,81
2014.01.21,18:00,441.25,442.75,440.25,440.75,102
2014.01.21,19:00,440.50,441.50,440.50,441.00,27
2014.01.21,20:00,441.25,441.50,440.50,441.00,104
2014.01.21,21:00,440.75,442.50,440.75,441.75,65
2014.01.22,16:00,443.50,444.25,442.75,442.75,68
2014.01.22,17:00,443.00,443.75,441.50,441.50,46
2014.01.22,18:00,441.75,442.75,441.75,442.25,35
2014.01.22,19:00,442.00,442.25,441.50,441.50,29
2014.01.22,20:00,441.75,442.25,441.50,442.25,51
2014.01.22,21:00,442.00,442.50,441.75,442.00,11
2014.01.23,16:00,443.50,444.75,443.00,443.75,51
2014.01.23,17:00,444.00,445.75,443.75,444.50,105
2014.01.23,18:00,444.75,445.75,444.00,444.75,41
2014.01.23,19:00,445.00,445.25,444.25,444.50,57
2014.01.23,20:00,444.75,446.00,444.50,444.75,81
2014.01.23,21:00,444.50,444.75,443.75,444.00,39
2014.01.24,16:00,442.25,444.50,441.75,442.75,48
2014.01.24,17:00,442.50,443.00,441.00,441.25,69
2014.01.24,18:00,441.50,442.75,441.50,442.50,47
2014.01.24,19:00,442.75,444.75,442.50,444.25,65
2014.01.24,20:00,444.50,445.00,444.00,444.25,62
2014.01.24,21:00,444.00,444.25,443.50,443.50,31
2014.01.27,16:00,443.75,446.00,443.75,445.50,56
2014.01.27,17:00,445.75,447.00,442.75,443.50,117
2014.01.27,18:00,443.25,445.25,442.50,442.75,72
2014.01.27,19:00,442.50,447.25,441.75,447.00,106
2014.01.27,20:00,447.25,447.25,446.25,446.75,51
2014.01.27,21:00,447.00,447.25,446.75,447.00,29
2014.01.28,16:00,445.75,446.50,445.25,446.00,62
2014.01.28,17:00,445.75,447.25,444.75,446.75,85
2014.01.28,18:00,447.00,447.00,446.25,446.25,51
2014.01.28,19:00,446.50,447.00,446.25,446.25,24
2014.01.28,20:00,446.00,446.50,445.75,446.00,11
2014.01.28,21:00,446.25,446.25,445.25,445.50,39
2014.01.29,16:00,444.25,445.50,443.25,445.50,62
2014.01.29,17:00,445.25,445.25,443.00,443.75,84
2014.01.29,18:00,443.50,443.75,441.50,443.50,78
2014.01.29,19:00,443.25,444.75,443.25,443.50,50
2014.01.29,20:00,443.25,443.50,440.75,442.25,82
2014.01.29,21:00,442.00,442.50,441.25,441.50,31
2014.01.30,16:00,444.50,445.00,442.75,443.25,72
2014.01.30,17:00,443.00,447.50,443.00,446.25,136
2014.01.30,18:00,446.00,447.25,446.00,446.00,59
2014.01.30,19:00,446.25,446.75,445.00,445.50,76
2014.01.30,20:00,445.25,446.25,445.25,446.00,82
2014.01.30,21:00,445.75,446.00,445.25,445.50,44
2014.01.31,16:00,444.00,444.50,443.25,443.75,50
2014.01.31,17:00,443.50,444.50,443.00,443.50,118
2014.01.31,18:00,443.75,444.75,443.50,444.75,86
2014.01.31,19:00,444.50,446.25,444.50,445.75,70
2014.01.31,20:00,446.00,446.00,444.00,444.00,78
2014.01.31,21:00,444.25,446.50,444.00,446.00,53
2014.02.03,16:00,447.00,449.25,447.00,448.25,46
2014.02.03,17:00,448.50,451.25,448.25,451.00,103
2014.02.03,18:00,450.75,451.25,450.00,450.00,91
2014.02.03,19:00,449.75,450.25,449.00,449.25,66
2014.02.03,20:00,449.50,449.50,448.25,448.50,63
2014.02.03,21:00,448.25,449.00,447.75,449.00,31
2014.02.04,16:00,450.25,451.75,450.25,451.50,39
2014.02.04,17:00,451.75,452.75,451.50,452.75,54
2014.02.04,18:00,452.50,454.50,452.00,454.50,68
2014.02.04,19:00,454.25,454.25,452.50,453.25,97
2014.02.04,20:00,453.50,454.50,453.25,454.00,115
2014.02.04,21:00,454.25,455.25,454.00,455.25,33
2014.02.05,16:00,453.75,454.50,453.25,453.50,48
2014.02.05,17:00,453.25,453.75,452.50,453.50,80
2014.02.05,18:00,453.75,454.25,452.50,453.25,92
2014.02.05,19:00,453.00,453.25,451.50,452.50,95
2014.02.05,20:00,452.25,454.25,452.25,454.00,101
2014.02.05,21:00,453.75,454.00,453.00,453.00,43
2014.02.06,16:00,455.75,457.00,455.00,455.25,68
2014.02.06,17:00,455.50,456.25,453.75,454.00,101
2014.02.06,18:00,453.75,455.25,451.75,454.25,127
2014.02.06,19:00,454.00,454.50,453.00,453.75,75
2014.02.06,20:00,454.00,454.75,453.50,454.25,76
2014.02.06,21:00,454.00,455.50,454.00,455.00,30
2014.02.07,16:00,453.50,455.25,452.50,452.75,77
2014.02.07,17:00,452.50,455.50,452.50,455.25,80
2014.02.07,18:00,455.50,456.25,455.00,456.25,66
2014.02.07,19:00,456.00,456.50,455.50,456.00,45
2014.02.07,20:00,455.75,456.25,455.00,456.00,72
2014.02.07,21:00,455.75,457.00,455.75,456.75,21
2014.02.10,16:00,454.75,456.75,454.75,455.75,59
2014.02.10,17:00,456.00,457.00,455.25,457.00,77
2014.02.10,18:00,456.75,458.25,456.25,457.50,67
2014.02.10,19:00,457.75,460.75,455.25,458.00,388
2014.02.10,20:00,458.25,458.50,453.25,453.75,136
2014.02.10,21:00,454.00,456.50,453.75,456.25,67
2014.02.11,16:00,454.50,455.75,453.25,454.00,87
2014.02.11,17:00,454.25,454.25,449.75,452.50,147
2014.02.11,18:00,452.75,454.00,450.25,450.75,106
2014.02.11,19:00,451.00,452.75,451.00,452.00,47
2014.02.11,20:00,452.25,453.00,452.25,452.50,34
2014.02.11,21:00,452.25,453.50,451.50,453.25,38
2014.02.12,16:00,451.50,452.75,450.75,451.50,63
2014.02.12,17:00,451.25,456.50,451.00,455.25,138
2014.02.12,18:00,455.50,455.50,452.75,452.75,101
2014.02.12,19:00,452.50,453.00,451.25,453.00,73
2014.02.12,20:00,452.75,453.50,452.00,453.00,58
2014.02.12,21:00,452.75,454.00,452.50,453.00,49
2014.02.13,16:00,454.25,455.00,452.25,452.50,81
2014.02.13,17:00,452.75,454.50,451.75,453.00,89
2014.02.13,18:00,453.25,453.25,451.50,451.50,92
2014.02.13,19:00,451.75,452.25,451.00,451.75,49
2014.02.13,20:00,452.00,452.75,450.25,450.50,96
2014.02.13,21:00,450.75,452.00,450.50,451.75,37
2014.02.14,16:00,453.25,453.75,449.75,451.75,68
2014.02.14,17:00,451.50,452.50,451.25,452.00,119
2014.02.14,18:00,451.75,454.25,451.50,454.25,87
2014.02.14,19:00,454.00,454.75,453.25,454.25,80
2014.02.14,20:00,454.50,454.75,454.00,454.50,43
2014.02.14,21:00,454.75,456.25,454.50,456.25,45
2014.02.17,21:00,454.25,454.25,454.25,454.25,1
2014.02.18,16:00,457.25,457.75,456.25,457.50,67
2014.02.18,17:00,457.25,459.25,456.50,459.25,120
2014.02.18,18:00,459.00,459.50,458.25,458.75,48
2014.02.18,19:00,458.50,459.25,458.25,458.75,68
2014.02.18,20:00,459.00,460.00,458.50,459.50,54
2014.02.18,21:00,459.75,460.50,459.25,460.50,41
2014.02.19,16:00,460.00,461.25,459.75,460.75,57
2014.02.19,17:00,461.00,461.50,459.75,461.50,111
2014.02.19,18:00,461.25,461.50,461.00,461.25,43
2014.02.19,19:00,461.00,464.00,460.75,463.25,83
2014.02.19,20:00,463.50,464.50,463.25,464.50,95
2014.02.19,21:00,464.25,465.25,464.25,465.25,19
2014.02.20,16:00,463.25,465.25,463.00,463.75,62
2014.02.20,17:00,463.50,465.75,462.50,465.75,128
2014.02.20,18:00,465.50,465.75,464.25,464.75,77
2014.02.20,19:00,464.50,465.25,463.50,465.00,61
2014.02.20,20:00,464.75,465.50,464.75,465.50,96
2014.02.20,21:00,465.25,466.25,464.75,466.25,47
2014.02.21,16:00,464.50,464.50,462.25,464.25,353
2014.02.21,17:00,464.00,464.25,459.25,461.75,124
2014.02.21,18:00,462.00,463.75,460.50,463.25,81
2014.02.21,19:00,463.00,463.75,463.00,463.25,74
2014.02.21,20:00,463.50,463.50,462.00,462.75,76
2014.02.21,21:00,462.50,463.00,460.50,460.75,51
2014.02.24,16:00,459.00,459.00,456.25,457.00,87
2014.02.24,17:00,456.75,458.75,456.50,458.25,223
2014.02.24,18:00,458.50,460.50,457.50,459.50,84
2014.02.24,19:00,459.75,460.00,458.00,459.50,105
2014.02.24,20:00,459.75,460.50,459.50,460.25,39
2014.02.24,21:00,460.50,462.00,460.00,461.75,38
2014.02.25,16:00,461.25,461.50,458.00,459.25,73
2014.02.25,17:00,459.00,460.25,457.75,460.00,103
2014.02.25,18:00,459.75,461.00,459.50,461.00,56
2014.02.25,19:00,460.75,463.25,460.50,462.50,91
2014.02.25,20:00,462.75,463.00,462.00,462.00,83
2014.02.25,21:00,462.25,465.00,461.75,464.75,56
2014.02.26,16:00,463.75,466.00,463.75,465.75,52
2014.02.26,17:00,466.00,467.25,465.00,465.50,133
2014.02.26,18:00,465.25,465.75,464.25,465.00,82
2014.02.26,19:00,464.75,465.50,464.25,464.75,40
2014.02.26,20:00,465.00,466.00,464.50,465.25,80
2014.02.26,21:00,465.00,465.25,460.75,460.75,44
2014.02.27,16:00,460.25,464.50,458.75,460.75,147
2014.02.27,17:00,460.50,464.00,460.50,462.75,180
2014.02.27,18:00,463.00,463.75,462.25,462.25,82
2014.02.27,19:00,462.50,463.00,459.25,460.50,122
2014.02.27,20:00,460.25,461.00,458.50,459.50,128
2014.02.27,21:00,459.75,459.75,456.75,459.00,72
2014.02.28,16:00,459.25,460.25,457.75,458.25,76
2014.02.28,17:00,458.00,461.50,457.25,459.75,169
2014.02.28,18:00,459.50,463.00,459.00,463.00,105
2014.02.28,19:00,463.25,464.25,461.25,463.25,150
2014.02.28,20:00,463.50,467.50,463.50,467.50,146
2014.02.28,21:00,467.25,468.25,466.75,467.00,90
2014.03.03,16:00,475.00,479.00,474.00,477.25,154
2014.03.03,17:00,477.50,478.00,473.50,477.50,267
2014.03.03,18:00,477.75,479.50,474.75,475.25,201
2014.03.03,19:00,475.00,475.25,469.75,471.50,235
2014.03.03,20:00,471.75,472.00,468.25,471.00,188
2014.03.03,21:00,471.25,475.25,470.25,475.25,60
2014.03.04,16:00,473.00,475.50,469.25,473.00,190
2014.03.04,17:00,472.75,476.75,472.50,475.25,219
2014.03.04,18:00,475.50,477.25,474.25,477.25,168
2014.03.04,19:00,477.50,480.00,477.00,480.00,156
2014.03.04,20:00,479.75,483.00,479.25,481.75,152
2014.03.04,21:00,482.00,485.25,481.50,485.25,82
2014.03.05,16:00,482.25,483.00,480.50,480.75,149
2014.03.05,17:00,481.00,484.75,479.75,483.75,248
2014.03.05,18:00,484.00,484.50,481.25,481.75,148
2014.03.05,19:00,482.00,485.25,481.50,483.00,164
2014.03.05,20:00,483.50,485.00,481.00,481.25,207
2014.03.05,21:00,481.00,483.00,479.00,482.25,174
2014.03.06,16:00,483.50,487.00,483.00,486.25,168
2014.03.06,17:00,486.50,488.50,485.00,485.25,223
2014.03.06,18:00,485.50,487.75,484.75,487.00,125
2014.03.06,19:00,487.25,489.75,487.00,488.00,170
2014.03.06,20:00,488.25,490.50,487.75,490.25,172
2014.03.06,21:00,490.50,490.75,489.00,489.75,55
2014.03.07,16:00,490.75,492.50,489.75,490.75,132
2014.03.07,17:00,490.50,491.25,484.25,487.50,372
2014.03.07,18:00,487.25,490.00,484.75,485.25,279
2014.03.07,19:00,485.50,486.50,482.50,485.25,195
2014.03.07,20:00,485.50,488.50,484.00,488.25,247
2014.03.07,21:00,488.50,489.50,485.25,485.50,93
2014.03.10,15:00,484.00,486.00,482.50,483.00,140
2014.03.10,16:00,482.75,486.50,482.50,484.00,237
2014.03.10,17:00,484.25,486.25,484.00,484.50,193
2014.03.10,18:00,484.75,485.75,475.50,476.50,534
2014.03.10,19:00,476.75,479.75,475.75,479.00,207
2014.03.10,20:00,478.75,479.75,477.75,477.75,87
2014.03.11,15:00,477.50,480.25,476.75,477.50,160
2014.03.11,16:00,478.00,480.75,476.00,480.75,180
2014.03.11,17:00,481.00,481.75,479.00,479.25,155
2014.03.11,18:00,479.50,483.25,479.50,481.00,174
2014.03.11,19:00,481.25,483.75,481.00,481.50,234
2014.03.11,20:00,481.75,484.25,480.75,484.25,78
2014.03.12,15:00,478.00,480.25,477.00,480.00,150
2014.03.12,16:00,480.25,485.50,478.75,484.00,269
2014.03.12,17:00,484.25,486.00,483.00,484.25,202
2014.03.12,18:00,484.50,487.75,484.50,486.25,171
2014.03.12,19:00,486.50,487.25,485.75,486.25,88
2014.03.12,20:00,486.00,488.50,486.00,488.50,35
2014.03.13,15:00,487.75,489.25,485.75,488.75,128
2014.03.13,16:00,489.00,489.75,483.50,483.75,250
2014.03.13,17:00,483.50,485.75,482.50,484.50,147
2014.03.13,18:00,484.25,487.75,483.25,487.25,159
2014.03.13,19:00,487.50,487.75,485.00,486.00,169
2014.03.13,20:00,486.25,487.00,484.50,485.25,95
2014.03.14,15:00,486.00,488.50,484.50,487.00,216
2014.03.14,16:00,486.75,489.50,485.50,488.00,248
2014.03.14,17:00,488.25,488.25,483.50,484.75,159
2014.03.14,18:00,485.00,485.00,481.00,482.25,365
2014.03.14,19:00,482.50,485.00,482.25,484.50,97
2014.03.14,20:00,484.75,488.50,484.75,487.00,78
2014.03.17,15:00,481.00,486.25,480.75,485.25,116
2014.03.17,16:00,485.50,486.00,482.50,485.25,173
2014.03.17,17:00,485.50,486.00,484.50,485.75,150
2014.03.17,18:00,486.00,486.00,483.00,483.00,89
2014.03.17,19:00,483.25,484.25,482.50,483.00,120
2014.03.17,20:00,482.75,484.25,481.25,481.50,44
2014.03.18,15:00,484.00,484.75,483.00,484.25,91
2014.03.18,16:00,484.00,486.75,484.00,485.50,174
2014.03.18,17:00,485.75,486.50,484.25,486.50,160
2014.03.18,18:00,486.75,487.50,485.50,486.50,127
2014.03.18,19:00,486.75,488.25,486.00,488.25,96
2014.03.18,20:00,488.00,488.50,487.00,488.25,44
2014.03.19,15:00,487.00,487.75,484.25,486.00,118
2014.03.19,16:00,485.75,490.50,485.75,489.75,229
2014.03.19,17:00,490.00,491.50,488.25,489.00,193
2014.03.19,18:00,488.75,491.75,487.75,490.50,181
2014.03.19,19:00,490.25,492.25,490.25,490.75,162
2014.03.19,20:00,490.50,491.25,489.00,489.25,88
2014.03.20,15:00,487.50,488.50,485.00,486.25,119
2014.03.20,16:00,486.50,487.50,482.50,483.25,179
2014.03.20,17:00,483.50,484.50,480.50,481.00,192
2014.03.20,18:00,480.75,483.25,480.50,482.75,130
2014.03.20,19:00,483.00,483.00,480.50,481.25,112
2014.03.20,20:00,481.00,481.50,480.75,480.75,46
2014.03.21,15:00,479.75,482.50,479.75,480.50,94
2014.03.21,16:00,480.75,481.75,478.50,478.75,187
2014.03.21,17:00,478.50,480.50,478.25,480.25,132
2014.03.21,18:00,480.50,481.00,479.75,480.75,70
2014.03.21,19:00,480.50,482.50,480.50,481.50,91
2014.03.21,20:00,481.75,482.00,480.00,480.50,106
2014.03.24,15:00,483.00,487.25,483.00,487.00,121
2014.03.24,16:00,487.25,487.75,484.50,486.25,174
2014.03.24,17:00,486.50,488.75,485.50,487.75,167
2014.03.24,18:00,488.00,488.75,487.00,487.75,100
2014.03.24,19:00,488.00,490.00,487.75,488.75,151
2014.03.24,20:00,489.00,490.50,488.75,490.50,52
2014.03.25,15:00,487.00,489.00,486.50,488.25,101
2014.03.25,16:00,488.50,488.75,486.00,487.25,148
2014.03.25,17:00,487.50,489.50,487.25,488.00,167
2014.03.25,18:00,487.75,488.25,486.25,487.00,93
2014.03.25,19:00,486.75,487.75,486.25,487.25,115
2014.03.25,20:00,487.00,489.00,486.75,488.00,52
2014.03.26,15:00,485.25,485.50,484.00,484.50,101
2014.03.26,16:00,484.25,487.25,483.50,487.25,150
2014.03.26,17:00,487.50,488.00,484.50,485.50,134
2014.03.26,18:00,485.25,485.50,484.00,485.50,112
2014.03.26,19:00,485.25,485.50,483.75,484.25,93
2014.03.26,20:00,484.50,486.75,484.00,486.25,58
2014.03.27,15:00,486.50,487.75,486.50,487.25,117
2014.03.27,16:00,487.50,491.50,487.00,491.50,192
2014.03.27,17:00,491.25,491.75,490.00,491.25,206
2014.03.27,18:00,491.00,491.00,489.00,489.50,184
2014.03.27,19:00,489.75,491.50,489.50,491.25,154
2014.03.27,20:00,491.00,491.50,490.50,491.00,64
2014.03.28,15:00,491.75,492.25,489.25,492.25,90
2014.03.28,16:00,492.50,494.50,491.00,492.00,233
2014.03.28,17:00,492.25,493.50,491.50,492.25,156
2014.03.28,18:00,492.00,493.00,491.50,492.75,168
2014.03.28,19:00,492.50,493.25,491.75,492.75,126
2014.03.28,20:00,492.50,493.00,489.50,489.50,68
2014.03.31,16:00,485.75,486.25,482.50,483.25,126
2014.03.31,17:00,483.00,483.25,478.75,479.00,231
2014.03.31,18:00,478.75,481.25,477.25,477.50,248
2014.03.31,19:00,477.75,500.25,477.75,499.00,666
2014.03.31,20:00,499.25,501.50,498.00,501.00,248
2014.03.31,21:00,501.25,502.25,500.25,501.50,69
2014.04.01,16:00,506.00,511.25,505.75,508.25,178
2014.04.01,17:00,508.50,510.25,506.00,509.75,238
2014.04.01,18:00,509.50,510.75,508.50,509.25,182
2014.04.01,19:00,509.50,510.00,508.50,509.25,138
2014.04.01,20:00,509.50,510.50,507.75,508.00,155
2014.04.01,21:00,507.75,508.75,507.00,507.25,79
2014.04.02,16:00,506.00,507.50,504.75,505.25,157
2014.04.02,17:00,505.00,507.00,504.00,504.25,164
2014.04.02,18:00,504.50,504.50,493.25,499.00,260
2014.04.02,19:00,499.25,501.00,498.00,498.00,144
2014.04.02,20:00,498.25,498.50,495.00,495.25,141
2014.04.02,21:00,495.50,498.75,495.25,498.50,55
2014.04.03,16:00,499.00,502.75,499.00,501.75,124
2014.04.03,17:00,501.50,501.75,496.50,498.50,215
2014.04.03,18:00,498.75,500.50,497.25,500.50,139
2014.04.03,19:00,500.75,501.00,499.25,499.75,102
2014.04.03,20:00,500.00,501.00,499.00,500.50,110
2014.04.03,21:00,500.75,503.00,500.75,502.75,60
2014.04.04,16:00,499.50,500.75,497.75,500.00,141
2014.04.04,17:00,499.75,500.75,497.75,498.75,208
2014.04.04,18:00,499.00,500.50,499.00,499.50,53
2014.04.04,19:00,499.75,502.50,499.25,502.00,92
2014.04.04,20:00,502.25,504.00,500.50,503.75,103
2014.04.04,21:00,504.00,506.75,504.00,506.00,56
2014.04.07,16:00,505.00,507.00,503.50,504.75,121
2014.04.07,17:00,505.00,506.25,502.25,504.00,173
2014.04.07,18:00,503.75,504.25,500.00,500.75,96
2014.04.07,19:00,500.50,503.00,500.00,501.25,145
2014.04.07,20:00,501.50,504.50,501.25,504.25,99
2014.04.07,21:00,504.50,505.50,504.00,504.25,66
2014.04.08,16:00,503.00,507.75,502.50,507.50,117
2014.04.08,17:00,507.75,508.75,506.50,507.25,143
2014.04.08,18:00,507.00,508.25,506.75,508.00,96
2014.04.08,19:00,508.25,510.75,507.50,510.00,178
2014.04.08,20:00,510.25,510.50,508.75,510.25,90
2014.04.09,16:00,511.75,511.75,509.50,511.00,94
2014.04.09,17:00,510.75,513.75,510.25,513.00,145
2014.04.09,18:00,512.75,514.25,511.00,513.75,143
2014.04.09,19:00,514.25,519.50,502.75,505.00,606
2014.04.09,20:00,504.75,509.00,504.00,508.50,229
2014.04.09,21:00,508.25,508.50,505.50,506.25,68
2014.04.10,16:00,504.00,505.00,502.25,504.00,113
2014.04.10,17:00,504.25,504.75,502.25,504.25,103
2014.04.10,18:00,504.00,504.00,499.00,501.25,159
2014.04.10,19:00,501.00,506.00,500.75,506.00,97
2014.04.10,20:00,506.25,507.75,505.75,506.00,91
2014.04.10,21:00,506.25,507.00,504.75,506.50,52
2014.04.11,16:00,505.00,506.25,503.50,504.75,143
2014.04.11,17:00,504.50,508.50,504.50,504.75,156
2014.04.11,18:00,505.00,505.75,502.50,503.00,114
2014.04.11,19:00,503.25,504.25,502.50,503.00,115
2014.04.11,20:00,503.25,504.00,502.25,502.25,76
2014.04.11,21:00,502.50,503.00,501.50,501.50,57
2014.04.14,16:00,506.75,506.75,500.50,503.00,119
2014.04.14,17:00,502.75,509.25,502.75,507.00,188
2014.04.14,18:00,506.75,509.00,506.75,508.25,80
2014.04.14,19:00,508.00,508.00,507.25,507.75,50
2014.04.14,20:00,507.50,508.00,506.25,506.75,77
2014.04.14,21:00,506.50,506.75,505.50,506.50,43
2014.04.15,16:00,504.25,504.25,502.50,503.25,89
2014.04.15,17:00,503.00,505.00,502.50,503.75,189
2014.04.15,18:00,503.50,505.50,502.00,505.25,112
2014.04.15,19:00,505.50,509.50,504.00,507.50,266
2014.04.15,20:00,507.75,508.25,504.75,505.50,229
2014.04.15,21:00,505.25,507.00,504.00,506.00,81
2014.04.16,16:00,504.75,506.50,503.75,504.00,111
2014.04.16,17:00,504.25,504.50,500.25,501.00,339
2014.04.16,18:00,500.75,502.25,500.75,501.25,103
2014.04.16,19:00,501.00,501.50,499.50,500.75,155
2014.04.16,20:00,500.50,500.50,498.25,499.50,186
2014.04.16,21:00,499.75,501.00,499.50,500.50,22
2014.04.17,16:00,500.25,500.25,496.25,498.25,128
2014.04.17,17:00,498.50,499.75,497.75,498.00,187
2014.04.17,18:00,497.50,498.00,496.75,497.50,78
2014.04.17,19:00,497.75,498.50,497.00,498.25,98
2014.04.17,20:00,498.00,499.00,496.50,497.00,95
2014.04.17,21:00,496.75,498.25,496.25,497.75,62
2014.04.21,16:00,493.25,494.25,492.75,494.00,102
2014.04.21,17:00,493.75,493.75,489.75,491.00,243
2014.04.21,18:00,490.75,491.00,488.25,488.50,171
2014.04.21,19:00,488.25,490.75,488.25,489.75,141
2014.04.21,20:00,490.00,490.00,488.75,490.00,91
2014.04.21,21:00,490.25,491.25,490.00,491.00,34
2014.04.22,16:00,494.75,497.00,494.75,495.50,116
2014.04.22,17:00,495.25,496.50,493.25,493.50,190
2014.04.22,18:00,493.25,496.75,493.00,496.75,173
2014.04.22,19:00,496.50,499.75,496.00,499.00,142
2014.04.22,20:00,498.75,502.00,498.50,501.00,159
2014.04.22,21:00,500.75,501.00,498.25,498.25,71
2014.04.23,16:00,499.00,500.00,497.75,499.50,141
2014.04.23,17:00,499.75,502.25,498.75,501.75,176
2014.04.23,18:00,502.00,504.75,502.00,504.25,127
2014.04.23,19:00,504.50,506.50,504.50,505.75,168
2014.04.23,20:00,505.50,507.00,504.50,506.25,112
2014.04.23,21:00,506.50,507.25,505.25,506.50,60
2014.04.24,16:00,509.25,509.75,504.25,505.25,103
2014.04.24,17:00,505.50,509.00,505.25,508.50,148
2014.04.24,18:00,508.75,510.75,505.50,506.00,186
2014.04.24,19:00,506.25,507.50,504.25,505.00,138
2014.04.24,20:00,504.75,505.75,502.50,505.00,148
2014.04.24,21:00,504.75,505.25,503.25,505.00,55
2014.04.25,16:00,507.25,508.75,505.25,507.50,106
2014.04.25,17:00,507.25,510.00,507.25,508.25,193
2014.04.25,18:00,508.00,510.25,508.00,510.00,136
2014.04.25,19:00,510.25,513.00,509.50,510.50,139
2014.04.25,20:00,510.25,510.50,508.50,509.50,105
2014.04.25,21:00,509.75,510.50,508.00,508.00,51
2014.04.28,16:00,512.50,513.25,510.00,512.75,174
2014.04.28,17:00,513.00,514.25,509.00,509.00,232
2014.04.28,18:00,508.75,511.75,507.50,508.25,191
2014.04.28,19:00,508.50,512.00,508.00,510.00,133
2014.04.28,20:00,510.25,512.25,509.50,509.75,198
2014.04.28,21:00,509.50,510.25,509.00,509.25,61
2014.04.29,16:00,513.25,514.50,511.50,511.75,133
2014.04.29,17:00,512.00,514.50,511.75,514.00,154
2014.04.29,18:00,514.25,515.25,513.75,514.25,125
2014.04.29,19:00,514.00,515.25,513.75,514.75,124
2014.04.29,20:00,515.00,515.75,514.00,514.75,124
2014.04.29,21:00,514.50,516.00,513.50,515.75,46
2014.04.30,16:00,512.25,512.50,508.75,510.50,151
2014.04.30,17:00,510.25,511.25,508.75,510.00,214
2014.04.30,18:00,509.75,511.75,509.75,510.75,118
2014.04.30,19:00,511.00,512.50,511.00,511.50,96
2014.04.30,20:00,511.25,512.50,510.50,512.50,106
2014.04.30,21:00,512.25,513.25,511.50,512.75,61
2014.05.01,16:00,511.50,511.50,506.25,508.75,138
2014.05.01,17:00,508.50,508.50,501.25,503.75,265
2014.05.01,18:00,504.00,505.25,502.25,505.00,211
2014.05.01,19:00,505.25,507.50,503.00,507.25,178
2014.05.01,20:00,507.00,508.00,501.50,501.50,220
2014.05.01,21:00,501.25,503.25,499.75,503.25,92
2014.05.02,16:00,504.00,504.00,496.75,497.50,129
2014.05.02,17:00,497.75,498.75,495.75,496.50,194
2014.05.02,18:00,496.75,497.50,495.50,496.25,103
2014.05.02,19:00,496.50,496.75,495.25,495.25,82
2014.05.02,20:00,495.50,495.75,494.50,494.50,89
2014.05.02,21:00,494.75,496.50,494.25,495.75,47
2014.05.05,16:00,498.50,500.50,496.00,500.00,143
2014.05.05,17:00,500.25,503.00,499.00,501.50,130
2014.05.05,18:00,501.25,503.25,501.00,502.50,82
2014.05.05,19:00,502.25,503.75,501.00,501.50,104
2014.05.05,20:00,501.75,503.75,501.75,502.75,182
2014.05.05,21:00,503.00,503.50,501.75,503.00,43
2014.05.06,16:00,498.75,501.75,498.00,501.00,135
2014.05.06,17:00,500.75,506.50,500.00,506.00,202
2014.05.06,18:00,506.25,510.50,505.75,510.25,154
2014.05.06,19:00,510.50,511.50,508.50,509.75,149
2014.05.06,20:00,510.00,513.25,509.25,512.00,147
2014.05.06,21:00,512.25,512.75,511.50,512.50,40
2014.05.07,16:00,509.00,511.25,507.00,508.00,140
2014.05.07,17:00,508.25,513.00,507.25,512.50,256
2014.05.07,18:00,512.75,513.00,508.25,509.00,242
2014.05.07,19:00,508.75,509.50,507.25,508.25,122
2014.05.07,20:00,508.50,508.75,506.75,507.50,106
2014.05.07,21:00,507.25,511.25,507.25,510.75,89
2014.05.08,16:00,505.25,510.50,505.25,510.00,152
2014.05.08,17:00,509.75,512.25,508.25,509.00,223
2014.05.08,18:00,508.75,512.00,508.25,512.00,134
2014.05.08,19:00,512.25,513.00,511.50,511.75,133
2014.05.08,20:00,512.00,513.25,511.75,512.75,92
2014.05.08,21:00,512.50,513.25,512.00,513.00,62
2014.05.09,16:00,511.50,511.50,510.00,511.25,54
2014.05.09,17:00,511.00,513.50,510.50,513.25,104
2014.05.09,18:00,513.50,516.00,513.50,514.50,192
2014.05.09,19:00,516.50,517.25,500.50,504.00,716
2014.05.09,20:00,504.25,504.75,501.75,503.50,191
2014.05.09,21:00,503.25,503.50,501.00,501.25,79
2014.05.12,16:00,498.00,498.25,492.75,493.75,96
2014.05.12,17:00,494.00,494.50,493.00,493.75,119
2014.05.12,18:00,493.50,495.00,493.00,493.75,139
2014.05.12,19:00,493.50,494.25,493.50,494.00,75
2014.05.12,20:00,493.75,494.50,492.75,493.75,87
2014.05.12,21:00,493.50,494.25,493.25,493.25,52
2014.05.13,16:00,495.50,496.25,492.25,494.75,123
2014.05.13,17:00,494.50,496.75,494.00,494.25,129
2014.05.13,18:00,494.00,495.00,493.25,494.00,98
2014.05.13,19:00,494.25,495.50,493.75,494.50,58
2014.05.13,20:00,494.75,495.75,494.25,495.00,62
2014.05.13,21:00,494.75,496.75,494.75,495.50,44
2014.05.14,16:00,496.00,496.00,491.50,492.75,98
2014.05.14,17:00,492.25,493.75,491.50,493.75,99
2014.05.14,18:00,494.00,494.00,491.00,492.50,90
2014.05.14,19:00,492.25,493.25,492.00,493.00,89
2014.05.14,20:00,493.25,493.50,490.50,491.00,112
2014.05.14,21:00,490.75,491.00,490.00,490.00,50
2014.05.15,16:00,488.00,488.25,482.25,483.50,129
2014.05.15,17:00,483.25,483.50,480.50,481.25,186
2014.05.15,18:00,481.00,483.25,481.00,481.75,93
2014.05.15,19:00,481.50,482.50,479.75,479.75,93
2014.05.15,20:00,479.50,481.00,478.25,480.75,92
2014.05.15,21:00,480.50,481.75,480.50,481.00,21
2014.05.16,16:00,479.00,480.75,477.25,477.25,99
2014.05.16,17:00,477.50,478.00,476.50,477.00,85
2014.05.16,18:00,477.25,481.00,476.75,480.00,122
2014.05.16,19:00,479.75,480.00,478.25,479.00,48
2014.05.16,20:00,479.25,479.50,478.50,479.50,73
2014.05.16,21:00,479.75,481.25,479.00,481.25,35
2014.05.19,16:00,478.25,479.50,477.00,478.50,136
2014.05.19,17:00,478.25,479.50,476.00,476.00,141
2014.05.19,18:00,476.25,476.75,475.00,475.50,117
2014.05.19,19:00,475.75,476.75,474.75,474.75,116
2014.05.19,20:00,475.00,475.75,474.00,474.75,64
2014.05.19,21:00,474.50,475.50,474.50,474.75,46
2014.05.20,16:00,477.00,477.50,474.75,477.50,102
2014.05.20,17:00,477.75,478.75,473.50,474.75,167
2014.05.20,18:00,474.50,474.75,472.75,473.25,112
2014.05.20,19:00,473.00,474.25,472.25,474.00,132
2014.05.20,20:00,473.75,474.50,471.75,471.75,117
2014.05.20,21:00,471.50,472.00,471.25,471.75,28
2014.05.21,16:00,472.00,472.75,470.25,472.50,127
2014.05.21,17:00,472.25,473.50,470.75,471.00,158
2014.05.21,18:00,471.25,473.75,470.75,473.75,129
2014.05.21,19:00,473.50,473.50,471.75,473.00,90
2014.05.21,20:00,472.75,473.00,471.50,472.50,106
2014.05.21,21:00,472.75,473.50,471.25,471.25,58
2014.05.22,16:00,478.75,479.50,473.00,473.50,162
2014.05.22,17:00,473.00,476.25,471.50,473.00,234
2014.05.22,18:00,473.25,475.25,472.25,474.50,212
2014.05.22,19:00,474.75,474.75,471.50,471.75,139
2014.05.22,20:00,472.00,473.50,471.25,473.25,80
2014.05.22,21:00,473.50,474.00,472.75,473.50,43
2014.05.23,16:00,475.50,477.00,474.50,474.50,109
2014.05.23,17:00,474.75,475.25,472.50,473.75,133
2014.05.23,18:00,474.00,476.00,473.50,474.00,95
2014.05.23,19:00,474.25,475.00,473.50,474.50,72
2014.05.23,20:00,474.25,475.25,473.50,474.25,105
2014.05.23,21:00,474.50,477.25,474.00,474.25,81
2014.05.26,19:00,476.25,476.25,476.25,476.25,1
2014.05.27,16:00,469.00,470.00,468.00,470.00,86
2014.05.27,17:00,470.25,471.00,467.25,467.25,105
2014.05.27,18:00,467.50,467.75,466.75,466.75,82
2014.05.27,19:00,467.00,468.50,466.75,468.00,71
2014.05.27,20:00,468.25,468.25,466.25,467.00,65
2014.05.27,21:00,466.75,467.50,465.50,466.00,51
2014.05.28,16:00,464.50,465.75,464.00,464.50,79
2014.05.28,17:00,464.75,468.00,464.00,464.25,192
2014.05.28,18:00,464.50,465.00,463.50,465.00,85
2014.05.28,19:00,464.75,467.25,464.75,466.75,81
2014.05.28,20:00,467.00,468.25,466.75,468.25,93
2014.05.28,21:00,468.50,469.00,468.25,469.00,39
2014.05.29,16:00,467.00,467.00,463.25,464.25,94
2014.05.29,17:00,464.00,465.50,463.50,464.50,124
2014.05.29,18:00,464.75,465.00,463.25,463.75,77
2014.05.29,19:00,464.00,464.00,463.25,463.25,20
2014.05.29,20:00,463.50,463.75,462.50,462.50,41
2014.05.29,21:00,462.25,463.75,462.00,463.75,50
2014.05.30,16:00,463.25,465.00,461.50,462.50,112
2014.05.30,17:00,462.25,463.00,460.25,460.75,117
2014.05.30,18:00,460.50,461.00,459.75,460.00,112
2014.05.30,19:00,459.75,460.50,458.00,458.50,51
2014.05.30,20:00,458.25,459.00,457.75,458.75,117
2014.05.30,21:00,459.00,459.25,457.00,457.25,85
2014.06.02,16:00,454.50,454.75,451.75,452.50,87
2014.06.02,17:00,452.25,455.25,452.25,454.75,127
2014.06.02,18:00,455.00,458.75,454.75,458.25,161
2014.06.02,19:00,458.50,460.50,458.50,459.00,107
2014.06.02,20:00,458.75,461.25,458.50,458.75,120
2014.06.02,21:00,458.50,459.75,457.00,458.25,82
2014.06.03,16:00,455.25,457.00,455.00,455.25,84
2014.06.03,17:00,455.50,457.25,455.50,456.00,97
2014.06.03,18:00,455.75,456.00,452.00,452.75,104
2014.06.03,19:00,452.50,453.50,452.50,453.25,81
2014.06.03,20:00,453.50,453.50,452.00,452.50,71
2014.06.03,21:00,452.75,454.25,452.75,452.75,33
2014.06.04,16:00,454.75,455.00,449.75,451.00,93
2014.06.04,17:00,450.75,453.00,450.25,450.50,156
2014.06.04,18:00,450.25,453.00,450.25,451.00,162
2014.06.04,19:00,451.25,452.00,450.00,451.75,69
2014.06.04,20:00,452.00,452.00,451.00,451.50,59
2014.06.04,21:00,451.25,452.50,449.75,452.50,54
2014.06.05,16:00,450.25,450.75,447.25,448.00,107
2014.06.05,17:00,447.75,448.50,446.75,447.25,106
2014.06.05,18:00,447.00,447.00,445.25,445.75,44
2014.06.05,19:00,445.50,445.75,444.25,444.50,35
2014.06.05,20:00,444.75,445.25,443.50,445.25,83
2014.06.05,21:00,445.00,445.25,443.50,444.25,38
2014.06.06,16:00,445.75,451.50,445.00,451.25,127
2014.06.06,17:00,451.50,452.50,449.50,450.50,159
2014.06.06,18:00,450.75,451.25,448.50,449.00,95
2014.06.06,19:00,448.75,453.50,448.50,452.75,154
2014.06.06,20:00,452.50,454.50,452.25,453.00,90
2014.06.06,21:00,452.75,456.75,452.75,455.25,64
2014.06.09,16:00,450.50,450.50,446.00,446.25,80
2014.06.09,17:00,446.00,446.00,442.75,445.00,179
2014.06.09,18:00,445.25,445.25,443.75,444.00,102
2014.06.09,19:00,444.25,447.50,443.50,445.75,134
2014.06.09,20:00,445.50,445.75,443.25,444.25,115
2014.06.09,21:00,444.75,447.75,444.00,447.75,71
2014.06.10,16:00,447.50,448.00,444.75,445.00,84
2014.06.10,17:00,444.75,445.50,442.75,443.75,92
2014.06.10,18:00,443.50,445.25,442.75,442.75,79
2014.06.10,19:00,443.00,443.25,440.50,441.25,48
2014.06.10,20:00,441.00,442.25,441.00,442.00,41
2014.06.10,21:00,442.25,442.50,440.75,440.75,47
2014.06.11,16:00,442.00,443.00,441.75,443.00,63
2014.06.11,17:00,442.75,444.00,442.50,443.75,74
2014.06.11,18:00,443.50,444.25,442.50,443.25,86
2014.06.11,19:00,443.00,443.00,435.75,436.25,297
2014.06.11,20:00,436.00,437.00,434.75,435.50,110
2014.06.11,21:00,435.75,437.75,435.75,437.50,31
2014.06.12,16:00,437.00,438.75,437.00,438.25,52
2014.06.12,17:00,438.50,438.50,434.75,435.50,133
2014.06.12,18:00,435.75,436.00,435.00,436.00,71
2014.06.12,19:00,436.25,439.25,436.25,439.00,78
2014.06.12,20:00,438.75,439.00,436.25,437.25,106
2014.06.12,21:00,437.00,440.75,436.50,440.50,47
2014.06.13,16:00,442.75,444.00,440.75,442.00,113
2014.06.13,17:00,441.75,443.75,441.50,443.75,134
2014.06.13,18:00,444.00,445.00,444.00,444.25,70
2014.06.13,19:00,444.00,444.25,439.75,440.00,111
2014.06.13,20:00,440.25,442.00,440.00,440.75,73
2014.06.13,21:00,440.50,442.75,440.00,442.75,39
2014.06.16,16:00,444.50,444.50,439.00,439.25,111
2014.06.16,17:00,439.00,439.50,436.75,437.50,130
2014.06.16,18:00,437.25,438.50,437.25,437.25,94
2014.06.16,19:00,437.50,437.50,436.50,436.75,68
2014.06.16,20:00,437.00,437.00,435.75,436.50,81
2014.06.16,21:00,436.75,437.00,436.00,436.50,42
2014.06.17,16:00,434.75,435.00,430.75,431.50,89
2014.06.17,17:00,431.75,433.75,431.50,433.50,130
2014.06.17,18:00,433.75,433.75,431.75,432.75,77
2014.06.17,19:00,433.00,433.75,431.75,433.50,84
2014.06.17,20:00,433.75,435.00,433.00,435.00,73
2014.06.17,21:00,435.25,435.50,433.25,434.25,46
2014.06.18,16:00,436.00,437.50,434.25,435.00,113
2014.06.18,17:00,434.75,436.50,434.50,436.00,118
2014.06.18,18:00,436.25,437.50,435.25,436.50,103
2014.06.18,19:00,436.25,436.75,436.00,436.00,68
2014.06.18,20:00,436.25,436.75,435.25,436.25,55
2014.06.18,21:00,435.75,436.50,434.50,434.50,41
2014.06.19,16:00,437.25,440.00,437.25,438.25,109
2014.06.19,17:00,438.50,441.50,438.00,440.50,83
2014.06.19,18:00,440.25,442.50,439.75,441.75,81
2014.06.19,19:00,442.00,442.25,440.75,441.25,44
2014.06.19,20:00,441.00,443.25,440.75,442.75,36
2014.06.19,21:00,443.00,444.00,442.25,443.50,51
2014.06.20,16:00,441.50,444.00,440.25,443.25,99
2014.06.20,17:00,443.50,447.25,443.25,447.00,101
2014.06.20,18:00,447.25,447.25,446.25,446.50,54
2014.06.20,19:00,446.75,446.75,445.25,446.25,31
2014.06.20,20:00,446.00,447.00,445.50,446.50,41
2014.06.20,21:00,446.75,448.00,446.50,448.00,37
2014.06.23,16:00,447.75,447.75,442.50,444.50,106
2014.06.23,17:00,444.25,444.50,438.75,440.75,157
2014.06.23,18:00,440.50,441.00,439.25,440.25,87
2014.06.23,19:00,440.50,441.00,440.25,440.50,33
2014.06.23,20:00,440.75,440.75,439.00,439.50,42
2014.06.23,21:00,439.75,439.75,438.25,438.25,34
2014.06.24,16:00,436.25,436.75,433.00,433.75,114
2014.06.24,17:00,434.00,435.00,433.25,434.25,94
2014.06.24,18:00,434.00,434.75,433.50,433.75,55
2014.06.24,19:00,434.00,435.25,433.75,435.25,84
2014.06.24,20:00,435.00,436.00,434.75,435.75,85
2014.06.24,21:00,436.00,436.50,435.75,436.50,25
2014.06.25,16:00,434.25,434.75,433.75,434.75,45
2014.06.25,17:00,434.50,435.00,433.75,434.75,70
2014.06.25,18:00,435.00,436.25,434.75,435.00,55
2014.06.25,19:00,434.75,435.50,434.25,435.00,30
2014.06.25,20:00,434.75,435.25,434.25,434.25,47
2014.06.25,21:00,434.50,435.75,434.25,435.50,37
2014.06.26,16:00,437.25,437.50,435.25,436.75,106
2014.06.26,17:00,437.00,439.50,436.25,438.75,159
2014.06.26,18:00,438.50,439.00,438.00,438.75,40
2014.06.26,19:00,439.00,440.50,439.00,440.25,40
2014.06.26,20:00,440.50,441.75,439.75,440.25,100
2014.06.26,21:00,440.50,440.75,437.75,438.00,62
2014.06.27,16:00,436.75,439.50,436.50,438.75,118
2014.06.27,17:00,438.50,441.00,438.50,439.75,181
2014.06.27,18:00,440.00,440.50,439.00,440.00,143
2014.06.27,19:00,440.25,440.25,439.00,440.00,104
2014.06.27,20:00,439.75,442.00,439.75,440.75,151
2014.06.27,21:00,441.00,442.00,440.25,441.50,69
2014.06.30,16:00,437.50,437.50,435.25,435.50,100
2014.06.30,17:00,435.25,437.00,435.25,436.50,136
2014.06.30,18:00,436.25,439.25,436.00,439.00,108
2014.06.30,19:00,427.50,432.25,420.75,422.75,848
2014.06.30,20:00,422.50,423.00,418.75,419.25,241
2014.06.30,21:00,419.50,420.00,416.75,416.75,47
2014.07.01,16:00,413.50,413.75,410.00,412.50,161
2014.07.01,17:00,412.75,413.00,411.00,412.00,141
2014.07.01,18:00,412.25,412.25,411.00,412.25,98
2014.07.01,19:00,412.00,413.50,412.00,413.25,79
2014.07.01,20:00,413.50,414.50,413.25,414.00,49
2014.07.01,21:00,414.25,416.25,414.25,415.75,55
2014.07.02,16:00,414.25,414.25,411.25,411.50,110
2014.07.02,17:00,411.75,411.75,409.75,411.00,98
2014.07.02,18:00,410.75,411.00,410.25,410.25,71
2014.07.02,19:00,410.50,411.50,410.50,411.50,41
2014.07.02,20:00,411.25,411.75,411.25,411.75,25
2014.07.02,21:00,412.00,412.50,411.25,412.50,37
2014.07.03,16:00,412.75,413.00,409.75,410.75,100
2014.07.03,17:00,411.00,411.50,410.75,411.25,74
2014.07.03,18:00,411.00,411.50,410.75,411.00,57
2014.07.03,19:00,410.75,411.25,408.75,409.25,76
2014.07.03,20:00,409.00,410.00,408.75,408.75,3
2014.07.07,16:00,405.50,405.50,401.25,401.25,151
2014.07.07,17:00,401.50,402.00,399.50,399.50,99
2014.07.07,18:00,399.25,399.75,396.75,397.25,81
2014.07.07,19:00,397.50,398.50,396.75,398.50,61
2014.07.07,20:00,398.75,402.00,398.75,401.00,86
2014.07.07,21:00,400.75,402.00,399.75,401.50,54
2014.07.08,16:00,400.75,401.50,399.25,400.25,129
2014.07.08,17:00,400.00,400.25,397.00,398.00,137
2014.07.08,18:00,397.75,398.50,397.25,398.25,125
2014.07.08,19:00,398.50,398.75,397.75,397.75,44
2014.07.08,20:00,397.50,397.75,396.50,397.25,98
2014.07.08,21:00,397.50,398.50,397.25,398.25,54
2014.07.09,16:00,395.50,395.75,395.00,395.00,43
2014.07.09,17:00,395.25,395.25,392.00,392.50,130
2014.07.09,18:00,392.75,393.00,390.00,390.00,139
2014.07.09,19:00,389.75,390.75,388.25,388.25,77
2014.07.09,20:00,388.50,390.00,388.25,389.75,62
2014.07.09,21:00,389.50,391.25,389.50,390.50,43
2014.07.10,16:00,391.75,391.75,389.25,389.25,61
2014.07.10,17:00,389.00,389.75,386.25,386.25,92
2014.07.10,18:00,386.00,386.75,385.00,385.00,97
2014.07.10,19:00,385.25,386.50,385.00,385.25,75
2014.07.10,20:00,385.50,386.75,385.50,386.00,62
2014.07.10,21:00,386.25,386.50,385.25,385.50,25
2014.07.11,16:00,387.25,387.75,383.25,383.50,107
2014.07.11,17:00,383.75,384.50,380.75,382.25,187
2014.07.11,18:00,382.50,383.25,381.25,381.75,121
2014.07.11,19:00,381.50,381.50,375.50,377.00,524
2014.07.11,20:00,377.25,378.75,376.75,378.25,118
2014.07.11,21:00,378.00,379.25,376.75,376.75,102
2014.07.14,16:00,375.75,379.00,375.00,376.75,158
2014.07.14,17:00,377.00,379.25,376.25,378.75,158
2014.07.14,18:00,378.50,378.75,376.75,378.25,110
2014.07.14,19:00,378.50,380.50,377.50,379.25,131
2014.07.14,20:00,379.50,382.50,379.50,380.75,172
2014.07.14,21:00,380.50,381.75,379.75,381.25,63
2014.07.15,16:00,377.00,377.00,373.50,374.25,162
2014.07.15,17:00,374.50,375.00,370.75,371.50,167
2014.07.15,18:00,371.75,374.25,371.50,373.50,108
2014.07.15,19:00,373.25,377.25,371.75,376.50,118
2014.07.15,20:00,376.75,376.75,373.25,374.25,222
2014.07.15,21:00,374.00,374.75,373.25,374.00,53
2014.07.16,16:00,380.50,384.25,379.75,380.25,292
2014.07.16,17:00,380.50,381.00,377.75,378.50,117
2014.07.16,18:00,378.25,379.00,377.75,378.00,76
2014.07.16,19:00,377.75,378.75,377.25,377.25,55
2014.07.16,20:00,377.50,377.50,375.50,376.00,91
2014.07.16,21:00,376.25,378.25,376.25,378.00,55
2014.07.17,16:00,376.50,380.50,376.50,379.25,185
2014.07.17,17:00,379.50,380.00,375.75,376.25,150
2014.07.17,18:00,376.50,384.00,375.25,383.25,321
2014.07.17,19:00,383.50,387.25,378.00,378.25,332
2014.07.17,20:00,378.50,379.50,377.00,379.25,122
2014.07.17,21:00,379.50,380.00,378.50,379.00,77
2014.07.18,16:00,378.50,379.25,375.75,376.50,119
2014.07.18,17:00,376.75,378.00,376.00,376.00,115
2014.07.18,18:00,375.75,376.00,374.75,375.25,43
2014.07.18,19:00,375.50,375.50,373.00,373.25,52
2014.07.18,20:00,373.00,373.25,370.75,371.50,123
2014.07.18,21:00,371.25,371.50,370.50,370.50,32
2014.07.21,16:00,365.50,365.50,363.00,363.25,170
2014.07.21,17:00,363.00,366.50,363.00,366.00,158
2014.07.21,18:00,365.75,365.75,363.50,364.00,129
2014.07.21,19:00,364.25,364.25,362.50,362.75,63
2014.07.21,20:00,363.00,365.25,362.75,364.00,64
2014.07.21,21:00,364.25,364.75,363.75,363.75,33
2014.07.22,16:00,365.75,366.50,364.25,365.50,72
2014.07.22,17:00,365.25,366.00,362.25,362.25,87
2014.07.22,18:00,362.50,362.75,360.75,361.25,119
2014.07.22,19:00,361.00,361.75,360.75,361.50,21
2014.07.22,20:00,361.25,361.50,360.50,360.75,65
2014.07.22,21:00,360.50,360.75,359.75,359.75,14
2014.07.23,16:00,360.50,361.25,357.25,357.75,134
2014.07.23,17:00,357.50,360.25,357.50,359.25,156
2014.07.23,18:00,359.00,359.50,357.75,358.50,111
2014.07.23,19:00,358.25,359.50,358.00,359.25,65
2014.07.23,20:00,359.50,362.50,359.25,361.75,94
2014.07.23,21:00,362.00,363.00,361.00,362.00,63
2014.07.24,16:00,367.25,368.25,363.00,363.25,153
2014.07.24,17:00,363.50,363.50,356.25,357.00,289
2014.07.24,18:00,357.25,361.50,357.25,361.50,175
2014.07.24,19:00,361.75,362.75,359.75,361.00,116
2014.07.24,20:00,360.75,361.00,359.75,360.00,38
2014.07.24,21:00,360.25,361.50,360.25,361.00,26
2014.07.25,16:00,358.50,359.25,356.75,358.50,118
2014.07.25,17:00,358.75,359.00,357.00,357.75,146
2014.07.25,18:00,357.50,359.75,357.50,359.75,82
2014.07.25,19:00,360.00,360.50,359.75,360.50,85
2014.07.25,20:00,360.25,362.25,360.25,362.25,146
2014.07.25,21:00,362.00,363.00,361.75,362.75,83
2014.07.28,16:00,365.75,366.00,363.50,365.00,139
2014.07.28,17:00,365.25,366.50,365.00,366.00,84
2014.07.28,18:00,365.75,366.50,364.50,365.25,206
2014.07.28,19:00,365.00,366.75,365.00,366.50,111
2014.07.28,20:00,366.75,368.75,366.50,367.75,77
2014.07.28,21:00,368.00,368.50,366.75,367.25,24
2014.07.29,16:00,365.00,365.00,361.00,361.75,151
2014.07.29,17:00,362.00,362.00,360.00,361.00,121
2014.07.29,18:00,360.75,362.00,360.00,361.75,137
2014.07.29,19:00,361.50,361.75,358.25,358.50,105
2014.07.29,20:00,358.75,361.25,358.50,360.75,129
2014.07.29,21:00,361.00,361.50,360.25,361.50,59
2014.07.30,16:00,359.00,359.50,357.50,359.00,94
2014.07.30,17:00,358.75,363.75,358.75,363.25,217
2014.07.30,18:00,363.00,363.75,359.00,360.00,129
2014.07.30,19:00,360.25,361.75,359.25,360.25,153
2014.07.30,20:00,360.00,361.00,359.75,360.00,51
2014.07.30,21:00,360.25,362.00,359.75,361.50,36
2014.07.31,16:00,359.50,361.00,358.50,359.00,133
2014.07.31,17:00,359.25,360.00,358.50,358.50,70
2014.07.31,18:00,358.25,358.25,357.50,357.75,69
2014.07.31,19:00,357.50,357.75,356.75,357.00,63
2014.07.31,20:00,357.25,358.00,357.25,357.50,99
2014.07.31,21:00,357.25,357.50,356.50,356.75,71
2014.08.01,16:00,355.00,355.50,353.75,354.50,131
2014.08.01,17:00,354.75,355.50,354.25,354.75,149
2014.08.01,18:00,355.00,357.50,354.25,354.25,114
2014.08.01,19:00,354.00,354.75,352.75,353.25,139
2014.08.01,20:00,353.50,354.25,353.25,353.25,70
2014.08.01,21:00,353.00,353.25,351.25,351.50,81
2014.08.04,16:00,356.00,357.50,354.50,357.00,132
2014.08.04,17:00,357.25,360.75,356.00,356.75,244
2014.08.04,18:00,357.00,357.25,355.00,355.50,171
2014.08.04,19:00,355.25,356.00,354.50,356.00,86
2014.08.04,20:00,356.25,359.25,356.00,359.00,118
2014.08.04,21:00,359.25,359.25,358.00,358.75,36
2014.08.05,16:00,354.25,354.75,352.75,354.25,143
2014.08.05,17:00,354.00,356.00,354.00,354.50,172
2014.08.05,18:00,354.75,355.00,353.75,354.50,134
2014.08.05,19:00,354.75,355.50,354.75,354.75,147
2014.08.05,20:00,355.00,355.50,354.25,354.75,100
2014.08.05,21:00,355.00,356.25,355.00,355.50,85
2014.08.06,16:00,356.00,358.50,355.75,358.25,118
2014.08.06,17:00,358.50,361.25,358.00,360.50,232
2014.08.06,18:00,360.75,363.50,360.50,363.25,227
2014.08.06,19:00,363.50,363.50,360.00,360.50,136
2014.08.06,20:00,360.25,362.75,360.25,361.25,131
2014.08.06,21:00,361.00,363.25,361.00,362.75,58
2014.08.07,16:00,359.75,360.00,357.00,359.00,141
2014.08.07,17:00,359.25,359.25,355.50,355.75,175
2014.08.07,18:00,355.50,358.00,355.50,357.50,167
2014.08.07,19:00,357.75,358.75,357.25,357.50,106
2014.08.07,20:00,357.25,357.50,357.00,357.25,47
2014.08.07,21:00,357.50,359.50,357.50,358.75,51
2014.08.08,16:00,356.75,358.25,356.50,356.50,102
2014.08.08,17:00,356.75,356.75,354.25,355.25,117
2014.08.08,18:00,355.00,355.25,352.75,353.50,156
2014.08.08,19:00,353.25,353.25,352.25,352.50,70
2014.08.08,20:00,352.75,352.75,351.25,351.75,45
2014.08.08,21:00,352.00,352.25,351.00,352.25,57
2014.08.11,16:00,352.75,354.25,352.25,353.50,136
2014.08.11,17:00,353.25,357.25,353.25,356.50,221
2014.08.11,18:00,356.75,357.25,353.75,355.75,257
2014.08.11,19:00,356.00,356.50,354.75,355.75,134
2014.08.11,20:00,356.00,356.50,355.00,355.50,109
2014.08.11,21:00,355.75,356.50,355.25,356.50,48
2014.08.12,16:00,354.75,354.75,351.75,352.75,158
2014.08.12,17:00,353.00,353.00,350.50,350.50,148
2014.08.12,18:00,350.25,352.00,349.50,351.00,158
2014.08.12,19:00,357.00,357.50,347.75,356.50,573
2014.08.12,20:00,356.75,361.50,356.25,360.50,205
2014.08.12,21:00,360.75,361.50,357.75,358.00,163
2014.08.13,16:00,359.50,360.50,356.50,356.75,196
2014.08.13,17:00,356.25,356.50,354.25,355.25,227
2014.08.13,18:00,355.50,356.50,354.50,356.50,119
2014.08.13,19:00,356.75,358.25,356.50,357.25,119
2014.08.13,20:00,357.50,359.00,356.50,356.75,116
2014.08.13,21:00,357.00,358.75,357.00,357.50,64
2014.08.14,16:00,357.25,360.25,357.00,359.75,211
2014.08.14,17:00,360.00,362.25,359.75,361.25,248
2014.08.14,18:00,361.50,362.00,359.50,359.50,188
2014.08.14,19:00,359.75,360.00,359.25,359.50,137
2014.08.14,20:00,359.75,362.50,359.75,361.75,115
2014.08.14,21:00,362.00,362.25,361.50,362.00,63
2014.08.15,16:00,366.25,366.75,364.25,365.50,175
2014.08.15,17:00,365.75,367.50,364.75,367.50,393
2014.08.15,18:00,367.25,367.50,364.25,365.75,343
2014.08.15,19:00,365.50,366.00,363.50,363.50,214
2014.08.15,20:00,363.75,366.00,363.50,366.00,171
2014.08.15,21:00,365.75,366.00,364.50,365.25,56
2014.08.18,16:00,367.75,369.25,366.00,367.25,170
2014.08.18,17:00,367.00,369.50,362.50,364.25,238
2014.08.18,18:00,364.00,364.00,361.00,361.75,192
2014.08.18,19:00,362.00,363.00,361.50,362.00,166
2014.08.18,20:00,362.25,362.25,360.25,360.50,136
2014.08.18,21:00,360.75,361.00,359.50,359.75,49
2014.08.19,16:00,357.75,360.75,357.75,360.00,184
2014.08.19,17:00,359.75,361.00,358.75,359.75,198
2014.08.19,18:00,359.50,361.00,358.50,360.25,209
2014.08.19,19:00,360.50,361.50,359.75,361.00,144
2014.08.19,20:00,361.25,361.25,360.25,361.00,89
2014.08.19,21:00,361.25,362.75,361.25,362.00,127
2014.08.20,16:00,359.00,359.25,356.25,356.25,133
2014.08.20,17:00,356.50,358.25,356.00,357.75,151
2014.08.20,18:00,357.50,358.00,357.25,357.25,115
2014.08.20,19:00,357.00,358.00,357.00,357.50,43
2014.08.20,20:00,357.25,358.50,357.25,358.25,55
2014.08.20,21:00,358.50,359.50,358.25,359.50,77
2014.08.21,16:00,360.00,362.50,359.75,360.50,280
2014.08.21,17:00,360.25,364.50,360.25,364.00,179
2014.08.21,18:00,364.25,365.50,361.75,362.00,181
2014.08.21,19:00,362.25,362.75,361.00,361.25,110
2014.08.21,20:00,361.50,363.00,360.75,363.00,58
2014.08.21,21:00,362.75,363.00,361.75,361.75,37
2014.08.22,16:00,363.25,366.00,363.00,364.75,127
2014.08.22,17:00,364.50,366.50,364.50,365.00,131
2014.08.22,18:00,365.25,365.75,363.25,363.50,98
2014.08.22,19:00,363.25,365.00,363.25,364.50,50
2014.08.22,20:00,364.75,366.50,364.50,365.75,87
2014.08.22,21:00,365.50,366.00,364.25,365.50,58
