2014.04.11,19:00,98.67,98.86,98.61,98.76,387
2014.04.11,20:00,98.74,98.78,98.57,98.70,385
2014.04.11,21:00,98.69,98.70,98.25,98.31,497
2014.04.11,22:00,98.29,98.35,98.12,98.12,173
2014.04.11,23:00,98.13,98.18,98.07,98.12,77
2014.04.14,03:00,98.78,99.04,98.77,98.96,130
2014.04.14,04:00,98.95,99.05,98.93,99.03,73
2014.04.14,05:00,99.04,99.06,98.98,99.01,71
2014.04.14,06:00,99.00,99.09,99.00,99.03,59
2014.04.14,07:00,99.04,99.04,99.00,99.01,11
2014.04.14,08:00,99.00,99.04,98.96,98.96,36
2014.04.14,09:00,98.95,99.13,98.89,99.10,87
2014.04.14,10:00,99.13,99.27,99.05,99.08,174
2014.04.14,11:00,99.09,99.15,98.89,98.96,185
2014.04.14,12:00,98.97,98.98,98.27,98.27,278
2014.04.14,13:00,98.29,98.53,98.18,98.47,208
2014.04.14,14:00,98.44,98.56,98.38,98.40,309
2014.04.14,15:00,98.41,98.73,98.35,98.65,444
2014.04.14,16:00,98.66,98.73,98.45,98.64,623
2014.04.14,17:00,98.65,98.94,98.63,98.82,586
2014.04.14,18:00,98.83,98.91,98.73,98.88,476
2014.04.14,19:00,98.89,99.22,98.81,99.01,519
2014.04.14,20:00,99.00,99.18,98.92,99.10,370
2014.04.14,21:00,99.11,99.18,98.84,98.88,545
2014.04.14,22:00,98.87,98.95,98.82,98.89,181
2014.04.14,23:00,98.88,98.98,98.86,98.96,85
2014.04.15,00:00,98.97,98.98,98.93,98.96,37
2014.04.15,03:00,98.84,98.87,98.71,98.84,74
2014.04.15,04:00,98.82,98.91,98.77,98.79,61
2014.04.15,05:00,98.80,98.81,98.60,98.66,49
2014.04.15,06:00,98.64,98.64,98.58,98.59,27
2014.04.15,07:00,98.58,98.67,98.58,98.66,36
2014.04.15,08:00,98.65,98.72,98.59,98.68,64
2014.04.15,09:00,98.69,98.73,98.59,98.59,70
2014.04.15,10:00,98.60,98.71,98.50,98.58,221
2014.04.15,11:00,98.59,98.66,98.43,98.58,211
2014.04.15,12:00,98.56,98.70,98.52,98.65,191
2014.04.15,13:00,98.63,98.65,98.47,98.54,151
2014.04.15,14:00,98.53,98.61,98.44,98.53,188
2014.04.15,15:00,98.54,98.58,98.43,98.51,399
2014.04.15,16:00,98.50,98.95,98.48,98.88,644
2014.04.15,17:00,98.91,99.19,98.91,99.08,540
2014.04.15,18:00,99.07,99.12,98.81,98.95,627
2014.04.15,19:00,98.96,99.04,98.81,98.99,430
2014.04.15,20:00,99.00,99.15,98.97,99.01,344
2014.04.15,21:00,99.02,99.20,98.68,98.83,470
2014.04.15,22:00,98.84,98.87,98.74,98.80,166
2014.04.15,23:00,98.81,99.02,98.75,99.00,116
2014.04.16,00:00,98.99,99.12,98.98,99.03,29
2014.04.16,03:00,99.07,99.10,98.97,98.97,86
2014.04.16,04:00,99.00,99.07,98.97,99.00,54
2014.04.16,05:00,99.01,99.07,98.95,98.95,67
2014.04.16,06:00,98.97,99.06,98.94,99.01,52
2014.04.16,07:00,99.02,99.03,99.00,99.02,7
2014.04.16,08:00,99.01,99.02,98.95,98.99,49
2014.04.16,09:00,99.00,99.15,99.00,99.03,113
2014.04.16,10:00,99.04,99.43,99.02,99.41,205
2014.04.16,11:00,99.43,99.80,99.40,99.69,270
2014.04.16,12:00,99.70,99.75,99.60,99.68,113
2014.04.16,13:00,99.66,99.84,99.64,99.73,143
2014.04.16,14:00,99.75,99.79,99.70,99.71,138
2014.04.16,15:00,99.70,99.78,99.59,99.67,246
2014.04.16,16:00,99.66,99.80,99.53,99.68,618
2014.04.16,17:00,99.69,99.77,99.31,99.39,757
2014.04.16,18:00,99.40,99.55,98.64,98.89,937
2014.04.16,19:00,98.88,99.06,98.79,99.05,502
2014.04.16,20:00,99.04,99.31,99.03,99.21,392
2014.04.16,21:00,99.19,99.29,99.04,99.17,438
2014.04.16,22:00,99.18,99.23,99.11,99.16,111
2014.04.16,23:00,99.15,99.25,99.06,99.12,105
2014.04.17,00:00,99.15,99.33,99.10,99.27,38
2014.04.17,03:00,99.19,99.32,99.18,99.30,68
2014.04.17,04:00,99.32,99.42,99.27,99.27,123
2014.04.17,05:00,99.26,99.29,99.17,99.19,33
2014.04.17,06:00,99.17,99.21,99.06,99.07,122
2014.04.17,07:00,99.08,99.14,99.06,99.09,109
2014.04.17,08:00,99.10,99.23,99.10,99.22,113
2014.04.17,09:00,99.24,99.38,99.19,99.27,159
2014.04.17,10:00,99.26,99.43,99.20,99.26,188
2014.04.17,11:00,99.27,99.35,98.90,99.06,263
2014.04.17,12:00,99.05,99.14,98.94,99.11,120
2014.04.17,13:00,99.13,99.40,99.13,99.26,129
2014.04.17,14:00,99.24,99.28,98.82,99.02,307
2014.04.17,15:00,99.00,99.23,98.98,99.18,385
2014.04.17,16:00,99.20,99.25,99.05,99.16,584
2014.04.17,17:00,99.17,99.68,99.16,99.59,1019
2014.04.17,18:00,99.61,99.81,99.47,99.69,741
2014.04.17,19:00,99.67,99.72,99.02,99.12,844
2014.04.17,20:00,99.11,99.35,99.05,99.27,547
2014.04.17,21:00,99.28,99.42,99.16,99.33,519
2014.04.17,22:00,99.34,99.55,99.33,99.44,152
2014.04.17,23:00,99.43,99.55,99.38,99.55,88
2014.04.18,00:00,99.54,99.57,99.51,99.55,32
2014.04.21,03:00,99.25,99.26,99.11,99.14,50
2014.04.21,04:00,99.15,99.16,98.93,99.08,62
2014.04.21,05:00,99.07,99.08,98.99,99.05,69
2014.04.21,06:00,99.04,99.09,99.00,99.06,32
2014.04.21,07:00,99.05,99.11,99.04,99.09,87
2014.04.21,08:00,99.08,99.14,99.07,99.11,37
2014.04.21,09:00,99.10,99.12,99.06,99.10,27
2014.04.21,10:00,99.11,99.13,99.07,99.12,43
2014.04.21,11:00,99.10,99.13,99.05,99.06,84
2014.04.21,12:00,99.05,99.05,98.84,99.03,107
2014.04.21,13:00,99.02,99.07,98.99,99.06,48
2014.04.21,14:00,99.04,99.17,99.02,99.15,56
2014.04.21,15:00,99.14,99.31,98.97,99.18,300
2014.04.21,16:00,99.19,99.52,99.10,99.48,531
2014.04.21,17:00,99.49,99.62,99.36,99.52,590
2014.04.21,18:00,99.51,99.57,99.40,99.44,327
2014.04.21,19:00,99.45,99.56,99.21,99.33,341
2014.04.21,20:00,99.35,99.46,99.25,99.38,415
2014.04.21,21:00,99.37,99.66,99.34,99.61,464
2014.04.21,22:00,99.59,99.63,99.56,99.60,96
2014.04.21,23:00,99.61,99.65,99.58,99.65,67
2014.04.22,00:00,99.64,99.66,99.59,99.62,10
2014.04.22,03:00,99.54,99.64,99.54,99.58,44
2014.04.22,04:00,99.59,99.65,99.53,99.56,62
2014.04.22,05:00,99.58,99.65,99.55,99.55,80
2014.04.22,06:00,99.56,99.62,99.56,99.61,24
2014.04.22,07:00,99.62,99.63,99.48,99.48,62
2014.04.22,08:00,99.49,99.53,99.44,99.48,76
2014.04.22,09:00,99.47,99.54,99.45,99.49,66
2014.04.22,10:00,99.51,99.62,99.40,99.42,202
2014.04.22,11:00,99.41,99.45,99.16,99.22,197
2014.04.22,12:00,99.20,99.34,99.17,99.25,162
2014.04.22,13:00,99.24,99.36,99.22,99.30,105
2014.04.22,14:00,99.29,99.35,99.23,99.25,69
2014.04.22,15:00,99.22,99.31,98.66,98.79,415
2014.04.22,16:00,98.80,98.97,98.39,98.53,931
2014.04.22,17:00,98.52,98.74,98.32,98.41,766
2014.04.22,18:00,98.38,98.42,98.00,98.28,820
2014.04.22,19:00,98.29,98.44,98.12,98.29,422
2014.04.22,20:00,98.31,98.49,98.19,98.49,421
2014.04.22,21:00,98.48,98.65,98.39,98.49,588
2014.04.22,22:00,98.50,98.53,98.42,98.51,158
2014.04.22,23:00,98.50,98.65,98.47,98.51,166
2014.04.23,00:00,98.52,98.54,98.49,98.54,24
2014.04.23,03:00,98.59,98.61,98.45,98.49,48
2014.04.23,04:00,98.48,98.54,98.47,98.51,67
2014.04.23,05:00,98.52,98.52,98.37,98.37,41
2014.04.23,06:00,98.36,98.38,98.21,98.22,96
2014.04.23,07:00,98.23,98.33,98.22,98.25,73
2014.04.23,08:00,98.26,98.29,98.22,98.24,83
2014.04.23,09:00,98.25,98.42,98.23,98.24,102
2014.04.23,10:00,98.25,98.48,98.25,98.38,179
2014.04.23,11:00,98.37,98.39,98.12,98.19,322
2014.04.23,12:00,98.20,98.28,98.14,98.22,203
2014.04.23,13:00,98.23,98.38,98.20,98.31,100
2014.04.23,14:00,98.32,98.48,98.31,98.42,93
2014.04.23,15:00,98.41,98.49,98.34,98.39,229
2014.04.23,16:00,98.40,98.75,98.40,98.69,488
2014.04.23,17:00,98.68,98.69,98.13,98.38,878
2014.04.23,18:00,98.39,98.60,98.28,98.34,849
2014.04.23,19:00,98.33,98.68,98.27,98.63,425
2014.04.23,20:00,98.64,98.67,98.38,98.41,381
2014.04.23,21:00,98.40,98.50,98.28,98.41,550
2014.04.23,22:00,98.42,98.42,98.21,98.29,143
2014.04.23,23:00,98.28,98.39,98.26,98.37,72
2014.04.24,00:00,98.36,98.46,98.11,98.17,30
2014.04.24,03:00,98.43,98.48,98.41,98.48,38
2014.04.24,04:00,98.49,98.56,98.49,98.52,29
2014.04.24,05:00,98.53,98.53,98.45,98.49,32
2014.04.24,06:00,98.48,98.50,98.45,98.50,21
2014.04.24,07:00,98.52,98.55,98.48,98.52,26
2014.04.24,08:00,98.55,98.57,98.45,98.46,48
2014.04.24,09:00,98.47,98.63,98.44,98.56,133
2014.04.24,10:00,98.55,98.60,98.44,98.50,126
2014.04.24,11:00,98.49,98.58,98.43,98.46,216
2014.04.24,12:00,98.44,98.59,98.39,98.57,139
2014.04.24,13:00,98.56,98.73,98.48,98.68,147
2014.04.24,14:00,98.67,98.75,98.57,98.63,118
2014.04.24,15:00,98.62,98.72,98.36,98.50,338
2014.04.24,16:00,98.51,98.97,98.50,98.73,971
2014.04.24,17:00,98.74,98.87,98.64,98.72,652
2014.04.24,18:00,98.74,99.07,98.74,98.90,834
2014.04.24,19:00,98.91,98.96,98.67,98.90,450
2014.04.24,20:00,98.89,99.04,98.70,98.72,608
2014.04.24,21:00,98.70,98.87,98.67,98.75,488
2014.04.24,22:00,98.74,98.85,98.73,98.80,112
2014.04.24,23:00,98.81,98.86,98.73,98.74,42
2014.04.25,00:00,98.76,98.87,98.73,98.79,18
2014.04.25,03:00,98.76,98.93,98.73,98.93,44
2014.04.25,04:00,98.91,98.94,98.81,98.85,63
2014.04.25,05:00,98.86,98.93,98.85,98.87,37
2014.04.25,06:00,98.85,98.88,98.84,98.88,23
2014.04.25,07:00,98.89,98.90,98.83,98.86,91
2014.04.25,08:00,98.87,98.87,98.80,98.80,27
2014.04.25,09:00,98.78,98.78,98.51,98.51,102
2014.04.25,10:00,98.53,98.54,98.38,98.41,203
2014.04.25,11:00,98.40,98.48,98.11,98.21,299
2014.04.25,12:00,98.20,98.22,98.14,98.21,70
2014.04.25,13:00,98.22,98.38,98.22,98.31,102
2014.04.25,14:00,98.32,98.37,98.12,98.27,167
2014.04.25,15:00,98.26,98.60,98.22,98.26,520
2014.04.25,16:00,98.27,98.28,97.47,97.65,908
2014.04.25,17:00,97.63,97.89,97.55,97.81,893
2014.04.25,18:00,97.82,97.82,97.56,97.66,599
2014.04.25,19:00,97.67,97.83,97.60,97.70,376
2014.04.25,20:00,97.71,97.73,97.56,97.72,248
2014.04.25,21:00,97.71,97.73,97.47,97.52,372
2014.04.25,22:00,97.51,97.59,97.48,97.57,119
2014.04.25,23:00,97.56,97.63,97.56,97.59,57
2014.04.28,03:00,97.78,97.87,97.75,97.86,97
2014.04.28,04:00,97.87,97.95,97.84,97.88,69
2014.04.28,05:00,97.87,97.88,97.81,97.84,26
2014.04.28,06:00,97.83,97.99,97.83,97.95,50
2014.04.28,07:00,97.97,98.02,97.93,98.01,23
2014.04.28,08:00,98.00,98.01,97.91,97.95,43
2014.04.28,09:00,97.93,98.22,97.88,98.13,130
2014.04.28,10:00,98.14,98.23,98.06,98.11,118
2014.04.28,11:00,98.12,98.18,98.03,98.04,142
2014.04.28,12:00,98.06,98.08,97.89,97.96,103
2014.04.28,13:00,97.93,98.07,97.91,98.07,60
2014.04.28,14:00,98.06,98.06,97.86,97.92,140
2014.04.28,15:00,97.91,97.97,97.72,97.86,359
2014.04.28,16:00,97.89,97.98,97.51,97.54,844
2014.04.28,17:00,97.55,97.62,97.23,97.23,833
2014.04.28,18:00,97.24,97.33,97.04,97.15,730
2014.04.28,19:00,97.16,97.35,97.13,97.20,426
2014.04.28,20:00,97.19,97.28,96.99,97.17,719
2014.04.28,21:00,97.18,97.40,97.02,97.26,687
2014.04.28,22:00,97.25,97.48,97.25,97.44,153
2014.04.28,23:00,97.45,97.45,97.37,97.39,51
2014.04.29,00:00,97.38,97.40,97.34,97.37,27
2014.04.29,03:00,97.41,97.43,97.32,97.38,82
2014.04.29,04:00,97.35,97.40,97.31,97.33,48
2014.04.29,05:00,97.32,97.39,97.32,97.36,28
2014.04.29,06:00,97.33,97.35,97.30,97.35,25
2014.04.29,07:00,97.34,97.36,97.31,97.36,59
2014.04.29,08:00,97.37,97.49,97.36,97.45,114
2014.04.29,09:00,97.44,97.65,97.43,97.60,107
2014.04.29,10:00,97.61,97.66,97.49,97.55,150
2014.04.29,11:00,97.57,97.65,97.50,97.60,156
2014.04.29,12:00,97.61,97.73,97.56,97.61,144
2014.04.29,13:00,97.60,97.71,97.52,97.68,143
2014.04.29,14:00,97.66,97.89,97.66,97.78,83
2014.04.29,15:00,97.79,97.82,97.62,97.73,304
2014.04.29,16:00,97.76,98.49,97.69,98.27,721
2014.04.29,17:00,98.28,98.38,98.24,98.28,360
2014.04.29,18:00,98.30,98.35,98.06,98.06,521
2014.04.29,19:00,98.05,98.06,97.79,97.90,366
2014.04.29,20:00,97.89,97.96,97.49,97.71,430
2014.04.29,21:00,97.72,97.92,97.62,97.67,441
2014.04.29,22:00,97.66,97.69,97.51,97.53,117
2014.04.29,23:00,97.51,97.58,97.34,97.41,103
2014.04.30,00:00,97.42,97.44,97.36,97.39,16
2014.04.30,03:00,97.22,97.24,97.13,97.16,40
2014.04.30,04:00,97.18,97.24,97.15,97.20,37
2014.04.30,05:00,97.16,97.21,97.05,97.21,82
2014.04.30,06:00,97.20,97.20,97.16,97.18,19
2014.04.30,07:00,97.17,97.20,97.16,97.18,45
2014.04.30,08:00,97.21,97.22,97.16,97.16,37
2014.04.30,09:00,97.14,97.15,97.00,97.01,62
2014.04.30,10:00,97.00,97.02,96.89,96.92,162
2014.04.30,11:00,96.93,97.11,96.89,97.04,205
2014.04.30,12:00,97.06,97.08,96.96,97.06,110
2014.04.30,13:00,97.03,97.15,96.96,97.11,98
2014.04.30,14:00,97.12,97.12,96.78,96.82,173
2014.04.30,15:00,96.83,97.12,96.77,97.04,497
2014.04.30,16:00,97.00,97.04,96.37,96.42,746
2014.04.30,17:00,96.41,96.51,96.18,96.49,710
2014.04.30,18:00,96.47,96.51,96.14,96.37,703
2014.04.30,19:00,96.38,96.40,96.15,96.25,459
2014.04.30,20:00,96.24,96.32,96.08,96.27,367
2014.04.30,21:00,96.25,96.65,96.22,96.61,728
2014.04.30,22:00,96.62,96.66,96.49,96.66,197
2014.04.30,23:00,96.64,96.64,96.40,96.43,71
2014.05.01,00:00,96.44,96.54,96.43,96.52,19
2014.05.01,03:00,96.48,96.54,96.46,96.47,38
2014.05.01,04:00,96.49,96.49,96.42,96.44,25
2014.05.01,05:00,96.45,96.46,96.40,96.44,22
2014.05.01,06:00,96.45,96.45,96.41,96.45,31
2014.05.01,07:00,96.46,96.48,96.45,96.46,23
2014.05.01,08:00,96.47,96.49,96.47,96.49,3
2014.05.01,09:00,96.48,96.51,96.36,96.38,102
2014.05.01,10:00,96.37,96.39,96.29,96.35,83
2014.05.01,11:00,96.36,96.36,95.97,95.99,187
2014.05.01,12:00,96.00,96.06,95.96,96.03,124
2014.05.01,13:00,96.02,96.02,95.96,95.98,87
2014.05.01,14:00,95.99,96.02,95.63,95.75,161
2014.05.01,15:00,95.74,95.88,95.55,95.66,401
2014.05.01,16:00,95.64,96.03,95.60,95.79,795
2014.05.01,17:00,95.81,95.88,95.62,95.77,593
2014.05.01,18:00,95.76,96.38,95.73,96.19,729
2014.05.01,19:00,96.18,96.21,96.00,96.14,360
2014.05.01,20:00,96.15,96.15,95.92,95.96,388
2014.05.01,21:00,95.97,96.27,95.95,96.16,514
2014.05.01,22:00,96.17,96.22,96.14,96.19,90
2014.05.01,23:00,96.18,96.19,96.03,96.07,104
2014.05.02,00:00,96.09,96.10,95.85,95.85,65
2014.05.02,03:00,96.03,96.07,95.96,96.07,51
2014.05.02,04:00,96.06,96.07,96.01,96.05,23
2014.05.02,05:00,96.07,96.17,96.04,96.13,19
2014.05.02,06:00,96.14,96.19,96.13,96.18,16
2014.05.02,07:00,96.16,96.16,96.08,96.09,14
2014.05.02,08:00,96.08,96.15,96.04,96.10,92
2014.05.02,09:00,96.12,96.21,96.02,96.18,135
2014.05.02,10:00,96.16,96.45,96.15,96.44,161
2014.05.02,11:00,96.43,96.76,96.43,96.65,275
2014.05.02,12:00,96.66,96.75,96.54,96.58,135
2014.05.02,13:00,96.60,96.67,96.47,96.49,105
2014.05.02,14:00,96.48,96.60,96.33,96.46,187
2014.05.02,15:00,96.45,96.71,96.40,96.49,559
2014.05.02,16:00,96.46,96.56,96.04,96.18,860
2014.05.02,17:00,96.16,96.42,96.08,96.39,508
2014.05.02,18:00,96.40,96.64,96.30,96.41,693
2014.05.02,19:00,96.42,96.48,96.16,96.34,457
2014.05.02,20:00,96.35,96.46,96.35,96.40,273
2014.05.02,21:00,96.39,96.47,96.33,96.38,403
2014.05.02,22:00,96.37,96.38,96.26,96.32,95
2014.05.02,23:00,96.33,96.45,96.33,96.44,64
2014.05.05,03:00,96.25,96.32,96.23,96.28,83
2014.05.05,04:00,96.30,96.37,96.26,96.30,75
2014.05.05,05:00,96.32,96.32,96.28,96.28,18
2014.05.05,06:00,96.30,96.30,96.28,96.29,12
2014.05.05,07:00,96.27,96.31,96.24,96.31,38
2014.05.05,08:00,96.29,96.42,96.26,96.33,85
2014.05.05,09:00,96.32,96.46,96.31,96.44,94
2014.05.05,10:00,96.43,96.76,96.37,96.75,138
2014.05.05,11:00,96.76,96.84,96.69,96.75,131
2014.05.05,12:00,96.74,96.81,96.69,96.72,74
2014.05.05,13:00,96.73,96.78,96.65,96.67,116
2014.05.05,14:00,96.66,96.73,96.30,96.44,156
2014.05.05,15:00,96.46,96.64,96.38,96.48,291
2014.05.05,16:00,96.46,96.47,95.88,95.90,736
2014.05.05,17:00,95.91,96.15,95.83,95.92,583
2014.05.05,18:00,95.91,96.02,95.55,95.63,544
2014.05.05,19:00,95.62,95.74,95.61,95.65,371
2014.05.05,20:00,95.66,95.73,95.51,95.67,323
2014.05.05,21:00,95.66,96.13,95.61,95.94,400
2014.05.05,22:00,95.95,95.99,95.86,95.90,162
2014.05.05,23:00,95.89,95.94,95.84,95.86,56
2014.05.06,00:00,95.87,96.00,95.83,95.96,39
2014.05.06,03:00,95.94,95.99,95.90,95.94,48
2014.05.06,04:00,95.95,95.97,95.87,95.93,76
2014.05.06,05:00,95.94,96.00,95.89,95.94,32
2014.05.06,06:00,95.93,95.97,95.90,95.96,23
2014.05.06,07:00,95.97,95.97,95.91,95.93,46
2014.05.06,08:00,95.91,95.94,95.86,95.89,39
2014.05.06,09:00,95.90,96.05,95.90,96.05,50
2014.05.06,10:00,96.02,96.13,95.98,96.08,166
2014.05.06,11:00,96.10,96.23,95.98,96.22,152
2014.05.06,12:00,96.23,96.28,96.11,96.16,217
2014.05.06,13:00,96.17,96.21,96.05,96.15,171
2014.05.06,14:00,96.13,96.24,95.95,95.97,261
2014.05.06,15:00,95.96,96.15,95.90,96.01,388
2014.05.06,16:00,96.00,96.37,96.00,96.20,558
2014.05.06,17:00,96.21,96.24,95.93,96.20,559
2014.05.06,18:00,96.21,96.68,96.18,96.43,680
2014.05.06,19:00,96.41,96.57,96.30,96.35,428
2014.05.06,20:00,96.36,96.54,96.07,96.14,451
2014.05.06,21:00,96.13,96.20,95.79,95.91,488
2014.05.06,22:00,95.90,95.97,95.85,95.85,108
2014.05.06,23:00,95.86,96.06,95.83,96.05,89
2014.05.07,00:00,96.06,96.14,96.02,96.02,47
2014.05.07,03:00,95.97,96.08,95.97,96.04,80
2014.05.07,04:00,96.05,96.29,96.03,96.19,122
2014.05.07,05:00,96.17,96.23,96.12,96.21,49
2014.05.07,06:00,96.22,96.28,96.19,96.26,45
2014.05.07,07:00,96.25,96.32,96.21,96.29,55
2014.05.07,08:00,96.28,96.30,96.17,96.29,72
2014.05.07,09:00,96.28,96.36,96.21,96.33,94
2014.05.07,10:00,96.32,96.44,96.22,96.43,158
2014.05.07,11:00,96.45,96.71,96.45,96.59,178
2014.05.07,12:00,96.58,96.58,96.40,96.53,183
2014.05.07,13:00,96.54,96.54,96.39,96.39,132
2014.05.07,14:00,96.38,96.53,96.37,96.47,176
2014.05.07,15:00,96.49,96.53,96.16,96.39,461
2014.05.07,16:00,96.41,96.60,96.23,96.30,593
2014.05.07,17:00,96.29,96.84,96.01,96.81,776
2014.05.07,18:00,96.83,97.01,96.67,96.94,423
2014.05.07,19:00,96.93,96.98,96.77,96.85,321
2014.05.07,20:00,96.86,96.91,96.66,96.84,300
2014.05.07,21:00,96.86,97.06,96.85,97.00,312
2014.05.07,22:00,96.99,97.12,96.97,97.00,138
2014.05.07,23:00,96.99,97.07,96.93,97.06,94
2014.05.08,00:00,97.05,97.09,97.04,97.08,46
2014.05.08,03:00,97.00,97.09,97.00,97.08,11
2014.05.08,04:00,97.10,97.12,97.06,97.07,34
2014.05.08,05:00,97.06,97.16,97.06,97.14,22
2014.05.08,06:00,97.16,97.16,97.10,97.11,25
2014.05.08,07:00,97.12,97.14,97.07,97.08,24
2014.05.08,08:00,97.07,97.08,96.96,96.96,41
2014.05.08,09:00,96.98,96.99,96.87,96.88,99
2014.05.08,10:00,96.87,96.92,96.79,96.80,156
2014.05.08,11:00,96.79,96.87,96.67,96.82,253
2014.05.08,12:00,96.80,96.80,96.72,96.76,155
2014.05.08,13:00,96.75,96.90,96.68,96.74,138
2014.05.08,14:00,96.73,96.97,96.71,96.84,235
2014.05.08,15:00,96.83,96.85,96.51,96.64,514
2014.05.08,16:00,96.62,96.73,96.30,96.69,783
2014.05.08,17:00,96.70,96.83,96.43,96.55,526
2014.05.08,18:00,96.56,96.64,96.43,96.60,432
2014.05.08,19:00,96.61,96.79,96.54,96.61,374
2014.05.08,20:00,96.62,96.71,96.56,96.67,319
2014.05.08,21:00,96.66,96.80,96.46,96.72,387
2014.05.08,22:00,96.73,96.80,96.63,96.80,139
2014.05.08,23:00,96.79,96.82,96.73,96.81,85
2014.05.09,00:00,96.80,96.81,96.73,96.77,13
2014.05.09,03:00,96.84,96.90,96.80,96.90,19
2014.05.09,04:00,96.91,97.00,96.90,96.96,66
2014.05.09,05:00,96.97,96.99,96.92,96.94,29
2014.05.09,06:00,96.95,96.99,96.90,96.92,39
2014.05.09,07:00,96.93,96.95,96.84,96.91,87
2014.05.09,08:00,96.89,97.06,96.86,97.06,92
2014.05.09,09:00,97.08,97.16,97.03,97.08,81
2014.05.09,10:00,97.09,97.32,97.02,97.29,202
2014.05.09,11:00,97.31,97.53,97.31,97.40,217
2014.05.09,12:00,97.41,97.52,97.40,97.47,154
2014.05.09,13:00,97.48,97.52,97.11,97.17,191
2014.05.09,14:00,97.19,97.31,97.10,97.25,179
2014.05.09,15:00,97.26,97.34,97.07,97.34,332
2014.05.09,16:00,97.32,97.40,97.05,97.10,653
2014.05.09,17:00,97.09,97.40,96.97,97.27,772
2014.05.09,18:00,97.23,97.30,96.98,97.16,504
2014.05.09,19:00,97.15,97.15,96.44,96.58,616
2014.05.09,20:00,96.57,96.73,96.50,96.59,384
2014.05.09,21:00,96.60,96.61,96.27,96.60,514
2014.05.09,22:00,96.58,96.65,96.58,96.59,102
2014.05.09,23:00,96.62,96.67,96.56,96.62,69
2014.05.12,03:00,96.58,96.71,96.58,96.64,36
2014.05.12,04:00,96.65,96.76,96.61,96.64,75
2014.05.12,05:00,96.63,96.70,96.61,96.63,41
2014.05.12,06:00,96.64,96.69,96.58,96.69,22
2014.05.12,07:00,96.66,96.66,96.65,96.65,2
2014.05.12,08:00,96.64,96.74,96.64,96.68,29
2014.05.12,09:00,96.69,96.74,96.65,96.69,56
2014.05.12,10:00,96.71,96.80,96.60,96.71,127
2014.05.12,11:00,96.69,96.85,96.69,96.82,174
2014.05.12,12:00,96.83,96.95,96.77,96.93,121
2014.05.12,13:00,96.92,97.08,96.92,97.03,137
2014.05.12,14:00,97.04,97.12,96.89,97.08,161
2014.05.12,15:00,97.09,97.12,96.77,96.98,341
2014.05.12,16:00,96.99,97.38,96.99,97.11,686
2014.05.12,17:00,97.10,97.40,97.07,97.29,523
2014.05.12,18:00,97.30,97.43,97.13,97.23,555
2014.05.12,19:00,97.25,97.25,96.93,97.06,427
2014.05.12,20:00,97.07,97.22,97.04,97.17,382
2014.05.12,21:00,97.16,97.30,97.05,97.23,465
2014.05.12,22:00,97.22,97.31,97.21,97.23,106
2014.05.12,23:00,97.24,97.29,97.19,97.20,110
2014.05.13,00:00,97.21,97.23,97.15,97.20,15
2014.05.13,03:00,97.10,97.17,97.10,97.12,43
2014.05.13,04:00,97.14,97.18,97.11,97.17,65
2014.05.13,05:00,97.15,97.20,97.12,97.17,28
2014.05.13,06:00,97.18,97.20,97.10,97.16,38
2014.05.13,07:00,97.15,97.28,97.15,97.20,83
2014.05.13,08:00,97.21,97.34,97.18,97.33,76
2014.05.13,09:00,97.31,97.37,97.25,97.27,60
2014.05.13,10:00,97.25,97.27,97.08,97.11,147
2014.05.13,11:00,97.09,97.20,96.97,97.20,198
2014.05.13,12:00,97.19,97.99,97.15,97.89,261
2014.05.13,13:00,97.90,97.91,97.73,97.77,221
2014.05.13,14:00,97.78,97.92,97.72,97.83,207
2014.05.13,15:00,97.84,97.89,97.72,97.84,364
2014.05.13,16:00,97.83,97.97,97.47,97.65,684
2014.05.13,17:00,97.64,97.94,97.57,97.90,539
2014.05.13,18:00,97.91,98.05,97.74,97.98,473
2014.05.13,19:00,97.99,97.99,97.84,97.89,225
2014.05.13,20:00,97.88,97.98,97.88,97.91,258
2014.05.13,21:00,97.90,98.43,97.88,98.27,398
2014.05.13,22:00,98.25,98.36,98.19,98.34,167
2014.05.13,23:00,98.35,98.51,98.35,98.50,93
2014.05.14,00:00,98.48,98.49,98.37,98.44,35
2014.05.14,03:00,98.33,98.42,98.33,98.40,38
2014.05.14,04:00,98.39,98.45,98.37,98.39,35
2014.05.14,05:00,98.42,98.48,98.40,98.44,47
2014.05.14,06:00,98.45,98.47,98.44,98.46,29
2014.05.14,07:00,98.47,98.60,98.47,98.55,43
2014.05.14,08:00,98.56,98.56,98.51,98.55,56
2014.05.14,09:00,98.54,98.55,98.42,98.47,104
2014.05.14,10:00,98.45,98.56,98.41,98.55,135
2014.05.14,11:00,98.58,98.65,98.55,98.56,176
2014.05.14,12:00,98.57,98.68,98.37,98.53,184
2014.05.14,13:00,98.51,98.51,98.37,98.45,93
2014.05.14,14:00,98.43,98.58,98.40,98.56,132
2014.05.14,15:00,98.55,98.68,98.49,98.63,275
2014.05.14,16:00,98.62,98.81,98.50,98.72,405
2014.05.14,17:00,98.73,99.00,98.55,98.87,600
2014.05.14,18:00,98.85,98.98,98.71,98.79,418
2014.05.14,19:00,98.81,99.01,98.78,98.91,355
2014.05.14,20:00,98.92,99.00,98.76,98.99,272
2014.05.14,21:00,98.98,99.08,98.67,98.67,418
2014.05.14,22:00,98.68,98.74,98.64,98.69,162
2014.05.14,23:00,98.68,98.70,98.51,98.62,111
2014.05.15,00:00,98.63,98.65,98.58,98.58,26
2014.05.15,03:00,98.61,98.65,98.57,98.62,71
2014.05.15,04:00,98.60,98.71,98.59,98.67,96
2014.05.15,05:00,98.68,98.69,98.60,98.60,29
2014.05.15,06:00,98.59,98.67,98.59,98.66,31
2014.05.15,07:00,98.65,98.67,98.63,98.66,21
2014.05.15,08:00,98.68,98.69,98.60,98.61,16
2014.05.15,09:00,98.62,98.63,98.49,98.56,73
2014.05.15,10:00,98.57,98.63,98.47,98.58,104
2014.05.15,11:00,98.59,98.63,98.39,98.41,153
2014.05.15,12:00,98.42,98.67,98.42,98.59,112
2014.05.15,13:00,98.62,98.80,98.53,98.71,134
2014.05.15,14:00,98.70,98.76,98.66,98.69,181
2014.05.15,15:00,98.71,98.91,98.65,98.74,416
2014.05.15,16:00,98.78,98.79,98.34,98.51,591
2014.05.15,17:00,98.52,98.64,98.37,98.41,484
2014.05.15,18:00,98.39,98.52,98.18,98.22,505
2014.05.15,19:00,98.21,98.31,98.14,98.27,308
2014.05.15,20:00,98.28,98.49,98.28,98.43,236
2014.05.15,21:00,98.44,98.58,98.36,98.40,475
2014.05.15,22:00,98.41,98.44,98.38,98.43,107
2014.05.15,23:00,98.44,98.49,98.41,98.47,63
2014.05.16,00:00,98.46,98.53,98.45,98.51,28
2014.05.16,03:00,98.61,98.78,98.60,98.77,102
2014.05.16,04:00,98.74,98.79,98.66,98.77,56
2014.05.16,05:00,98.76,98.87,98.76,98.79,70
2014.05.16,06:00,98.78,98.83,98.70,98.77,57
2014.05.16,07:00,98.74,98.79,98.72,98.74,45
2014.05.16,08:00,98.75,98.76,98.71,98.72,13
2014.05.16,09:00,98.71,98.77,98.63,98.65,39
2014.05.16,10:00,98.67,98.76,98.47,98.48,123
2014.05.16,11:00,98.49,98.57,98.34,98.41,198
2014.05.16,12:00,98.42,98.51,98.36,98.46,116
2014.05.16,13:00,98.45,98.70,98.45,98.59,170
2014.05.16,14:00,98.60,98.67,98.50,98.63,152
2014.05.16,15:00,98.65,98.69,98.56,98.69,240
2014.05.16,16:00,98.70,98.81,98.53,98.71,572
2014.05.16,17:00,98.70,98.89,98.63,98.80,471
2014.05.16,18:00,98.81,98.93,98.76,98.81,340
2014.05.16,19:00,98.82,98.93,98.73,98.90,284
2014.05.16,20:00,98.89,98.91,98.79,98.82,245
2014.05.16,21:00,98.81,98.93,98.77,98.85,380
2014.05.16,22:00,98.86,98.91,98.84,98.89,75
2014.05.16,23:00,98.90,98.92,98.84,98.86,75
2014.05.19,03:00,98.88,98.89,98.85,98.88,31
2014.05.19,04:00,98.89,98.92,98.83,98.91,49
2014.05.19,05:00,98.90,98.98,98.90,98.97,40
2014.05.19,06:00,98.98,99.01,98.97,98.97,28
2014.05.19,07:00,98.96,98.99,98.95,98.98,40
2014.05.19,08:00,98.99,98.99,98.93,98.96,16
2014.05.19,09:00,98.95,99.24,98.93,99.24,83
2014.05.19,10:00,99.26,99.45,99.26,99.27,109
2014.05.19,11:00,99.29,99.35,99.13,99.35,157
2014.05.19,12:00,99.36,99.41,99.27,99.32,79
2014.05.19,13:00,99.33,99.36,99.28,99.33,43
2014.05.19,14:00,99.32,99.45,99.32,99.39,71
2014.05.19,15:00,99.38,99.40,99.21,99.30,223
2014.05.19,16:00,99.32,99.50,99.21,99.44,358
2014.05.19,17:00,99.43,99.47,99.03,99.14,507
2014.05.19,18:00,99.13,99.33,99.08,99.32,314
2014.05.19,19:00,99.31,99.44,99.28,99.36,206
2014.05.19,20:00,99.35,99.37,99.26,99.35,179
2014.05.19,21:00,99.34,99.35,99.06,99.11,260
2014.05.19,22:00,99.12,99.15,99.05,99.13,102
2014.05.19,23:00,99.12,99.15,99.10,99.14,48
2014.05.20,00:00,99.13,99.16,99.12,99.12,12
2014.05.20,03:00,99.08,99.10,99.07,99.10,14
2014.05.20,04:00,99.09,99.23,99.06,99.23,80
2014.05.20,05:00,99.18,99.23,99.16,99.23,23
2014.05.20,06:00,99.24,99.27,99.18,99.24,35
2014.05.20,07:00,99.25,99.35,99.21,99.29,52
2014.05.20,08:00,99.28,99.35,99.27,99.30,47
2014.05.20,09:00,99.31,99.36,99.24,99.29,75
2014.05.20,10:00,99.28,99.38,99.24,99.29,102
2014.05.20,11:00,99.26,99.36,99.20,99.24,184
2014.05.20,12:00,99.22,99.29,99.19,99.29,88
2014.05.20,13:00,99.30,99.38,99.25,99.38,87
2014.05.20,14:00,99.39,99.41,99.20,99.25,115
2014.05.20,15:00,99.24,99.28,99.08,99.15,252
2014.05.20,16:00,99.17,99.26,99.01,99.06,399
2014.05.20,17:00,99.07,99.16,98.84,99.13,521
2014.05.20,18:00,99.14,99.45,99.11,99.45,439
2014.05.20,19:00,99.47,99.55,99.32,99.41,448
2014.05.20,20:00,99.40,99.43,99.31,99.34,242
2014.05.20,21:00,99.32,99.51,99.30,99.43,405
2014.05.20,22:00,99.45,99.62,99.43,99.61,129
2014.05.20,23:00,99.62,99.93,99.54,99.89,179
2014.05.21,00:00,99.90,99.99,99.89,99.95,40
2014.05.21,03:00,99.83,99.89,99.76,99.79,30
2014.05.21,04:00,99.80,99.89,99.78,99.86,29
2014.05.21,05:00,99.88,99.95,99.87,99.94,38
2014.05.21,06:00,99.93,99.99,99.90,99.90,48
2014.05.21,07:00,99.91,100.00,99.89,99.92,53
2014.05.21,08:00,99.94,99.97,99.85,99.86,52
2014.05.21,09:00,99.85,99.93,99.83,99.90,88
2014.05.21,10:00,99.91,100.17,99.83,100.13,200
2014.05.21,11:00,100.15,100.16,100.00,100.16,122
2014.05.21,12:00,100.17,100.18,100.02,100.04,84
2014.05.21,13:00,100.05,100.18,100.05,100.05,92
2014.05.21,14:00,100.06,100.27,100.04,100.21,105
2014.05.21,15:00,100.22,100.25,100.05,100.14,287
2014.05.21,16:00,100.16,100.44,100.11,100.38,319
2014.05.21,17:00,100.39,100.48,100.14,100.41,697
2014.05.21,18:00,100.42,101.13,100.33,101.04,631
2014.05.21,19:00,101.03,101.06,100.92,100.92,265
2014.05.21,20:00,100.93,100.97,100.80,100.88,250
2014.05.21,21:00,100.87,101.02,100.75,100.77,448
2014.05.21,22:00,100.76,100.78,100.59,100.59,59
2014.05.21,23:00,100.60,100.74,100.60,100.71,48
2014.05.22,00:00,100.73,100.74,100.66,100.68,32
2014.05.22,03:00,100.69,100.80,100.66,100.80,49
2014.05.22,04:00,100.79,100.84,100.72,100.84,41
2014.05.22,05:00,100.86,100.91,100.81,100.85,46
2014.05.22,06:00,100.84,100.91,100.80,100.83,60
2014.05.22,07:00,100.84,100.85,100.78,100.79,62
2014.05.22,08:00,100.78,100.82,100.75,100.76,28
2014.05.22,09:00,100.74,100.74,100.68,100.74,56
2014.05.22,10:00,100.73,100.93,100.70,100.91,148
2014.05.22,11:00,100.90,100.92,100.69,100.75,113
2014.05.22,12:00,100.76,100.88,100.71,100.88,80
2014.05.22,13:00,100.87,100.94,100.85,100.85,37
2014.05.22,14:00,100.86,100.89,100.80,100.88,86
2014.05.22,15:00,100.89,100.92,100.70,100.88,468
2014.05.22,16:00,100.89,101.07,100.86,101.01,504
2014.05.22,17:00,101.00,101.05,100.84,100.94,443
2014.05.22,18:00,100.95,101.05,100.81,100.84,526
2014.05.22,19:00,100.85,100.95,100.78,100.85,366
2014.05.22,20:00,100.86,100.90,100.79,100.85,260
2014.05.22,21:00,100.84,100.86,100.59,100.79,448
2014.05.22,22:00,100.78,100.85,100.78,100.80,93
2014.05.22,23:00,100.81,100.82,100.72,100.78,39
2014.05.23,00:00,100.77,100.77,100.69,100.72,30
2014.05.23,03:00,100.66,100.71,100.64,100.65,27
2014.05.23,04:00,100.64,100.70,100.64,100.68,21
2014.05.23,05:00,100.70,100.76,100.69,100.76,23
2014.05.23,06:00,100.77,100.77,100.72,100.73,21
2014.05.23,07:00,100.74,100.79,100.73,100.78,37
2014.05.23,08:00,100.77,100.80,100.75,100.78,61
2014.05.23,09:00,100.77,100.86,100.76,100.84,47
2014.05.23,10:00,100.82,100.88,100.66,100.68,110
2014.05.23,11:00,100.64,100.93,100.62,100.85,135
2014.05.23,12:00,100.84,100.89,100.78,100.83,105
2014.05.23,13:00,100.82,100.88,100.78,100.88,36
2014.05.23,14:00,100.86,101.06,100.83,100.95,111
2014.05.23,15:00,100.94,101.19,100.94,101.00,270
2014.05.23,16:00,101.01,101.15,100.88,101.01,457
2014.05.23,17:00,101.02,101.13,100.94,101.09,473
2014.05.23,18:00,101.08,101.26,101.07,101.18,567
2014.05.23,19:00,101.19,101.32,101.13,101.22,254
2014.05.23,20:00,101.21,101.26,101.15,101.23,156
2014.05.23,21:00,101.22,101.24,101.13,101.19,277
2014.05.23,22:00,101.20,101.24,101.15,101.15,58
2014.05.23,23:00,101.16,101.26,101.16,101.22,81
2014.05.26,03:00,101.04,101.04,100.91,100.95,25
2014.05.26,04:00,100.92,100.93,100.88,100.91,18
2014.05.26,05:00,100.92,100.92,100.88,100.89,19
2014.05.26,06:00,100.91,100.91,100.86,100.87,32
2014.05.26,07:00,100.88,100.89,100.84,100.86,25
2014.05.26,08:00,100.84,100.86,100.77,100.78,45
2014.05.26,09:00,100.77,100.85,100.72,100.82,68
2014.05.26,10:00,100.81,100.93,100.81,100.87,90
2014.05.26,11:00,100.88,100.98,100.85,100.94,69
2014.05.26,12:00,100.95,100.96,100.86,100.92,31
2014.05.26,13:00,100.93,100.93,100.84,100.88,26
2014.05.26,14:00,100.89,100.91,100.82,100.88,25
2014.05.26,15:00,100.90,100.93,100.87,100.93,71
2014.05.26,16:00,100.96,101.00,100.94,100.98,66
2014.05.26,17:00,100.99,101.01,100.93,100.98,36
2014.05.26,18:00,100.99,101.06,100.96,100.97,58
2014.05.26,19:00,100.98,101.11,100.96,101.00,44
2014.05.26,20:00,101.01,101.14,100.94,101.11,25
2014.05.27,03:00,101.08,101.16,101.02,101.13,65
2014.05.27,04:00,101.14,101.17,101.13,101.16,12
2014.05.27,05:00,101.15,101.22,101.15,101.21,16
2014.05.27,06:00,101.23,101.23,101.18,101.22,16
2014.05.27,07:00,101.24,101.25,101.21,101.24,20
2014.05.27,08:00,101.25,101.35,101.24,101.33,26
2014.05.27,09:00,101.34,101.34,101.22,101.24,68
2014.05.27,10:00,101.27,101.28,101.04,101.16,157
2014.05.27,11:00,101.15,101.15,101.06,101.09,89
2014.05.27,12:00,101.08,101.08,100.76,100.81,172
2014.05.27,13:00,100.82,100.92,100.82,100.92,55
2014.05.27,14:00,100.94,100.97,100.88,100.95,91
2014.05.27,15:00,100.97,101.16,100.97,101.12,223
2014.05.27,16:00,101.11,101.18,100.56,100.62,788
2014.05.27,17:00,100.61,101.05,100.56,101.01,644
2014.05.27,18:00,101.02,101.04,100.74,100.81,475
2014.05.27,19:00,100.80,100.90,100.64,100.81,372
2014.05.27,20:00,100.82,100.99,100.76,100.92,225
2014.05.27,21:00,100.91,101.05,100.83,100.95,333
2014.05.27,22:00,100.96,101.01,100.92,100.92,98
2014.05.27,23:00,100.93,100.99,100.91,100.98,66
2014.05.28,00:00,100.96,101.00,100.89,100.94,22
2014.05.28,03:00,100.91,101.01,100.88,100.99,52
2014.05.28,04:00,101.00,101.11,101.00,101.04,64
2014.05.28,05:00,101.05,101.05,100.99,101.01,56
2014.05.28,06:00,101.02,101.04,100.94,100.96,55
2014.05.28,07:00,100.95,100.98,100.89,100.90,56
2014.05.28,08:00,100.91,101.03,100.90,100.98,86
2014.05.28,09:00,101.00,101.06,100.97,101.05,68
2014.05.28,10:00,101.06,101.11,101.03,101.06,56
2014.05.28,11:00,101.07,101.16,101.03,101.07,112
2014.05.28,12:00,101.08,101.22,101.07,101.20,55
2014.05.28,13:00,101.22,101.22,101.11,101.16,87
2014.05.28,14:00,101.17,101.20,100.99,101.06,108
2014.05.28,15:00,101.07,101.08,100.81,100.96,403
2014.05.28,16:00,100.94,101.00,100.38,100.58,793
2014.05.28,17:00,100.57,100.65,100.40,100.59,671
2014.05.28,18:00,100.58,100.65,100.46,100.52,438
2014.05.28,19:00,100.50,100.63,100.43,100.52,421
2014.05.28,20:00,100.51,100.56,100.32,100.49,476
2014.05.28,21:00,100.48,100.51,99.91,100.05,707
2014.05.28,22:00,100.04,100.11,99.99,100.11,127
2014.05.28,23:00,100.10,100.29,100.10,100.27,117
2014.05.29,00:00,100.28,100.35,100.28,100.31,41
2014.05.29,03:00,100.23,100.28,100.23,100.23,47
2014.05.29,04:00,100.24,100.25,100.19,100.19,10
2014.05.29,05:00,100.17,100.23,100.13,100.22,22
2014.05.29,06:00,100.23,100.23,100.21,100.22,6
2014.05.29,07:00,100.21,100.28,100.21,100.23,41
2014.05.29,08:00,100.22,100.23,100.13,100.17,45
2014.05.29,09:00,100.18,100.22,100.00,100.04,99
2014.05.29,10:00,100.06,100.13,99.97,100.07,110
2014.05.29,11:00,100.08,100.14,99.98,100.13,138
2014.05.29,12:00,100.14,100.16,100.07,100.07,38
2014.05.29,13:00,100.08,100.25,100.06,100.21,68
2014.05.29,14:00,100.19,100.20,99.87,99.94,173
2014.05.29,15:00,99.93,100.24,99.93,100.24,260
2014.05.29,16:00,100.22,100.34,100.15,100.29,395
2014.05.29,17:00,100.26,100.33,100.12,100.27,430
2014.05.29,18:00,100.31,100.60,100.28,100.55,916
2014.05.29,19:00,100.56,100.60,100.48,100.52,279
2014.05.29,20:00,100.53,100.91,100.52,100.71,332
2014.05.29,21:00,100.69,100.83,100.57,100.64,438
2014.05.29,22:00,100.63,100.64,100.51,100.56,105
2014.05.29,23:00,100.58,100.62,100.52,100.60,33
2014.05.30,00:00,100.61,100.61,100.51,100.55,24
2014.05.30,03:00,100.47,100.52,100.47,100.48,24
2014.05.30,04:00,100.49,100.50,100.47,100.47,14
2014.05.30,05:00,100.48,100.49,100.41,100.41,23
2014.05.30,06:00,100.40,100.50,100.39,100.48,95
2014.05.30,07:00,100.47,100.51,100.44,100.48,58
2014.05.30,08:00,100.46,100.53,100.45,100.53,40
2014.05.30,09:00,100.54,100.54,100.44,100.44,73
2014.05.30,10:00,100.42,100.45,100.31,100.33,139
2014.05.30,11:00,100.31,100.39,100.22,100.26,185
2014.05.30,12:00,100.28,100.32,100.20,100.28,140
2014.05.30,13:00,100.26,100.44,100.26,100.34,88
2014.05.30,14:00,100.33,100.34,100.10,100.17,118
2014.05.30,15:00,100.18,100.20,100.01,100.04,211
2014.05.30,16:00,100.03,100.16,99.91,100.14,396
2014.05.30,17:00,100.13,100.13,99.81,99.86,435
2014.05.30,18:00,99.87,99.98,99.79,99.83,438
2014.05.30,19:00,99.84,100.06,99.59,99.97,409
2014.05.30,20:00,99.95,100.05,99.90,99.96,204
2014.05.30,21:00,99.97,100.04,99.81,99.99,393
2014.05.30,22:00,100.01,100.11,99.99,100.11,106
2014.05.30,23:00,100.10,100.16,100.09,100.11,50
2014.06.02,03:00,100.29,100.33,100.28,100.31,31
2014.06.02,04:00,100.32,100.38,100.31,100.38,25
2014.06.02,05:00,100.37,100.45,100.37,100.45,43
2014.06.02,06:00,100.43,100.50,100.41,100.50,18
2014.06.02,07:00,100.51,100.55,100.51,100.55,21
2014.06.02,08:00,100.56,100.58,100.54,100.55,16
2014.06.02,09:00,100.56,100.61,100.44,100.48,66
2014.06.02,10:00,100.47,100.53,100.33,100.36,95
2014.06.02,11:00,100.37,100.42,100.33,100.36,104
2014.06.02,12:00,100.37,100.41,100.26,100.40,141
2014.06.02,13:00,100.42,100.42,100.18,100.21,117
2014.06.02,14:00,100.19,100.20,100.01,100.03,98
2014.06.02,15:00,100.02,100.17,99.95,100.03,345
2014.06.02,16:00,100.02,100.07,99.71,99.86,602
2014.06.02,17:00,99.87,99.98,99.72,99.80,504
2014.06.02,18:00,99.79,99.91,99.74,99.74,301
2014.06.02,19:00,99.75,99.79,99.52,99.55,312
2014.06.02,20:00,99.54,99.62,99.53,99.59,297
2014.06.02,21:00,99.60,99.91,99.58,99.84,373
2014.06.02,22:00,99.82,99.85,99.72,99.85,172
2014.06.02,23:00,99.86,99.86,99.81,99.84,56
2014.06.03,00:00,99.83,99.85,99.77,99.80,27
2014.06.03,03:00,99.81,99.91,99.81,99.90,40
2014.06.03,04:00,99.92,99.95,99.85,99.88,82
2014.06.03,05:00,99.87,99.90,99.82,99.89,24
2014.06.03,06:00,99.90,99.90,99.87,99.90,21
2014.06.03,07:00,99.88,99.95,99.88,99.95,20
2014.06.03,08:00,99.96,100.00,99.91,99.99,41
2014.06.03,09:00,99.98,100.05,99.98,99.99,76
2014.06.03,10:00,100.00,100.00,99.77,99.83,202
2014.06.03,11:00,99.84,99.91,99.74,99.76,202
2014.06.03,12:00,99.77,99.77,99.59,99.64,92
2014.06.03,13:00,99.66,99.80,99.62,99.77,64
2014.06.03,14:00,99.76,99.85,99.68,99.83,97
2014.06.03,15:00,99.84,99.95,99.73,99.91,386
2014.06.03,16:00,99.92,99.97,99.70,99.75,424
2014.06.03,17:00,99.76,100.09,99.72,100.01,507
2014.06.03,18:00,100.02,100.06,99.79,99.80,456
2014.06.03,19:00,99.81,99.85,99.75,99.80,255
2014.06.03,20:00,99.82,99.90,99.79,99.87,192
2014.06.03,21:00,99.86,100.13,99.86,100.07,306
2014.06.03,22:00,100.09,100.19,100.09,100.17,127
2014.06.03,23:00,100.16,100.18,100.12,100.17,76
2014.06.04,00:00,100.18,100.22,100.13,100.17,32
2014.06.04,03:00,100.18,100.21,100.09,100.10,19
2014.06.04,04:00,100.09,100.15,100.09,100.12,24
2014.06.04,05:00,100.13,100.14,100.07,100.08,56
2014.06.04,06:00,100.07,100.15,100.05,100.15,79
2014.06.04,07:00,100.14,100.18,100.13,100.16,47
2014.06.04,08:00,100.17,100.24,100.16,100.21,17
2014.06.04,09:00,100.20,100.26,100.18,100.23,58
2014.06.04,10:00,100.22,100.43,100.22,100.43,72
2014.06.04,11:00,100.44,100.57,100.43,100.51,93
2014.06.04,12:00,100.52,100.68,100.51,100.62,84
2014.06.04,13:00,100.63,100.64,100.57,100.60,48
2014.06.04,14:00,100.59,100.80,100.59,100.63,135
2014.06.04,15:00,100.64,100.65,100.47,100.48,265
2014.06.04,16:00,100.49,100.69,100.44,100.64,430
2014.06.04,17:00,100.63,100.85,100.48,100.59,666
2014.06.04,18:00,100.58,100.61,99.83,100.06,702
2014.06.04,19:00,100.05,100.17,99.97,100.04,308
2014.06.04,20:00,100.03,100.10,99.97,100.00,220
2014.06.04,21:00,99.99,100.10,99.80,99.83,342
2014.06.04,22:00,99.82,99.90,99.79,99.80,136
2014.06.04,23:00,99.81,99.90,99.78,99.80,43
2014.06.05,00:00,99.79,99.81,99.68,99.70,33
2014.06.05,03:00,99.61,99.68,99.58,99.68,34
2014.06.05,04:00,99.69,99.79,99.65,99.74,27
2014.06.05,05:00,99.75,99.83,99.75,99.82,81
2014.06.05,06:00,99.81,99.86,99.72,99.77,76
2014.06.05,07:00,99.76,99.81,99.72,99.72,49
2014.06.05,08:00,99.73,99.83,99.67,99.82,47
2014.06.05,09:00,99.83,99.87,99.76,99.85,77
2014.06.05,10:00,99.84,99.84,99.63,99.70,99
2014.06.05,11:00,99.68,99.75,99.55,99.60,156
2014.06.05,12:00,99.61,99.66,99.58,99.62,30
2014.06.05,13:00,99.64,99.84,99.63,99.72,107
2014.06.05,14:00,99.71,99.75,99.57,99.60,137
2014.06.05,15:00,99.61,99.81,99.55,99.64,279
2014.06.05,16:00,99.63,99.64,99.12,99.12,810
2014.06.05,17:00,99.14,99.88,99.12,99.83,541
2014.06.05,18:00,99.81,100.09,99.68,99.80,480
2014.06.05,19:00,99.79,99.86,99.67,99.73,290
2014.06.05,20:00,99.74,99.85,99.70,99.80,255
2014.06.05,21:00,99.81,100.11,99.76,100.04,477
2014.06.05,22:00,100.03,100.09,100.01,100.03,111
2014.06.05,23:00,100.02,100.02,99.95,99.95,18
2014.06.06,00:00,99.94,99.96,99.91,99.91,13
2014.06.06,03:00,99.87,99.90,99.84,99.88,34
2014.06.06,04:00,99.86,99.91,99.83,99.90,26
2014.06.06,05:00,99.89,99.94,99.89,99.94,13
2014.06.06,06:00,99.92,99.95,99.90,99.94,19
2014.06.06,07:00,99.95,99.98,99.94,99.98,9
2014.06.06,08:00,99.97,100.01,99.95,99.99,19
2014.06.06,09:00,100.01,100.04,99.92,99.93,36
2014.06.06,10:00,99.92,99.92,99.78,99.85,92
2014.06.06,11:00,99.86,100.02,99.82,100.00,113
2014.06.06,12:00,100.02,100.20,100.02,100.18,103
2014.06.06,13:00,100.16,100.23,100.08,100.23,67
2014.06.06,14:00,100.25,100.25,100.03,100.07,136
2014.06.06,15:00,100.10,100.38,100.10,100.32,406
2014.06.06,16:00,100.31,100.43,100.13,100.19,468
2014.06.06,17:00,100.16,100.19,99.98,100.08,423
2014.06.06,18:00,100.07,100.12,99.70,99.81,415
2014.06.06,19:00,99.80,100.13,99.72,100.03,304
2014.06.06,20:00,100.04,100.11,99.94,100.07,270
2014.06.06,21:00,100.08,100.12,99.89,100.09,387
2014.06.06,22:00,100.08,100.20,100.06,100.08,127
2014.06.06,23:00,100.09,100.10,100.07,100.10,27
2014.06.09,03:00,100.05,100.15,100.05,100.15,40
2014.06.09,04:00,100.16,100.21,100.10,100.14,46
2014.06.09,05:00,100.16,100.18,99.99,100.13,34
2014.06.09,06:00,100.15,100.24,100.07,100.15,74
2014.06.09,07:00,100.14,100.19,100.12,100.19,21
2014.06.09,08:00,100.18,100.25,100.18,100.19,56
2014.06.09,09:00,100.18,100.27,100.16,100.25,52
2014.06.09,10:00,100.22,100.38,100.21,100.37,68
2014.06.09,11:00,100.39,100.52,100.33,100.47,107
2014.06.09,12:00,100.48,100.52,100.39,100.44,77
2014.06.09,13:00,100.45,100.63,100.45,100.52,75
2014.06.09,14:00,100.51,100.82,100.51,100.75,93
2014.06.09,15:00,100.76,100.85,100.60,100.83,231
2014.06.09,16:00,100.86,101.12,100.72,101.06,517
2014.06.09,17:00,101.07,101.30,101.05,101.23,373
2014.06.09,18:00,101.24,101.35,101.15,101.15,317
2014.06.09,19:00,101.17,101.32,101.10,101.28,272
2014.06.09,20:00,101.29,101.42,101.19,101.36,325
2014.06.09,21:00,101.35,101.53,101.26,101.41,436
2014.06.09,22:00,101.40,101.48,101.38,101.41,162
2014.06.09,23:00,101.40,101.50,101.37,101.49,133
2014.06.10,00:00,101.48,101.51,101.42,101.45,39
2014.06.10,03:00,101.43,101.72,101.43,101.69,67
2014.06.10,04:00,101.71,101.78,101.59,101.61,102
2014.06.10,05:00,101.59,101.63,101.55,101.58,58
2014.06.10,06:00,101.60,101.63,101.57,101.58,57
2014.06.10,07:00,101.57,101.63,101.50,101.63,83
2014.06.10,08:00,101.61,101.78,101.61,101.71,78
2014.06.10,09:00,101.68,101.71,101.59,101.60,68
2014.06.10,10:00,101.61,101.75,101.58,101.65,168
2014.06.10,11:00,101.64,101.69,101.50,101.58,128
2014.06.10,12:00,101.59,101.63,101.53,101.63,88
2014.06.10,13:00,101.64,101.79,101.60,101.74,110
2014.06.10,14:00,101.75,101.79,101.70,101.72,83
2014.06.10,15:00,101.71,101.76,101.63,101.68,231
2014.06.10,16:00,101.67,102.00,101.52,101.87,501
2014.06.10,17:00,101.88,101.90,101.38,101.47,734
2014.06.10,18:00,101.46,101.49,101.33,101.42,416
2014.06.10,19:00,101.40,101.42,101.07,101.09,437
2014.06.10,20:00,101.08,101.22,101.00,101.21,351
2014.06.10,21:00,101.20,101.46,101.17,101.36,448
2014.06.10,22:00,101.37,101.62,101.35,101.62,133
2014.06.10,23:00,101.61,101.61,101.25,101.25,146
2014.06.11,00:00,101.21,101.34,101.21,101.32,48
2014.06.11,03:00,101.47,101.47,101.32,101.42,57
2014.06.11,04:00,101.41,101.41,101.38,101.40,23
2014.06.11,05:00,101.43,101.48,101.41,101.48,34
2014.06.11,06:00,101.49,101.50,101.46,101.49,9
2014.06.11,07:00,101.48,101.50,101.47,101.48,20
2014.06.11,08:00,101.50,101.50,101.44,101.48,25
2014.06.11,09:00,101.49,101.53,101.45,101.50,37
2014.06.11,10:00,101.51,101.70,101.51,101.70,60
2014.06.11,11:00,101.74,101.76,101.65,101.75,101
2014.06.11,12:00,101.74,101.81,101.64,101.65,74
2014.06.11,13:00,101.67,101.72,101.52,101.60,87
2014.06.11,14:00,101.58,101.70,101.56,101.57,97
2014.06.11,15:00,101.58,101.70,101.52,101.52,228
2014.06.11,16:00,101.53,101.62,101.45,101.54,360
2014.06.11,17:00,101.53,101.77,101.47,101.73,708
2014.06.11,18:00,101.74,101.89,101.68,101.73,469
2014.06.11,19:00,101.74,101.79,101.43,101.58,460
2014.06.11,20:00,101.57,101.66,101.49,101.50,298
2014.06.11,21:00,101.51,101.66,101.45,101.65,388
2014.06.11,22:00,101.64,101.71,101.64,101.66,93
2014.06.11,23:00,101.67,101.73,101.66,101.72,41
2014.06.12,00:00,101.71,101.74,101.66,101.74,8
2014.06.12,03:00,101.66,101.73,101.59,101.72,40
2014.06.12,04:00,101.73,101.86,101.72,101.84,44
2014.06.12,05:00,101.83,101.91,101.83,101.88,44
2014.06.12,06:00,101.87,101.88,101.77,101.85,41
2014.06.12,07:00,101.83,101.84,101.77,101.78,60
2014.06.12,08:00,101.79,101.92,101.79,101.90,51
2014.06.12,09:00,101.91,102.00,101.87,102.00,97
2014.06.12,10:00,102.01,102.37,101.98,102.35,195
2014.06.12,11:00,102.37,102.60,102.31,102.47,301
2014.06.12,12:00,102.48,103.02,102.47,103.02,285
2014.06.12,13:00,103.01,103.41,102.98,103.05,523
2014.06.12,14:00,103.06,103.33,102.75,103.26,386
2014.06.12,15:00,103.24,103.56,103.20,103.27,665
2014.06.12,16:00,103.25,103.32,102.95,102.95,824
2014.06.12,17:00,102.94,103.22,102.82,103.06,745
2014.06.12,18:00,103.07,103.20,102.92,103.02,687
2014.06.12,19:00,103.01,103.32,102.99,103.15,416
2014.06.12,20:00,103.14,103.22,103.06,103.10,308
2014.06.12,21:00,103.07,103.72,103.07,103.47,682
2014.06.12,22:00,103.46,103.89,103.46,103.85,271
2014.06.12,23:00,103.86,104.02,103.82,103.90,230
2014.06.13,00:00,103.89,103.94,103.86,103.91,52
2014.06.13,03:00,104.28,104.59,104.21,104.30,175
2014.06.13,04:00,104.29,104.34,104.18,104.26,78
2014.06.13,05:00,104.25,104.27,104.17,104.17,72
2014.06.13,06:00,104.19,104.21,103.84,103.84,132
2014.06.13,07:00,103.85,103.98,103.85,103.96,77
2014.06.13,08:00,103.97,104.30,103.87,104.30,110
2014.06.13,09:00,104.29,104.41,104.19,104.38,145
2014.06.13,10:00,104.37,104.70,104.32,104.61,349
2014.06.13,11:00,104.58,104.58,104.23,104.28,353
2014.06.13,12:00,104.27,104.31,103.82,104.04,236
2014.06.13,13:00,104.05,104.24,104.05,104.18,243
2014.06.13,14:00,104.19,104.20,103.86,104.04,161
2014.06.13,15:00,104.05,104.08,103.79,103.81,375
2014.06.13,16:00,103.80,103.97,103.50,103.83,623
2014.06.13,17:00,103.82,104.07,103.69,103.76,613
2014.06.13,18:00,103.75,103.77,103.62,103.63,387
2014.06.13,19:00,103.64,104.00,103.64,103.95,430
2014.06.13,20:00,103.96,104.16,103.79,103.80,407
2014.06.13,21:00,103.81,103.93,103.46,103.48,558
2014.06.13,22:00,103.49,103.89,103.44,103.69,373
2014.06.13,23:00,103.68,103.76,103.60,103.61,114
2014.06.16,03:00,104.24,104.38,104.13,104.23,202
2014.06.16,04:00,104.26,104.27,104.01,104.06,162
2014.06.16,05:00,104.05,104.16,103.82,104.15,407
2014.06.16,06:00,104.14,104.27,104.14,104.21,93
2014.06.16,07:00,104.20,104.29,104.18,104.28,47
2014.06.16,08:00,104.29,104.32,104.23,104.28,53
2014.06.16,09:00,104.27,104.30,104.20,104.28,98
2014.06.16,10:00,104.27,104.30,104.16,104.20,192
2014.06.16,11:00,104.21,104.28,103.97,104.06,218
2014.06.16,12:00,104.03,104.07,103.89,104.03,186
2014.06.16,13:00,104.01,104.12,103.81,103.95,166
2014.06.16,14:00,103.93,104.12,103.84,103.88,219
2014.06.16,15:00,103.87,104.12,103.85,103.91,494
2014.06.16,16:00,103.87,104.04,103.75,103.93,602
2014.06.16,17:00,103.91,104.15,103.91,104.04,441
2014.06.16,18:00,104.03,104.18,103.92,104.10,508
2014.06.16,19:00,104.09,104.10,103.99,104.07,237
2014.06.16,20:00,104.05,104.10,103.86,103.95,303
2014.06.16,21:00,103.96,104.19,103.95,104.05,399
2014.06.16,22:00,104.06,104.14,103.99,104.14,137
2014.06.16,23:00,104.13,104.14,104.04,104.06,82
2014.06.17,00:00,104.05,104.07,103.94,103.94,38
2014.06.17,03:00,104.05,104.18,104.02,104.14,44
2014.06.17,04:00,104.15,104.15,104.02,104.02,58
2014.06.17,05:00,104.01,104.07,103.93,103.98,42
2014.06.17,06:00,103.97,103.98,103.93,103.93,83
2014.06.17,07:00,103.94,103.95,103.83,103.86,47
2014.06.17,08:00,103.88,103.91,103.76,103.83,77
2014.06.17,09:00,103.84,103.99,103.84,103.87,69
2014.06.17,10:00,103.85,103.95,103.77,103.85,121
2014.06.17,11:00,103.86,103.87,103.42,103.61,219
2014.06.17,12:00,103.62,103.83,103.56,103.78,126
2014.06.17,13:00,103.80,103.83,103.51,103.60,148
2014.06.17,14:00,103.61,103.79,103.53,103.76,152
2014.06.17,15:00,103.77,103.91,103.71,103.87,348
2014.06.17,16:00,103.86,104.16,103.86,104.13,572
2014.06.17,17:00,104.12,104.31,104.09,104.28,306
2014.06.17,18:00,104.30,104.62,104.29,104.34,741
2014.06.17,19:00,104.35,104.40,104.22,104.29,274
2014.06.17,20:00,104.30,104.30,103.79,103.88,470
2014.06.17,21:00,103.87,104.02,103.75,103.80,432
2014.06.17,22:00,103.81,103.83,103.66,103.68,104
2014.06.17,23:00,103.66,104.10,103.64,104.09,149
2014.06.18,00:00,104.08,104.18,104.01,104.01,63
2014.06.18,03:00,104.02,104.19,104.02,104.17,37
2014.06.18,04:00,104.16,104.23,104.15,104.22,27
2014.06.18,05:00,104.24,104.33,104.21,104.21,126
2014.06.18,06:00,104.23,104.23,103.91,103.96,65
2014.06.18,07:00,103.98,103.99,103.88,103.92,56
2014.06.18,08:00,103.93,104.07,103.90,104.07,42
2014.06.18,09:00,104.08,104.15,103.98,104.15,105
2014.06.18,10:00,104.18,104.43,104.18,104.30,196
2014.06.18,11:00,104.28,104.30,104.12,104.14,190
2014.06.18,12:00,104.15,104.15,104.02,104.08,170
2014.06.18,13:00,104.09,104.23,104.04,104.21,138
2014.06.18,14:00,104.20,104.36,104.16,104.24,133
2014.06.18,15:00,104.23,104.24,104.06,104.18,222
2014.06.18,16:00,104.19,104.31,104.08,104.30,412
2014.06.18,17:00,104.32,104.32,103.73,103.91,776
2014.06.18,18:00,103.90,103.99,103.63,103.96,948
2014.06.18,19:00,103.98,104.19,103.90,103.99,544
2014.06.18,20:00,103.96,104.02,103.73,103.92,554
2014.06.18,21:00,103.93,103.99,103.70,103.97,702
2014.06.18,22:00,103.96,104.05,103.89,104.01,198
2014.06.18,23:00,104.02,104.08,103.96,104.01,62
2014.06.19,00:00,104.00,104.02,103.96,103.97,14
2014.06.19,03:00,104.11,104.13,104.03,104.12,57
2014.06.19,04:00,104.14,104.24,104.08,104.15,97
2014.06.19,05:00,104.17,104.21,104.13,104.21,54
2014.06.19,06:00,104.20,104.38,104.19,104.38,38
2014.06.19,07:00,104.37,104.42,104.32,104.34,94
2014.06.19,08:00,104.36,104.49,104.35,104.48,63
2014.06.19,09:00,104.47,104.49,104.36,104.38,92
2014.06.19,10:00,104.37,104.38,104.20,104.22,132
2014.06.19,11:00,104.21,104.24,103.97,104.13,285
2014.06.19,12:00,104.14,104.21,104.01,104.19,128
2014.06.19,13:00,104.20,104.32,104.20,104.28,118
2014.06.19,14:00,104.29,104.33,104.15,104.22,179
2014.06.19,15:00,104.23,104.28,103.63,103.80,530
2014.06.19,16:00,103.77,103.91,103.53,103.91,687
2014.06.19,17:00,103.89,104.29,103.84,104.19,765
2014.06.19,18:00,104.21,104.60,104.03,104.12,670
2014.06.19,19:00,104.11,104.42,104.11,104.27,461
2014.06.19,20:00,104.28,104.63,104.22,104.56,558
2014.06.19,21:00,104.54,104.59,104.14,104.25,603
2014.06.19,22:00,104.26,104.31,104.20,104.24,211
2014.06.19,23:00,104.23,104.31,104.23,104.26,46
2014.06.20,00:00,104.24,104.26,104.20,104.25,28
2014.06.20,03:00,104.28,104.29,104.21,104.24,39
2014.06.20,04:00,104.23,104.32,104.22,104.31,19
2014.06.20,05:00,104.32,104.33,104.25,104.26,27
2014.06.20,06:00,104.29,104.38,104.27,104.33,70
2014.06.20,07:00,104.30,104.36,104.27,104.34,38
2014.06.20,08:00,104.35,104.39,104.28,104.33,40
2014.06.20,09:00,104.34,104.35,104.26,104.29,24
2014.06.20,10:00,104.28,104.33,104.25,104.30,61
2014.06.20,11:00,104.29,104.29,104.06,104.23,222
2014.06.20,12:00,104.24,104.31,104.15,104.27,106
2014.06.20,13:00,104.28,104.33,104.18,104.20,108
2014.06.20,14:00,104.21,104.30,104.17,104.23,125
2014.06.20,15:00,104.22,104.69,104.12,104.59,657
2014.06.20,16:00,104.57,104.70,104.47,104.51,511
2014.06.20,17:00,104.52,104.71,104.44,104.58,573
2014.06.20,18:00,104.57,104.60,104.45,104.60,496
2014.06.20,19:00,104.59,104.81,104.52,104.80,355
2014.06.20,20:00,104.81,104.88,104.67,104.76,361
2014.06.20,21:00,104.77,104.89,104.65,104.66,431
2014.06.20,22:00,104.64,104.78,104.60,104.66,182
2014.06.20,23:00,104.68,104.72,104.67,104.68,57
2014.06.23,03:00,105.11,105.25,105.10,105.21,44
2014.06.23,04:00,105.20,105.20,105.05,105.10,57
2014.06.23,05:00,105.08,105.24,105.08,105.16,51
2014.06.23,06:00,105.18,105.22,105.10,105.16,64
2014.06.23,07:00,105.17,105.24,105.17,105.23,46
2014.06.23,08:00,105.24,105.29,105.18,105.26,20
2014.06.23,09:00,105.23,105.36,105.21,105.22,82
2014.06.23,10:00,105.23,105.38,105.21,105.25,224
2014.06.23,11:00,105.24,105.28,105.08,105.09,232
2014.06.23,12:00,105.07,105.18,105.01,105.15,183
2014.06.23,13:00,105.14,105.15,105.00,105.02,118
2014.06.23,14:00,105.03,105.11,104.82,104.95,213
2014.06.23,15:00,104.93,104.96,104.69,104.69,347
2014.06.23,16:00,104.70,104.91,104.27,104.29,866
2014.06.23,17:00,104.31,104.54,104.31,104.38,444
2014.06.23,18:00,104.36,104.51,104.09,104.11,539
2014.06.23,19:00,104.10,104.28,104.10,104.24,293
2014.06.23,20:00,104.23,104.29,104.13,104.29,281
2014.06.23,21:00,104.31,104.40,104.20,104.24,291
2014.06.23,22:00,104.23,104.37,104.15,104.36,131
2014.06.23,23:00,104.35,104.36,104.18,104.22,66
2014.06.24,00:00,104.23,104.24,104.17,104.19,31
2014.06.24,03:00,103.69,103.94,103.69,103.91,149
2014.06.24,04:00,103.93,103.94,103.80,103.94,72
2014.06.24,05:00,103.93,103.93,103.81,103.89,44
2014.06.24,06:00,103.88,103.93,103.87,103.93,36
2014.06.24,07:00,103.92,103.93,103.88,103.91,27
2014.06.24,08:00,103.90,104.08,103.89,104.05,49
2014.06.24,09:00,104.06,104.14,103.93,103.98,131
2014.06.24,10:00,103.99,104.11,103.87,103.88,218
2014.06.24,11:00,103.89,103.94,103.79,103.93,251
2014.06.24,12:00,103.94,104.21,103.87,104.18,319
2014.06.24,13:00,104.17,104.48,104.17,104.45,212
2014.06.24,14:00,104.46,104.57,104.43,104.49,186
2014.06.24,15:00,104.52,104.55,104.30,104.41,327
2014.06.24,16:00,104.43,104.43,104.12,104.33,523
2014.06.24,17:00,104.32,104.66,104.28,104.47,466
2014.06.24,18:00,104.46,104.66,104.46,104.54,344
2014.06.24,19:00,104.56,104.67,104.49,104.62,222
2014.06.24,20:00,104.61,104.61,104.11,104.21,328
2014.06.24,21:00,104.20,104.38,104.11,104.30,350
2014.06.24,22:00,104.31,104.36,104.25,104.34,96
2014.06.24,23:00,104.33,104.36,104.06,104.13,136
2014.06.25,00:00,104.12,104.61,104.10,104.61,50
2014.06.25,03:00,105.16,105.17,104.88,104.97,242
2014.06.25,04:00,104.98,105.01,104.86,104.93,87
2014.06.25,05:00,104.94,105.03,104.90,104.95,70
2014.06.25,06:00,104.94,104.97,104.89,104.95,62
2014.06.25,07:00,104.96,104.98,104.89,104.93,73
2014.06.25,08:00,104.94,104.97,104.89,104.93,46
2014.06.25,09:00,104.92,104.94,104.54,104.56,129
2014.06.25,10:00,104.55,104.63,104.37,104.46,350
2014.06.25,11:00,104.45,104.84,104.37,104.71,299
2014.06.25,12:00,104.72,104.83,104.66,104.81,187
2014.06.25,13:00,104.82,104.91,104.77,104.78,170
2014.06.25,14:00,104.79,104.83,104.67,104.80,248
2014.06.25,15:00,104.79,104.82,104.33,104.48,566
2014.06.25,16:00,104.47,104.51,103.94,104.07,744
2014.06.25,17:00,104.06,104.53,103.85,104.44,946
2014.06.25,18:00,104.45,104.49,104.31,104.40,446
2014.06.25,19:00,104.39,104.65,104.28,104.62,333
2014.06.25,20:00,104.61,104.77,104.57,104.71,372
2014.06.25,21:00,104.72,104.75,104.53,104.71,377
2014.06.25,22:00,104.70,104.85,104.63,104.77,107
2014.06.25,23:00,104.79,104.99,104.77,104.95,103
2014.06.26,00:00,104.97,105.01,104.90,104.90,30
2014.06.26,03:00,104.94,104.94,104.78,104.84,65
2014.06.26,04:00,104.83,104.85,104.77,104.81,109
2014.06.26,05:00,104.80,104.81,104.70,104.72,93
2014.06.26,06:00,104.73,104.85,104.73,104.85,46
2014.06.26,07:00,104.88,104.94,104.84,104.88,53
2014.06.26,08:00,104.90,104.90,104.80,104.86,42
2014.06.26,09:00,104.87,104.92,104.78,104.78,111
2014.06.26,10:00,104.77,104.92,104.66,104.69,257
2014.06.26,11:00,104.71,104.76,104.55,104.67,287
2014.06.26,12:00,104.66,104.77,104.64,104.69,148
2014.06.26,13:00,104.70,104.72,104.51,104.52,184
2014.06.26,14:00,104.54,104.61,104.50,104.56,168
2014.06.26,15:00,104.54,104.64,104.42,104.46,322
2014.06.26,16:00,104.45,104.51,103.72,103.86,599
2014.06.26,17:00,103.85,104.01,103.46,103.59,528
2014.06.26,18:00,103.58,103.74,103.36,103.48,546
2014.06.26,19:00,103.47,103.98,103.44,103.95,285
2014.06.26,20:00,103.93,104.12,103.86,104.10,168
2014.06.26,21:00,104.11,104.29,103.95,103.95,364
2014.06.26,22:00,103.96,104.00,103.87,103.97,103
2014.06.26,23:00,103.98,104.06,103.93,103.94,59
2014.06.27,00:00,103.98,104.02,103.90,103.93,24
2014.06.27,03:00,103.95,104.03,103.93,104.01,39
2014.06.27,04:00,104.02,104.06,103.96,103.97,40
2014.06.27,05:00,103.96,104.09,103.95,104.05,33
2014.06.27,06:00,104.06,104.16,104.06,104.15,99
2014.06.27,07:00,104.16,104.18,104.07,104.07,42
2014.06.27,08:00,104.08,104.16,103.85,103.93,203
2014.06.27,09:00,103.95,103.96,103.82,103.91,176
2014.06.27,10:00,103.89,104.16,103.82,104.09,201
2014.06.27,11:00,104.10,104.26,104.06,104.22,229
2014.06.27,12:00,104.23,104.23,104.09,104.16,149
2014.06.27,13:00,104.19,104.28,104.12,104.26,70
2014.06.27,14:00,104.27,104.30,104.12,104.21,111
2014.06.27,15:00,104.20,104.48,104.13,104.39,333
2014.06.27,16:00,104.38,104.49,104.27,104.39,354
2014.06.27,17:00,104.38,104.39,103.94,104.01,532
2014.06.27,18:00,103.99,104.01,103.71,103.92,543
2014.06.27,19:00,103.93,104.19,103.85,104.16,210
2014.06.27,20:00,104.14,104.20,103.92,103.92,199
2014.06.27,21:00,103.91,104.17,103.90,104.09,278
2014.06.27,22:00,104.10,104.19,104.04,104.10,91
2014.06.27,23:00,104.11,104.22,104.06,104.12,80
2014.06.30,03:00,103.85,103.85,103.80,103.83,7
2014.06.30,04:00,103.81,103.90,103.81,103.87,22
2014.06.30,05:00,103.86,103.89,103.80,103.85,45
2014.06.30,06:00,103.84,103.85,103.79,103.85,26
2014.06.30,07:00,103.84,103.84,103.81,103.81,13
2014.06.30,08:00,103.80,103.81,103.66,103.71,80
2014.06.30,09:00,103.70,103.75,103.55,103.59,69
2014.06.30,10:00,103.57,103.60,103.46,103.54,134
2014.06.30,11:00,103.53,103.76,103.49,103.71,186
2014.06.30,12:00,103.73,103.75,103.65,103.69,106
2014.06.30,13:00,103.68,103.73,103.61,103.71,108
2014.06.30,14:00,103.72,103.75,103.53,103.59,110
2014.06.30,15:00,103.60,103.78,103.50,103.78,361
2014.06.30,16:00,103.84,104.12,103.76,104.04,409
2014.06.30,17:00,104.05,104.07,103.66,103.82,476
2014.06.30,18:00,103.81,103.81,103.55,103.59,504
2014.06.30,19:00,103.60,103.67,103.21,103.35,433
2014.06.30,20:00,103.34,103.90,103.25,103.76,328
2014.06.30,21:00,103.74,104.10,103.72,103.88,424
2014.06.30,22:00,103.86,103.93,103.79,103.89,107
2014.06.30,23:00,103.90,103.98,103.86,103.93,74
2014.07.01,00:00,103.95,104.00,103.92,103.93,20
2014.07.01,03:00,103.97,103.99,103.95,103.97,36
2014.07.01,04:00,103.99,104.11,103.96,104.06,27
2014.07.01,05:00,104.02,104.08,104.01,104.05,26
2014.07.01,06:00,104.07,104.15,104.02,104.05,32
2014.07.01,07:00,104.07,104.12,104.05,104.10,42
2014.07.01,08:00,104.11,104.25,104.06,104.06,24
2014.07.01,09:00,104.05,104.19,104.03,104.17,65
2014.07.01,10:00,104.18,104.30,104.11,104.18,130
2014.07.01,11:00,104.17,104.37,104.17,104.31,125
2014.07.01,12:00,104.29,104.30,104.12,104.24,189
2014.07.01,13:00,104.25,104.26,104.13,104.16,51
2014.07.01,14:00,104.15,104.22,104.09,104.22,100
2014.07.01,15:00,104.21,104.28,104.06,104.22,343
2014.07.01,16:00,104.23,104.45,104.01,104.44,694
2014.07.01,17:00,104.43,104.44,103.68,103.75,925
2014.07.01,18:00,103.74,103.84,103.49,103.55,896
2014.07.01,19:00,103.56,103.71,103.49,103.69,386
2014.07.01,20:00,103.70,103.72,103.20,103.44,640
2014.07.01,21:00,103.45,103.89,103.40,103.79,639
2014.07.01,22:00,103.78,103.89,103.76,103.88,135
2014.07.01,23:00,103.90,103.92,103.80,103.82,133
2014.07.02,00:00,103.83,103.83,103.70,103.71,20
2014.07.02,03:00,103.85,103.90,103.81,103.83,37
2014.07.02,04:00,103.84,103.91,103.77,103.86,66
2014.07.02,05:00,103.87,103.88,103.83,103.85,39
2014.07.02,06:00,103.86,103.94,103.85,103.94,61
2014.07.02,07:00,103.95,103.98,103.81,103.84,42
2014.07.02,08:00,103.85,103.95,103.83,103.92,61
2014.07.02,09:00,103.91,103.94,103.87,103.92,55
2014.07.02,10:00,103.94,103.95,103.87,103.89,95
2014.07.02,11:00,103.90,103.92,103.80,103.86,189
2014.07.02,12:00,103.88,103.88,103.37,103.37,312
2014.07.02,13:00,103.36,103.60,103.36,103.51,169
2014.07.02,14:00,103.53,103.65,103.42,103.47,208
2014.07.02,15:00,103.46,103.63,103.32,103.47,565
2014.07.02,16:00,103.45,103.48,103.17,103.22,694
2014.07.02,17:00,103.23,103.86,103.14,103.84,888
2014.07.02,18:00,103.85,103.99,103.09,103.13,822
2014.07.02,19:00,103.14,103.19,102.88,103.02,625
2014.07.02,20:00,103.00,103.13,102.87,102.96,437
2014.07.02,21:00,102.95,103.11,102.86,102.92,511
2014.07.02,22:00,102.93,102.97,102.66,102.73,260
2014.07.02,23:00,102.74,102.84,102.73,102.81,88
2014.07.03,00:00,102.80,104.35,102.75,102.82,33
2014.07.03,03:00,102.66,102.69,102.55,102.59,50
2014.07.03,04:00,102.58,102.67,102.58,102.67,54
2014.07.03,05:00,102.64,102.70,102.59,102.61,36
2014.07.03,06:00,102.60,102.70,102.59,102.66,30
2014.07.03,07:00,102.65,102.75,102.60,102.69,58
2014.07.03,08:00,102.68,102.73,102.64,102.70,21
2014.07.03,09:00,102.69,102.77,102.65,102.75,114
2014.07.03,10:00,102.74,102.80,102.57,102.68,147
2014.07.03,11:00,102.69,102.79,102.60,102.78,269
2014.07.03,12:00,102.77,102.85,102.63,102.67,127
2014.07.03,13:00,102.68,102.68,102.43,102.45,138
2014.07.03,14:00,102.46,102.58,102.34,102.56,236
2014.07.03,15:00,102.57,102.82,102.45,102.73,514
2014.07.03,16:00,102.74,102.82,102.39,102.52,678
2014.07.03,17:00,102.51,102.70,102.36,102.57,525
2014.07.03,18:00,102.58,102.60,102.34,102.47,454
2014.07.03,19:00,102.46,102.49,102.38,102.39,254
2014.07.03,20:00,102.40,102.72,102.39,102.69,254
2014.07.03,21:00,102.70,102.78,102.58,102.70,418
2014.07.03,22:00,102.69,102.79,102.69,102.72,87
2014.07.03,23:00,102.73,102.75,102.70,102.71,38
2014.07.04,00:00,102.72,102.76,102.70,102.72,24
2014.07.04,03:00,102.80,102.80,102.73,102.78,104
2014.07.04,04:00,102.77,102.77,102.57,102.61,82
2014.07.04,05:00,102.60,102.64,102.55,102.61,55
2014.07.04,06:00,102.60,102.69,102.59,102.64,51
2014.07.04,07:00,102.65,102.70,102.61,102.68,34
2014.07.04,08:00,102.67,102.68,102.61,102.67,29
2014.07.04,09:00,102.66,102.69,102.63,102.67,36
2014.07.04,10:00,102.64,102.81,102.64,102.74,98
2014.07.04,11:00,102.73,102.82,102.69,102.70,166
2014.07.04,12:00,102.69,102.72,102.57,102.59,136
2014.07.04,13:00,102.60,102.62,102.53,102.60,122
2014.07.04,14:00,102.59,102.61,102.39,102.44,123
2014.07.04,15:00,102.45,102.48,102.39,102.48,93
2014.07.04,16:00,102.47,102.61,102.45,102.50,163
2014.07.04,17:00,102.49,102.58,102.44,102.50,127
2014.07.04,18:00,102.49,102.53,102.41,102.50,165
2014.07.04,19:00,102.48,102.53,102.46,102.46,112
2014.07.04,20:00,102.50,102.50,102.45,102.47,5
2014.07.07,03:00,102.48,102.50,102.48,102.50,9
2014.07.07,04:00,102.49,102.74,102.49,102.73,54
2014.07.07,05:00,102.72,102.78,102.66,102.67,79
2014.07.07,06:00,102.66,102.75,102.66,102.68,60
2014.07.07,07:00,102.69,102.76,102.64,102.67,91
2014.07.07,08:00,102.68,102.69,102.62,102.62,63
2014.07.07,09:00,102.60,102.60,102.46,102.54,92
2014.07.07,10:00,102.53,102.57,102.44,102.52,83
2014.07.07,11:00,102.51,102.58,102.42,102.53,187
2014.07.07,12:00,102.51,102.62,102.46,102.59,121
2014.07.07,13:00,102.60,102.64,102.53,102.57,90
2014.07.07,14:00,102.58,102.70,102.56,102.61,119
2014.07.07,15:00,102.60,102.74,102.52,102.70,368
2014.07.07,16:00,102.71,102.71,102.10,102.27,699
2014.07.07,17:00,102.26,102.27,102.01,102.07,504
2014.07.07,18:00,102.05,102.20,101.94,102.06,640
2014.07.07,19:00,102.05,102.30,102.02,102.12,418
2014.07.07,20:00,102.11,102.23,102.10,102.20,293
2014.07.07,21:00,102.21,102.30,102.05,102.23,464
2014.07.07,22:00,102.22,102.22,102.06,102.21,176
2014.07.07,23:00,102.20,102.21,102.13,102.18,77
2014.07.08,00:00,102.17,102.17,102.00,102.05,37
2014.07.08,03:00,102.09,102.11,102.07,102.09,18
2014.07.08,04:00,102.10,102.22,102.09,102.12,27
2014.07.08,05:00,102.11,102.13,102.05,102.12,17
2014.07.08,06:00,102.13,102.17,102.09,102.15,46
2014.07.08,07:00,102.14,102.16,102.10,102.15,50
2014.07.08,08:00,102.16,102.18,102.11,102.18,67
2014.07.08,09:00,102.17,102.27,102.16,102.25,76
2014.07.08,10:00,102.23,102.24,102.06,102.12,193
2014.07.08,11:00,102.11,102.21,102.02,102.11,197
2014.07.08,12:00,102.12,102.14,102.08,102.12,80
2014.07.08,13:00,102.13,102.14,101.99,102.09,114
2014.07.08,14:00,102.10,102.16,102.02,102.13,104
2014.07.08,15:00,102.14,102.23,102.12,102.20,138
2014.07.08,16:00,102.19,102.79,102.14,102.18,839
2014.07.08,17:00,102.19,102.40,101.90,102.30,1007
2014.07.08,18:00,102.31,102.33,101.92,101.99,878
2014.07.08,19:00,101.97,102.04,101.72,101.81,600
2014.07.08,20:00,101.82,101.90,101.67,101.84,444
2014.07.08,21:00,101.83,102.03,101.72,101.95,544
2014.07.08,22:00,101.94,102.05,101.90,102.01,236
2014.07.08,23:00,101.99,102.06,101.89,101.94,158
2014.07.09,00:00,101.95,102.01,101.94,101.97,35
2014.07.09,03:00,102.00,102.01,101.96,101.98,31
2014.07.09,04:00,101.99,102.01,101.91,101.95,29
2014.07.09,05:00,101.94,101.94,101.90,101.93,17
2014.07.09,06:00,101.91,102.05,101.91,102.04,43
2014.07.09,07:00,102.03,102.08,102.02,102.08,56
2014.07.09,08:00,102.09,102.10,102.01,102.03,44
2014.07.09,09:00,102.04,102.09,101.99,102.00,50
2014.07.09,10:00,102.01,102.06,101.82,101.89,202
2014.07.09,11:00,101.83,102.00,101.77,101.93,268
2014.07.09,12:00,101.94,102.03,101.87,101.96,177
2014.07.09,13:00,101.97,101.97,101.81,101.86,86
2014.07.09,14:00,101.87,101.90,101.72,101.78,156
2014.07.09,15:00,101.77,101.82,101.40,101.44,338
2014.07.09,16:00,101.43,101.48,101.16,101.23,555
2014.07.09,17:00,101.22,101.36,101.00,101.25,852
2014.07.09,18:00,101.24,101.29,100.87,100.98,731
2014.07.09,19:00,100.97,101.03,100.75,100.82,481
2014.07.09,20:00,100.81,101.01,100.77,100.89,373
2014.07.09,21:00,100.90,101.04,100.72,100.93,566
2014.07.09,22:00,100.92,101.01,100.89,100.89,126
2014.07.09,23:00,100.88,100.91,100.73,100.78,135
2014.07.10,00:00,100.77,100.77,100.68,100.70,32
2014.07.10,03:00,100.59,100.73,100.59,100.70,26
2014.07.10,04:00,100.72,100.77,100.68,100.75,47
2014.07.10,05:00,100.76,100.76,100.52,100.53,117
2014.07.10,06:00,100.54,100.58,100.52,100.55,53
2014.07.10,07:00,100.54,100.58,100.50,100.50,25
2014.07.10,08:00,100.51,100.63,100.50,100.51,68
2014.07.10,09:00,100.52,100.62,100.52,100.53,95
2014.07.10,10:00,100.54,100.64,100.39,100.40,144
2014.07.10,11:00,100.41,100.63,100.40,100.53,234
2014.07.10,12:00,100.54,100.86,100.52,100.62,261
2014.07.10,13:00,100.61,100.61,100.34,100.53,177
2014.07.10,14:00,100.54,100.83,100.49,100.78,198
2014.07.10,15:00,100.77,100.89,100.68,100.81,462
2014.07.10,16:00,100.80,100.99,100.63,100.98,692
2014.07.10,17:00,100.96,101.01,100.76,100.85,516
2014.07.10,18:00,100.86,101.04,100.70,100.94,518
2014.07.10,19:00,100.95,101.13,100.90,101.06,389
2014.07.10,20:00,101.05,101.51,101.03,101.38,547
2014.07.10,21:00,101.39,101.74,101.39,101.68,790
2014.07.10,22:00,101.64,101.70,101.54,101.57,190
2014.07.10,23:00,101.59,101.63,101.52,101.60,109
2014.07.11,00:00,101.58,101.59,101.49,101.54,45
2014.07.11,03:00,101.41,101.54,101.41,101.53,45
2014.07.11,04:00,101.54,101.56,101.42,101.47,50
2014.07.11,05:00,101.46,101.61,101.45,101.53,51
2014.07.11,06:00,101.54,101.55,101.48,101.48,28
2014.07.11,07:00,101.49,101.49,101.47,101.49,9
2014.07.11,08:00,101.47,101.48,101.42,101.44,47
2014.07.11,09:00,101.43,101.45,101.31,101.33,55
2014.07.11,10:00,101.31,101.31,101.10,101.12,148
2014.07.11,11:00,101.13,101.37,101.10,101.37,225
2014.07.11,12:00,101.36,101.48,101.31,101.31,129
2014.07.11,13:00,101.32,101.35,101.20,101.28,164
2014.07.11,14:00,101.27,101.29,101.13,101.28,166
2014.07.11,15:00,101.27,101.30,100.99,101.03,398
2014.07.11,16:00,101.01,101.02,100.58,100.75,650
2014.07.11,17:00,100.74,100.78,100.55,100.70,518
2014.07.11,18:00,100.65,100.68,100.06,100.14,646
2014.07.11,19:00,100.13,100.17,99.99,100.12,354
2014.07.11,20:00,100.11,100.11,99.40,99.69,732
2014.07.11,21:00,99.68,99.73,99.24,99.44,984
2014.07.11,22:00,99.43,99.58,99.37,99.56,180
2014.07.11,23:00,99.54,99.59,99.45,99.50,101
2014.07.14,03:00,99.63,99.70,99.60,99.67,66
2014.07.14,04:00,99.66,99.74,99.59,99.70,126
2014.07.14,05:00,99.68,99.72,99.63,99.71,75
2014.07.14,06:00,99.72,99.74,99.55,99.61,65
2014.07.14,07:00,99.60,99.64,99.36,99.36,116
2014.07.14,08:00,99.35,99.38,99.23,99.35,99
2014.07.14,09:00,99.34,99.39,99.20,99.22,98
2014.07.14,10:00,99.21,99.30,99.13,99.19,168
2014.07.14,11:00,99.21,99.38,99.18,99.32,215
2014.07.14,12:00,99.33,99.38,99.20,99.32,187
2014.07.14,13:00,99.31,99.38,99.27,99.34,75
2014.07.14,14:00,99.35,99.62,99.33,99.61,126
2014.07.14,15:00,99.60,99.73,99.51,99.65,395
2014.07.14,16:00,99.64,99.68,99.35,99.56,537
2014.07.14,17:00,99.57,99.76,99.13,99.31,756
2014.07.14,18:00,99.30,99.74,99.20,99.65,796
2014.07.14,19:00,99.64,99.65,99.46,99.49,555
2014.07.14,20:00,99.50,99.62,99.38,99.43,567
2014.07.14,21:00,99.42,100.05,99.33,99.95,814
2014.07.14,22:00,99.94,100.14,99.89,100.07,241
2014.07.14,23:00,100.06,100.17,99.98,100.06,168
2014.07.15,00:00,100.04,100.05,99.81,99.85,71
2014.07.15,03:00,99.97,99.99,99.89,99.91,61
2014.07.15,04:00,99.92,99.97,99.81,99.87,76
2014.07.15,05:00,99.89,99.94,99.86,99.93,27
2014.07.15,06:00,99.94,100.00,99.93,100.00,21
2014.07.15,07:00,100.01,100.02,99.90,99.92,40
2014.07.15,08:00,99.93,99.98,99.86,99.88,78
2014.07.15,09:00,99.85,99.96,99.76,99.86,150
2014.07.15,10:00,99.84,99.85,99.71,99.78,123
2014.07.15,11:00,99.77,99.82,99.67,99.74,239
2014.07.15,12:00,99.75,99.75,99.51,99.57,190
2014.07.15,13:00,99.55,99.58,99.21,99.42,255
2014.07.15,14:00,99.41,99.52,99.19,99.22,242
2014.07.15,15:00,99.24,99.42,98.97,99.12,481
2014.07.15,16:00,99.11,99.14,98.70,98.75,884
2014.07.15,17:00,98.74,98.86,98.43,98.55,930
2014.07.15,18:00,98.54,98.55,98.20,98.33,969
2014.07.15,19:00,98.34,98.65,98.34,98.56,541
2014.07.15,20:00,98.55,98.93,98.52,98.55,457
2014.07.15,21:00,98.56,99.08,98.46,98.71,827
2014.07.15,22:00,98.72,98.96,98.66,98.85,252
2014.07.15,23:00,98.90,99.15,98.81,99.07,248
2014.07.16,00:00,99.09,99.15,99.07,99.08,41
2014.07.16,03:00,99.05,99.15,99.05,99.13,63
2014.07.16,04:00,99.12,99.24,99.11,99.23,23
2014.07.16,05:00,99.24,99.26,99.19,99.26,43
2014.07.16,06:00,99.28,99.32,99.26,99.29,69
2014.07.16,07:00,99.30,99.36,99.28,99.29,49
2014.07.16,08:00,99.30,99.42,99.30,99.40,16
2014.07.16,09:00,99.39,99.54,99.34,99.53,63
2014.07.16,10:00,99.52,99.61,99.48,99.54,189
2014.07.16,11:00,99.55,99.70,99.49,99.68,258
2014.07.16,12:00,99.69,99.73,99.56,99.59,175
2014.07.16,13:00,99.60,99.70,99.57,99.69,132
2014.07.16,14:00,99.68,99.87,99.64,99.69,260
2014.07.16,15:00,99.68,99.78,99.60,99.63,314
2014.07.16,16:00,99.61,99.70,99.34,99.67,505
2014.07.16,17:00,99.68,100.10,99.49,99.84,888
2014.07.16,18:00,99.85,100.19,99.74,99.84,741
2014.07.16,19:00,99.81,100.05,99.77,100.03,388
2014.07.16,20:00,100.04,100.07,99.86,99.93,327
2014.07.16,21:00,99.92,99.97,99.81,99.94,468
2014.07.16,22:00,99.93,100.03,99.87,99.92,168
2014.07.16,23:00,99.91,100.06,99.90,100.06,136
2014.07.17,00:00,100.05,100.11,99.93,100.02,61
2014.07.17,03:00,100.00,100.10,99.97,100.03,120
2014.07.17,04:00,100.02,100.09,100.02,100.09,42
2014.07.17,05:00,100.08,100.09,99.98,100.04,31
2014.07.17,06:00,100.05,100.07,100.01,100.01,34
2014.07.17,07:00,100.02,100.05,100.01,100.03,27
2014.07.17,08:00,100.02,100.04,99.98,100.00,34
2014.07.17,09:00,99.99,100.06,99.98,99.98,73
2014.07.17,10:00,99.99,100.65,99.79,100.61,424
2014.07.17,11:00,100.60,100.64,100.42,100.56,294
2014.07.17,12:00,100.57,100.70,100.57,100.70,98
2014.07.17,13:00,100.69,100.96,100.66,100.95,241
2014.07.17,14:00,100.96,101.10,100.77,101.01,286
2014.07.17,15:00,101.02,101.50,101.00,101.41,573
2014.07.17,16:00,101.42,101.42,100.88,101.03,823
2014.07.17,17:00,101.04,101.05,100.36,100.43,828
2014.07.17,18:00,100.44,101.07,100.24,100.93,1182
2014.07.17,19:00,100.92,101.12,100.74,100.91,666
2014.07.17,20:00,100.92,101.26,100.91,101.22,709
2014.07.17,21:00,101.23,101.32,101.03,101.16,688
2014.07.17,22:00,101.14,101.15,101.02,101.13,300
2014.07.17,23:00,101.12,101.86,101.11,101.72,481
2014.07.18,00:00,101.73,101.80,101.60,101.67,95
2014.07.18,03:00,101.68,101.76,101.61,101.69,128
2014.07.18,04:00,101.68,101.69,101.58,101.64,146
2014.07.18,05:00,101.63,101.82,101.63,101.74,90
2014.07.18,06:00,101.72,101.75,101.62,101.62,60
2014.07.18,07:00,101.61,101.67,101.53,101.63,110
2014.07.18,08:00,101.61,101.68,101.60,101.65,71
2014.07.18,09:00,101.64,101.80,101.47,101.70,137
2014.07.18,10:00,101.68,101.73,101.56,101.69,198
2014.07.18,11:00,101.67,101.76,101.48,101.55,172
2014.07.18,12:00,101.54,101.54,101.36,101.36,188
2014.07.18,13:00,101.37,101.61,101.37,101.54,151
2014.07.18,14:00,101.56,101.56,101.30,101.36,127
2014.07.18,15:00,101.35,101.35,100.94,101.13,420
2014.07.18,16:00,101.14,101.36,100.96,101.01,635
2014.07.18,17:00,101.00,101.26,100.85,100.97,929
2014.07.18,18:00,100.96,101.26,100.85,100.93,1116
2014.07.18,19:00,100.94,101.12,100.85,100.94,809
2014.07.18,20:00,100.95,101.01,100.75,100.89,556
2014.07.18,21:00,100.88,101.09,100.70,100.80,806
2014.07.18,22:00,100.79,100.85,100.61,100.75,278
2014.07.18,23:00,100.74,100.82,100.70,100.76,160
2014.07.21,03:00,100.70,100.84,100.70,100.80,61
2014.07.21,04:00,100.79,100.85,100.71,100.78,83
2014.07.21,05:00,100.79,100.82,100.78,100.80,27
2014.07.21,06:00,100.81,100.95,100.81,100.90,64
2014.07.21,07:00,100.89,100.92,100.87,100.91,37
2014.07.21,08:00,100.90,100.90,100.75,100.83,68
2014.07.21,09:00,100.84,100.85,100.63,100.67,106
2014.07.21,10:00,100.65,100.76,100.50,100.54,240
2014.07.21,11:00,100.56,101.31,100.55,101.23,370
2014.07.21,12:00,101.24,101.24,100.85,100.93,216
2014.07.21,13:00,100.92,100.94,100.68,100.70,138
2014.07.21,14:00,100.69,100.84,100.58,100.80,181
2014.07.21,15:00,100.81,101.01,100.80,100.91,277
2014.07.21,16:00,100.92,101.19,100.90,101.16,813
2014.07.21,17:00,101.15,101.31,100.89,101.13,949
2014.07.21,18:00,101.14,101.33,100.88,101.24,953
2014.07.21,19:00,101.25,101.31,100.98,101.07,628
2014.07.21,20:00,101.08,101.22,100.91,101.03,610
2014.07.21,21:00,101.04,101.81,101.03,101.63,1018
2014.07.21,22:00,101.64,101.73,101.55,101.61,208
2014.07.21,23:00,101.60,101.75,101.59,101.68,95
2014.07.22,00:00,101.67,101.72,101.55,101.58,33
2014.07.22,03:00,101.66,101.69,101.58,101.60,50
2014.07.22,04:00,101.59,101.66,101.59,101.64,31
2014.07.22,05:00,101.65,101.71,101.60,101.64,62
2014.07.22,06:00,101.63,102.11,101.61,102.03,215
2014.07.22,07:00,102.04,102.10,101.89,101.89,154
2014.07.22,08:00,101.84,101.96,101.80,101.89,125
2014.07.22,09:00,101.86,101.97,101.72,101.84,131
2014.07.22,10:00,101.83,102.03,101.77,101.96,213
2014.07.22,11:00,101.95,102.01,101.75,101.88,315
2014.07.22,12:00,101.87,102.00,101.86,101.89,155
2014.07.22,13:00,101.90,102.05,101.86,101.92,220
2014.07.22,14:00,101.93,102.03,101.74,101.91,194
2014.07.22,15:00,101.90,102.06,101.56,101.58,599
2014.07.22,16:00,101.57,101.65,101.31,101.47,1037
2014.07.22,17:00,101.48,101.53,101.29,101.30,694
2014.07.22,18:00,101.29,101.52,101.23,101.40,675
2014.07.22,19:00,101.41,101.52,101.29,101.31,505
2014.07.22,20:00,101.30,101.37,101.15,101.22,423
2014.07.22,21:00,101.21,101.32,100.96,101.18,755
2014.07.22,22:00,101.17,101.20,101.12,101.18,118
2014.07.22,23:00,101.17,101.19,100.90,100.94,174
2014.07.23,00:00,100.95,100.96,100.68,100.77,56
2014.07.23,03:00,100.64,100.90,100.63,100.89,156
2014.07.23,04:00,100.90,100.98,100.86,100.89,108
2014.07.23,05:00,100.88,100.93,100.85,100.87,46
2014.07.23,06:00,100.86,100.89,100.80,100.85,73
2014.07.23,07:00,100.84,100.85,100.76,100.83,72
2014.07.23,08:00,100.82,100.92,100.81,100.92,33
2014.07.23,09:00,100.93,100.93,100.76,100.78,50
2014.07.23,10:00,100.77,100.91,100.73,100.78,177
2014.07.23,11:00,100.79,101.03,100.78,100.99,248
2014.07.23,12:00,101.01,101.18,100.92,101.12,198
2014.07.23,13:00,101.13,101.22,101.10,101.22,168
2014.07.23,14:00,101.23,101.36,101.20,101.22,204
2014.07.23,15:00,101.23,101.30,101.15,101.30,309
2014.07.23,16:00,101.29,101.46,101.23,101.37,643
2014.07.23,17:00,101.38,101.50,101.13,101.37,1011
2014.07.23,18:00,101.38,101.71,101.27,101.51,1002
2014.07.23,19:00,101.52,101.52,101.13,101.25,789
2014.07.23,20:00,101.24,101.58,101.24,101.48,535
2014.07.23,21:00,101.51,101.65,101.46,101.54,518
2014.07.23,22:00,101.53,101.54,101.41,101.48,153
2014.07.23,23:00,101.49,101.64,101.45,101.63,107
2014.07.24,00:00,101.62,101.83,101.62,101.74,73
2014.07.24,03:00,101.62,101.63,101.56,101.58,48
2014.07.24,04:00,101.57,101.64,101.55,101.61,53
2014.07.24,05:00,101.60,101.61,101.55,101.59,34
2014.07.24,06:00,101.61,101.63,101.58,101.62,17
2014.07.24,07:00,101.61,101.63,101.57,101.57,25
2014.07.24,08:00,101.58,101.63,101.34,101.34,88
2014.07.24,09:00,101.35,101.50,101.25,101.33,169
2014.07.24,10:00,101.34,101.36,101.18,101.24,216
2014.07.24,11:00,101.23,101.44,101.19,101.22,249
2014.07.24,12:00,101.21,101.30,101.15,101.25,146
2014.07.24,13:00,101.24,101.26,101.13,101.26,107
2014.07.24,14:00,101.25,101.42,101.20,101.32,170
2014.07.24,15:00,101.34,101.59,101.19,101.51,324
2014.07.24,16:00,101.50,101.60,101.24,101.36,669
2014.07.24,17:00,101.37,101.48,100.99,101.09,726
2014.07.24,18:00,101.10,101.29,100.83,100.87,717
2014.07.24,19:00,100.88,100.94,100.77,100.85,512
2014.07.24,20:00,100.84,100.90,100.65,100.83,416
2014.07.24,21:00,100.82,100.87,100.52,100.61,644
2014.07.24,22:00,100.60,100.75,100.57,100.73,226
2014.07.24,23:00,100.74,100.74,100.63,100.69,94
2014.07.25,00:00,100.70,100.73,100.68,100.73,24
2014.07.25,03:00,100.74,100.77,100.71,100.75,40
2014.07.25,04:00,100.76,100.80,100.75,100.77,67
2014.07.25,05:00,100.78,100.78,100.61,100.62,80
2014.07.25,06:00,100.63,100.68,100.53,100.68,60
2014.07.25,07:00,100.69,100.75,100.69,100.73,36
2014.07.25,08:00,100.74,100.74,100.64,100.70,33
2014.07.25,09:00,100.71,100.87,100.71,100.82,66
2014.07.25,10:00,100.81,100.84,100.67,100.72,165
2014.07.25,11:00,100.74,100.88,100.68,100.80,212
2014.07.25,12:00,100.81,100.83,100.69,100.79,120
2014.07.25,13:00,100.80,100.90,100.63,100.71,135
2014.07.25,14:00,100.72,100.77,100.60,100.76,125
2014.07.25,15:00,100.77,100.78,100.24,100.32,617
2014.07.25,16:00,100.33,100.46,99.80,99.90,902
2014.07.25,17:00,99.91,100.83,99.80,100.57,911
2014.07.25,18:00,100.59,101.14,100.33,100.38,1340
2014.07.25,19:00,100.37,100.78,100.32,100.53,596
2014.07.25,20:00,100.54,100.87,100.42,100.73,569
2014.07.25,21:00,100.74,100.89,100.29,100.73,924
2014.07.25,22:00,100.74,100.80,100.66,100.66,155
2014.07.25,23:00,100.65,100.79,100.65,100.72,127
2014.07.28,03:00,100.54,100.55,100.49,100.53,36
2014.07.28,04:00,100.52,100.53,100.34,100.35,54
2014.07.28,05:00,100.34,100.58,100.34,100.58,90
2014.07.28,06:00,100.45,100.46,100.32,100.32,88
2014.07.28,07:00,100.34,100.44,100.34,100.44,50
2014.07.28,08:00,100.45,100.58,100.42,100.53,138
2014.07.28,09:00,100.54,100.85,100.54,100.74,140
2014.07.28,10:00,100.75,100.76,100.38,100.47,200
2014.07.28,11:00,100.46,100.46,100.17,100.25,257
2014.07.28,12:00,100.23,100.33,100.17,100.31,136
2014.07.28,13:00,100.30,100.33,100.23,100.29,117
2014.07.28,14:00,100.27,100.55,100.27,100.52,151
2014.07.28,15:00,100.51,100.51,99.99,100.04,359
2014.07.28,16:00,100.08,100.16,99.92,100.15,635
2014.07.28,17:00,100.14,100.17,99.62,99.82,877
2014.07.28,18:00,99.80,100.39,99.78,100.20,928
2014.07.28,19:00,100.19,100.44,100.17,100.28,554
2014.07.28,20:00,100.27,100.65,100.26,100.63,514
2014.07.28,21:00,100.64,100.66,100.20,100.31,718
2014.07.28,22:00,100.32,100.35,100.19,100.19,152
2014.07.28,23:00,100.20,100.31,100.20,100.29,45
2014.07.29,00:00,100.30,100.31,100.22,100.25,27
2014.07.29,03:00,100.08,100.12,100.05,100.07,41
2014.07.29,04:00,100.08,100.19,100.08,100.11,37
2014.07.29,05:00,100.09,100.10,99.98,100.00,74
2014.07.29,06:00,99.98,100.04,99.97,100.04,21
2014.07.29,07:00,100.03,100.05,99.97,100.03,36
2014.07.29,08:00,100.02,100.07,100.00,100.05,27
2014.07.29,09:00,100.06,100.19,99.97,100.17,82
2014.07.29,10:00,100.16,100.33,100.08,100.25,177
2014.07.29,11:00,100.26,100.46,100.16,100.46,288
2014.07.29,12:00,100.44,100.45,100.19,100.27,168
2014.07.29,13:00,100.28,100.31,100.07,100.11,101
2014.07.29,14:00,100.10,100.18,99.82,99.83,191
2014.07.29,15:00,99.82,100.03,99.45,99.58,715
2014.07.29,16:00,99.59,99.62,99.37,99.55,1008
2014.07.29,17:00,99.54,99.96,99.19,99.96,1111
2014.07.29,18:00,99.95,99.96,99.31,99.42,839
2014.07.29,19:00,99.43,99.47,99.21,99.34,632
2014.07.29,20:00,99.35,99.56,99.27,99.51,475
2014.07.29,21:00,99.52,99.78,99.46,99.59,617
2014.07.29,22:00,99.60,99.65,99.51,99.63,207
2014.07.29,23:00,99.65,99.76,99.57,99.71,190
2014.07.30,00:00,99.73,99.76,99.63,99.73,76
2014.07.30,03:00,99.77,99.79,99.63,99.75,98
2014.07.30,04:00,99.73,99.74,99.58,99.58,35
2014.07.30,05:00,99.57,99.67,99.57,99.66,33
2014.07.30,06:00,99.67,99.87,99.67,99.71,90
2014.07.30,07:00,99.72,99.81,99.72,99.81,37
2014.07.30,08:00,99.82,99.85,99.73,99.80,113
2014.07.30,09:00,99.81,99.85,99.76,99.77,70
2014.07.30,10:00,99.76,100.21,99.75,100.19,152
2014.07.30,11:00,100.18,100.24,100.02,100.09,183
2014.07.30,12:00,100.08,100.08,99.75,99.79,180
2014.07.30,13:00,99.78,100.04,99.75,99.95,134
2014.07.30,14:00,99.96,100.13,99.92,99.96,182
2014.07.30,15:00,99.95,100.17,99.86,100.12,482
2014.07.30,16:00,100.13,100.25,99.96,100.04,648
2014.07.30,17:00,100.06,100.26,99.47,99.64,1256
2014.07.30,18:00,99.63,99.82,99.26,99.53,968
2014.07.30,19:00,99.52,99.53,99.28,99.37,637
2014.07.30,20:00,99.36,99.45,98.68,98.74,939
2014.07.30,21:00,98.78,99.16,98.64,98.70,1054
2014.07.30,22:00,98.71,98.73,98.21,98.41,602
2014.07.30,23:00,98.37,98.50,98.33,98.37,178
2014.07.31,00:00,98.38,98.54,98.21,98.30,60
2014.07.31,03:00,98.32,98.41,98.27,98.36,117
2014.07.31,04:00,98.37,98.45,98.32,98.39,71
2014.07.31,05:00,98.40,98.45,98.33,98.43,57
2014.07.31,06:00,98.42,98.46,98.39,98.46,63
2014.07.31,07:00,98.47,98.55,98.42,98.50,76
2014.07.31,08:00,98.49,98.49,98.45,98.47,41
2014.07.31,09:00,98.48,98.51,98.35,98.37,111
2014.07.31,10:00,98.36,98.36,98.11,98.18,267
2014.07.31,11:00,98.17,98.17,97.93,98.03,232
2014.07.31,12:00,98.05,98.24,98.01,98.14,267
2014.07.31,13:00,98.13,98.43,98.10,98.34,178
2014.07.31,14:00,98.35,98.47,98.31,98.40,228
2014.07.31,15:00,98.39,98.62,98.31,98.60,452
2014.07.31,16:00,98.59,98.69,98.08,98.26,856
2014.07.31,17:00,98.25,98.56,98.17,98.48,709
2014.07.31,18:00,98.50,98.56,98.01,98.08,687
2014.07.31,19:00,98.07,98.11,97.27,97.32,1079
2014.07.31,20:00,97.33,97.54,97.24,97.51,780
2014.07.31,21:00,97.48,97.79,97.13,97.19,1110
2014.07.31,22:00,97.18,97.27,97.02,97.12,364
2014.07.31,23:00,97.11,97.17,96.76,96.78,219
2014.08.01,00:00,96.79,96.84,96.72,96.73,105
2014.08.01,03:00,97.02,97.07,96.95,96.99,105
2014.08.01,04:00,97.00,97.12,96.97,97.09,80
2014.08.01,05:00,97.07,97.13,97.05,97.06,48
2014.08.01,06:00,97.05,97.17,97.05,97.14,69
2014.08.01,07:00,97.15,97.22,97.11,97.14,84
2014.08.01,08:00,97.15,97.18,97.08,97.10,72
2014.08.01,09:00,97.11,97.23,97.10,97.17,98
2014.08.01,10:00,97.16,97.20,97.02,97.05,148
2014.08.01,11:00,97.06,97.12,96.60,96.72,345
2014.08.01,12:00,96.73,96.84,96.33,96.37,387
2014.08.01,13:00,96.38,96.57,96.25,96.51,281
2014.08.01,14:00,96.50,96.71,96.41,96.66,248
2014.08.01,15:00,96.67,96.91,96.57,96.75,730
2014.08.01,16:00,96.73,96.92,96.37,96.43,1013
2014.08.01,17:00,96.37,96.54,96.15,96.34,971
2014.08.01,18:00,96.36,96.52,96.25,96.29,884
2014.08.01,19:00,96.28,96.73,96.22,96.58,887
2014.08.01,20:00,96.59,96.84,96.41,96.80,650
2014.08.01,21:00,96.79,96.98,96.57,96.65,948
2014.08.01,22:00,96.64,96.74,96.49,96.70,384
2014.08.01,23:00,96.69,96.70,96.60,96.67,136
2014.08.04,03:00,96.73,96.92,96.73,96.91,171
2014.08.04,04:00,96.92,97.06,96.90,96.97,83
2014.08.04,05:00,96.92,97.01,96.91,96.96,81
2014.08.04,06:00,96.97,97.01,96.95,97.00,34
2014.08.04,07:00,97.01,97.09,96.99,97.06,50
2014.08.04,08:00,97.07,97.08,97.03,97.06,32
2014.08.04,09:00,97.05,97.27,97.05,97.24,85
2014.08.04,10:00,97.23,97.28,97.02,97.23,167
2014.08.04,11:00,97.24,97.25,97.10,97.17,205
2014.08.04,12:00,97.19,97.25,97.02,97.11,138
2014.08.04,13:00,97.10,97.22,97.02,97.15,189
2014.08.04,14:00,97.16,97.21,96.87,96.92,236
2014.08.04,15:00,96.91,96.91,96.65,96.74,494
2014.08.04,16:00,96.72,97.10,96.70,97.03,678
2014.08.04,17:00,97.02,97.46,97.00,97.28,967
2014.08.04,18:00,97.29,97.36,96.98,97.15,703
2014.08.04,19:00,97.16,97.17,96.85,97.13,578
2014.08.04,20:00,97.14,97.49,97.05,97.47,474
2014.08.04,21:00,97.46,97.50,97.27,97.35,676
2014.08.04,22:00,97.33,97.70,97.33,97.49,231
2014.08.04,23:00,97.50,97.57,97.43,97.45,88
2014.08.05,00:00,97.42,97.52,97.40,97.48,34
2014.08.05,03:00,97.41,97.48,97.32,97.37,80
2014.08.05,04:00,97.38,97.44,97.36,97.44,42
2014.08.05,05:00,97.43,97.50,97.42,97.50,21
2014.08.05,06:00,97.49,97.49,97.41,97.41,39
2014.08.05,07:00,97.40,97.44,97.39,97.44,49
2014.08.05,08:00,97.45,97.46,97.34,97.35,96
2014.08.05,09:00,97.34,97.49,97.34,97.44,119
2014.08.05,10:00,97.43,97.61,97.35,97.51,192
2014.08.05,11:00,97.55,97.68,97.52,97.58,174
2014.08.05,12:00,97.59,97.61,97.42,97.45,128
2014.08.05,13:00,97.44,97.60,97.44,97.59,166
2014.08.05,14:00,97.60,97.61,97.43,97.47,165
2014.08.05,15:00,97.46,97.47,97.20,97.25,419
2014.08.05,16:00,97.22,97.27,97.01,97.05,667
2014.08.05,17:00,97.04,97.17,96.83,96.91,673
2014.08.05,18:00,96.90,96.91,96.43,96.52,975
2014.08.05,19:00,96.51,96.59,96.37,96.51,661
2014.08.05,20:00,96.50,96.50,96.25,96.25,632
2014.08.05,21:00,96.23,96.64,96.20,96.49,831
2014.08.05,22:00,96.48,96.63,96.47,96.63,193
2014.08.05,23:00,96.71,96.82,96.51,96.78,273
2014.08.06,00:00,96.77,96.78,96.72,96.74,46
2014.08.06,03:00,96.76,96.86,96.71,96.84,148
2014.08.06,04:00,96.83,96.85,96.78,96.80,40
2014.08.06,05:00,96.81,96.81,96.76,96.77,22
2014.08.06,06:00,96.78,96.79,96.71,96.75,42
2014.08.06,07:00,96.76,96.78,96.57,96.64,143
2014.08.06,08:00,96.65,96.68,96.54,96.60,137
2014.08.06,09:00,96.62,96.74,96.56,96.69,72
2014.08.06,10:00,96.67,96.79,96.63,96.76,135
2014.08.06,11:00,96.75,96.82,96.64,96.66,151
2014.08.06,12:00,96.67,96.74,96.62,96.72,125
2014.08.06,13:00,96.73,96.81,96.66,96.76,128
2014.08.06,14:00,96.75,96.92,96.74,96.77,229
2014.08.06,15:00,96.75,96.85,96.63,96.70,413
2014.08.06,16:00,96.68,97.08,96.50,96.95,947
2014.08.06,17:00,96.96,97.23,96.80,97.10,936
2014.08.06,18:00,97.11,97.25,96.40,96.40,967
2014.08.06,19:00,96.41,96.55,96.22,96.45,640
2014.08.06,20:00,96.46,96.51,96.05,96.17,703
2014.08.06,21:00,96.15,96.35,96.10,96.24,627
2014.08.06,22:00,96.23,96.46,96.20,96.31,281
2014.08.06,23:00,96.30,96.32,96.15,96.19,105
2014.08.07,00:00,96.20,96.22,96.15,96.19,23
2014.08.07,03:00,96.23,96.37,96.23,96.34,83
2014.08.07,04:00,96.35,96.44,96.31,96.35,79
2014.08.07,05:00,96.34,96.43,96.32,96.40,38
2014.08.07,06:00,96.39,96.40,96.25,96.26,211
2014.08.07,07:00,96.25,96.35,96.25,96.35,152
2014.08.07,08:00,96.34,96.35,96.29,96.30,41
2014.08.07,09:00,96.29,96.29,96.15,96.15,43
2014.08.07,10:00,96.16,96.18,95.95,96.02,133
2014.08.07,11:00,96.03,96.20,95.98,96.00,183
2014.08.07,12:00,96.01,96.06,95.88,96.01,196
2014.08.07,13:00,96.00,96.10,95.85,95.93,199
2014.08.07,14:00,95.94,96.35,95.94,96.33,211
2014.08.07,15:00,96.34,96.72,96.33,96.51,416
2014.08.07,16:00,96.49,96.59,96.15,96.21,945
2014.08.07,17:00,96.22,96.42,96.12,96.21,627
2014.08.07,18:00,96.22,96.27,95.97,96.14,722
2014.08.07,19:00,96.15,96.79,96.15,96.55,759
2014.08.07,20:00,96.49,96.71,96.37,96.60,561
2014.08.07,21:00,96.61,97.00,96.42,96.83,761
2014.08.07,22:00,96.84,96.98,96.78,96.89,305
2014.08.07,23:00,96.88,96.96,96.87,96.88,145
2014.08.08,00:00,96.89,96.98,96.89,96.95,26
2014.08.08,03:00,96.71,96.79,96.71,96.77,9
2014.08.08,04:00,96.76,97.08,96.73,96.94,134
2014.08.08,05:00,96.95,97.72,96.95,97.54,418
2014.08.08,06:00,97.53,97.59,97.12,97.32,292
2014.08.08,07:00,97.33,97.50,97.17,97.49,216
2014.08.08,08:00,97.48,97.49,97.24,97.34,311
2014.08.08,09:00,97.33,97.53,97.22,97.42,198
2014.08.08,10:00,97.44,97.52,97.33,97.45,240
2014.08.08,11:00,97.46,97.47,97.12,97.33,333
2014.08.08,12:00,97.32,97.34,97.22,97.27,158
2014.08.08,13:00,97.29,97.46,97.27,97.42,128
2014.08.08,14:00,97.43,97.46,97.00,97.05,259
2014.08.08,15:00,97.04,97.21,96.76,97.13,520
2014.08.08,16:00,97.14,97.17,96.81,96.94,900
2014.08.08,17:00,96.93,97.14,96.75,96.79,782
2014.08.08,18:00,96.77,96.79,96.38,96.51,947
2014.08.08,19:00,96.52,96.76,96.47,96.70,637
2014.08.08,20:00,96.71,96.93,96.70,96.78,464
2014.08.08,21:00,96.77,96.87,96.59,96.75,739
2014.08.08,22:00,96.74,96.78,96.68,96.72,180
2014.08.08,23:00,96.71,96.76,96.66,96.67,80
2014.08.11,03:00,96.81,96.93,96.81,96.93,32
2014.08.11,04:00,96.92,97.16,96.88,97.16,95
2014.08.11,05:00,97.17,97.21,97.10,97.16,85
2014.08.11,06:00,97.15,97.18,96.95,97.06,118
2014.08.11,07:00,97.07,97.13,97.05,97.10,78
2014.08.11,08:00,97.11,97.11,96.99,97.01,69
2014.08.11,09:00,97.00,97.01,96.85,96.85,88
2014.08.11,10:00,96.86,97.04,96.86,96.99,150
2014.08.11,11:00,96.97,97.05,96.88,96.88,163
2014.08.11,12:00,96.89,96.96,96.83,96.87,91
2014.08.11,13:00,96.88,96.94,96.81,96.83,102
2014.08.11,14:00,96.84,97.04,96.82,97.00,140
2014.08.11,15:00,96.99,97.18,96.85,96.91,438
2014.08.11,16:00,96.89,97.32,96.66,97.16,870
2014.08.11,17:00,97.17,97.64,97.16,97.43,742
2014.08.11,18:00,97.44,97.51,97.22,97.32,726
2014.08.11,19:00,97.34,97.34,96.91,97.14,484
2014.08.11,20:00,97.13,97.32,97.09,97.18,428
2014.08.11,21:00,97.19,97.27,97.03,97.13,637
2014.08.11,22:00,97.12,97.17,96.99,97.03,179
2014.08.11,23:00,97.00,97.03,96.97,97.00,82
2014.08.12,00:00,96.99,97.00,96.95,96.95,13
2014.08.12,03:00,96.96,97.05,96.96,97.01,38
2014.08.12,04:00,97.00,97.04,96.93,96.93,61
2014.08.12,05:00,96.94,96.96,96.89,96.94,25
2014.08.12,06:00,96.95,96.96,96.88,96.88,45
2014.08.12,07:00,96.89,96.95,96.83,96.93,152
2014.08.12,08:00,96.92,96.95,96.83,96.87,85
2014.08.12,09:00,96.84,96.88,96.72,96.77,97
2014.08.12,10:00,96.76,96.76,96.25,96.38,347
2014.08.12,11:00,96.39,96.64,96.36,96.54,335
2014.08.12,12:00,96.53,96.60,96.39,96.43,184
2014.08.12,13:00,96.44,96.46,96.29,96.41,203
2014.08.12,14:00,96.40,96.59,96.36,96.45,237
2014.08.12,15:00,96.46,96.48,96.21,96.45,498
2014.08.12,16:00,96.36,96.68,96.27,96.61,752
2014.08.12,17:00,96.62,96.65,96.27,96.38,772
2014.08.12,18:00,96.37,96.50,96.27,96.40,798
2014.08.12,19:00,96.39,96.49,95.92,95.94,566
2014.08.12,20:00,95.91,96.67,95.90,96.66,814
2014.08.12,21:00,96.69,96.75,96.28,96.37,756
2014.08.12,22:00,96.38,96.54,96.32,96.36,215
2014.08.12,23:00,96.41,96.44,96.28,96.29,182
2014.08.13,00:00,96.28,96.30,96.21,96.29,42
2014.08.13,03:00,96.32,96.35,96.22,96.25,48
2014.08.13,04:00,96.26,96.31,96.23,96.30,45
2014.08.13,05:00,96.29,96.30,96.23,96.24,56
2014.08.13,06:00,96.26,96.31,96.23,96.23,67
2014.08.13,07:00,96.22,96.23,96.14,96.16,84
2014.08.13,08:00,96.15,96.28,96.15,96.23,174
2014.08.13,09:00,96.27,96.29,96.21,96.24,122
2014.08.13,10:00,96.25,96.55,96.24,96.51,186
2014.08.13,11:00,96.50,96.51,96.29,96.35,174
2014.08.13,12:00,96.36,96.42,96.30,96.39,104
2014.08.13,13:00,96.40,96.48,96.32,96.43,124
2014.08.13,14:00,96.44,96.46,96.28,96.34,206
2014.08.13,15:00,96.33,96.69,96.31,96.62,468
2014.08.13,16:00,96.65,96.74,96.33,96.42,563
2014.08.13,17:00,96.43,96.53,95.93,96.00,947
2014.08.13,18:00,95.99,96.19,95.81,96.09,884
2014.08.13,19:00,96.10,96.53,96.00,96.40,671
2014.08.13,20:00,96.41,96.50,96.30,96.50,411
2014.08.13,21:00,96.49,96.86,96.49,96.64,749
2014.08.13,22:00,96.65,96.65,96.44,96.44,264
2014.08.13,23:00,96.45,96.49,96.42,96.43,65
2014.08.14,00:00,96.42,96.44,96.37,96.37,52
2014.08.14,03:00,96.48,96.53,96.44,96.49,61
2014.08.14,04:00,96.51,96.51,96.41,96.42,67
2014.08.14,05:00,96.43,96.44,96.37,96.40,35
2014.08.14,06:00,96.41,96.47,96.40,96.44,26
2014.08.14,07:00,96.45,96.51,96.44,96.49,27
2014.08.14,08:00,96.50,96.51,96.40,96.40,45
2014.08.14,09:00,96.41,96.41,96.19,96.26,64
2014.08.14,10:00,96.25,96.34,96.19,96.32,159
2014.08.14,11:00,96.33,96.63,96.29,96.55,244
2014.08.14,12:00,96.54,96.56,96.29,96.42,197
2014.08.14,13:00,96.41,96.59,96.37,96.59,233
2014.08.14,14:00,96.58,96.64,96.45,96.48,205
2014.08.14,15:00,96.47,96.57,96.37,96.43,404
2014.08.14,16:00,96.42,96.43,95.82,95.93,927
2014.08.14,17:00,95.92,95.92,95.14,95.32,1114
2014.08.14,18:00,95.31,95.38,94.75,94.88,1012
2014.08.14,19:00,94.87,94.96,94.66,94.78,658
2014.08.14,20:00,94.79,94.81,94.30,94.31,670
2014.08.14,21:00,94.33,94.40,93.93,94.12,1091
2014.08.14,22:00,94.13,94.18,93.83,93.99,355
2014.08.14,23:00,93.98,94.04,93.86,94.02,145
2014.08.15,00:00,94.03,94.04,93.96,93.99,46
2014.08.15,03:00,94.07,94.18,94.06,94.15,51
2014.08.15,04:00,94.16,94.22,94.13,94.21,89
2014.08.15,05:00,94.20,94.30,94.17,94.23,79
2014.08.15,06:00,94.22,94.33,94.22,94.24,81
2014.08.15,07:00,94.23,94.26,94.23,94.24,14
2014.08.15,08:00,94.23,94.27,94.19,94.19,43
2014.08.15,09:00,94.20,94.21,93.90,93.91,135
2014.08.15,10:00,93.93,94.07,93.89,94.02,216
2014.08.15,11:00,94.01,94.09,93.91,94.02,182
2014.08.15,12:00,94.01,94.15,93.90,94.04,179
2014.08.15,13:00,94.05,94.14,93.99,94.10,135
2014.08.15,14:00,94.11,94.25,94.07,94.24,110
2014.08.15,15:00,94.25,94.29,94.02,94.18,309
2014.08.15,16:00,94.16,94.42,94.12,94.27,634
2014.08.15,17:00,94.28,95.00,94.09,94.56,884
2014.08.15,18:00,94.55,94.86,94.44,94.63,835
2014.08.15,19:00,94.64,94.87,94.52,94.84,561
2014.08.15,20:00,94.83,95.15,94.80,95.03,597
2014.08.15,21:00,95.04,95.36,94.94,94.97,878
2014.08.15,22:00,94.96,95.07,94.90,94.96,248
2014.08.15,23:00,94.97,95.09,94.93,95.09,173
2014.08.18,03:00,94.90,94.94,94.82,94.82,69
2014.08.18,04:00,94.83,94.85,94.79,94.83,48
2014.08.18,05:00,94.82,94.85,94.80,94.82,38
2014.08.18,06:00,94.84,94.86,94.81,94.84,24
2014.08.18,07:00,94.83,94.85,94.66,94.71,108
2014.08.18,08:00,94.70,94.74,94.60,94.72,85
2014.08.18,09:00,94.73,94.76,94.65,94.74,138
2014.08.18,10:00,94.73,94.77,94.60,94.61,154
2014.08.18,11:00,94.60,94.63,94.37,94.38,165
2014.08.18,12:00,94.37,94.47,94.33,94.45,116
2014.08.18,13:00,94.46,94.51,94.35,94.45,156
2014.08.18,14:00,94.44,94.51,94.34,94.43,159
2014.08.18,15:00,94.42,94.63,94.39,94.50,434
2014.08.18,16:00,94.51,94.51,93.72,93.90,889
2014.08.18,17:00,93.89,93.90,93.51,93.57,861
2014.08.18,18:00,93.56,93.78,93.44,93.71,838
2014.08.18,19:00,93.72,93.76,93.44,93.45,588
2014.08.18,20:00,93.46,93.77,93.41,93.71,474
2014.08.18,21:00,93.72,93.90,93.57,93.81,802
2014.08.18,22:00,93.80,93.86,93.69,93.86,183
2014.08.18,23:00,93.87,93.99,93.76,93.90,123
2014.08.19,00:00,93.92,93.92,93.84,93.87,24
2014.08.19,03:00,93.92,93.93,93.85,93.88,87
2014.08.19,04:00,93.89,93.96,93.85,93.94,35
2014.08.19,05:00,93.95,94.06,93.93,94.03,63
2014.08.19,06:00,94.04,94.06,94.02,94.05,34
2014.08.19,07:00,94.06,94.12,94.05,94.09,70
2014.08.19,08:00,94.08,94.14,94.08,94.11,57
2014.08.19,09:00,94.12,94.23,94.10,94.14,99
2014.08.19,10:00,94.15,94.34,94.14,94.20,208
2014.08.19,11:00,94.21,94.23,94.04,94.20,287
2014.08.19,12:00,94.21,94.21,94.04,94.07,157
2014.08.19,13:00,94.08,94.16,94.05,94.15,163
2014.08.19,14:00,94.14,94.25,94.08,94.08,204
2014.08.19,15:00,94.07,94.15,93.94,94.03,559
2014.08.19,16:00,94.01,94.07,93.66,93.73,844
2014.08.19,17:00,93.72,93.83,93.23,93.29,687
2014.08.19,18:00,93.28,93.55,93.21,93.25,932
2014.08.19,19:00,93.24,93.36,93.04,93.07,719
2014.08.19,20:00,93.06,93.20,92.65,92.66,739
2014.08.19,21:00,92.65,92.87,92.62,92.79,646
2014.08.19,22:00,92.78,92.97,92.76,92.96,180
2014.08.19,23:00,92.95,92.96,92.75,92.83,115
2014.08.20,00:00,92.84,92.85,92.79,92.79,28
2014.08.20,03:00,92.87,92.88,92.80,92.86,41
2014.08.20,04:00,92.88,92.88,92.82,92.84,53
2014.08.20,05:00,92.83,92.85,92.80,92.80,66
2014.08.20,06:00,92.79,92.83,92.79,92.82,43
2014.08.20,07:00,92.81,92.89,92.74,92.78,67
2014.08.20,08:00,92.77,92.84,92.71,92.84,136
2014.08.20,09:00,92.83,92.84,92.71,92.80,105
2014.08.20,10:00,92.79,92.97,92.76,92.90,207
2014.08.20,11:00,92.92,93.20,92.89,93.12,259
2014.08.20,12:00,93.13,93.19,93.08,93.13,193
2014.08.20,13:00,93.14,93.17,93.04,93.10,160
2014.08.20,14:00,93.09,93.26,93.05,93.21,233
2014.08.20,15:00,93.22,93.25,93.02,93.13,454
2014.08.20,16:00,93.14,93.42,93.11,93.39,675
2014.08.20,17:00,93.40,93.55,93.12,93.29,923
2014.08.20,18:00,93.30,93.36,92.97,93.03,724
2014.08.20,19:00,93.02,93.18,92.91,93.13,400
2014.08.20,20:00,93.14,93.40,93.14,93.21,552
2014.08.20,21:00,93.22,93.46,93.06,93.34,816
2014.08.20,22:00,93.33,93.52,93.29,93.38,286
2014.08.20,23:00,93.37,93.51,93.36,93.49,63
2014.08.21,00:00,93.48,93.48,93.42,93.45,9
2014.08.21,03:00,93.52,93.53,93.38,93.40,43
2014.08.21,04:00,93.38,93.45,93.37,93.43,29
2014.08.21,05:00,93.42,93.42,93.34,93.37,26
2014.08.21,06:00,93.36,93.39,93.29,93.32,36
2014.08.21,07:00,93.31,93.31,93.16,93.20,81
2014.08.21,08:00,93.19,93.19,93.11,93.16,40
2014.08.21,09:00,93.14,93.15,93.09,93.10,90
2014.08.21,10:00,93.11,93.22,93.09,93.14,224
2014.08.21,11:00,93.15,93.15,92.59,92.71,346
2014.08.21,12:00,92.72,92.83,92.61,92.78,270
2014.08.21,13:00,92.77,92.84,92.69,92.77,169
2014.08.21,14:00,92.78,92.81,92.69,92.75,194
2014.08.21,15:00,92.74,93.06,92.69,92.99,545
2014.08.21,16:00,93.00,93.76,92.96,93.54,953
2014.08.21,17:00,93.53,94.10,93.52,94.02,908
2014.08.21,18:00,94.03,94.25,93.94,94.19,795
2014.08.21,19:00,94.20,94.42,94.12,94.30,689
2014.08.21,20:00,94.31,94.35,94.04,94.35,524
2014.08.21,21:00,94.36,94.38,93.67,94.02,924
2014.08.21,22:00,94.01,94.15,93.98,93.99,217
2014.08.21,23:00,94.00,94.00,93.86,93.88,92
2014.08.22,00:00,93.89,93.91,93.87,93.89,21
2014.08.22,03:00,93.88,93.89,93.76,93.77,66
2014.08.22,04:00,93.78,93.87,93.76,93.79,59
2014.08.22,05:00,93.80,93.83,93.76,93.83,27
2014.08.22,06:00,93.81,93.83,93.77,93.79,70
2014.08.22,07:00,93.78,93.82,93.71,93.81,125
2014.08.22,08:00,93.80,93.93,93.75,93.92,73
2014.08.22,09:00,93.93,94.02,93.88,94.00,181
2014.08.22,10:00,93.99,93.99,93.55,93.58,288
2014.08.22,11:00,93.57,93.64,93.51,93.56,252
2014.08.22,12:00,93.55,93.56,93.49,93.51,80
2014.08.22,13:00,93.50,93.63,93.48,93.62,166
2014.08.22,14:00,93.61,93.77,93.59,93.60,203
2014.08.22,15:00,93.61,93.63,93.48,93.50,426
2014.08.22,16:00,93.49,93.50,93.13,93.29,685
2014.08.22,17:00,93.28,93.82,93.03,93.12,1153
2014.08.22,18:00,93.10,93.27,92.91,93.00,883
2014.08.22,19:00,92.99,93.48,92.96,93.46,612
2014.08.22,20:00,93.47,93.58,93.29,93.51,538
2014.08.22,21:00,93.52,93.70,93.33,93.53,666
2014.08.22,22:00,93.51,93.62,93.50,93.59,250
2014.08.22,23:00,93.57,93.60,93.35,93.35,100
