2014.04.24,15:00,19.100,19.245,19.025,19.220,396
2014.04.24,16:00,19.225,19.955,19.225,19.755,803
2014.04.24,17:00,19.760,19.840,19.620,19.670,400
2014.04.24,18:00,19.680,19.725,19.645,19.680,116
2014.04.24,19:00,19.685,19.700,19.660,19.690,48
2014.04.24,20:00,19.695,19.745,19.695,19.720,112
2014.04.24,21:00,19.715,19.735,19.700,19.730,97
2014.04.24,22:00,19.725,19.745,19.705,19.705,67
2014.04.24,23:00,19.715,19.725,19.690,19.700,39
2014.04.25,00:00,19.695,19.695,19.685,19.685,2
2014.04.25,01:00,19.710,19.755,19.710,19.740,26
2014.04.25,02:00,19.735,19.740,19.715,19.720,13
2014.04.25,03:00,19.710,19.725,19.710,19.720,19
2014.04.25,04:00,19.730,19.735,19.570,19.570,151
2014.04.25,05:00,19.565,19.625,19.565,19.595,87
2014.04.25,06:00,19.590,19.595,19.575,19.580,46
2014.04.25,07:00,19.575,19.595,19.570,19.570,16
2014.04.25,08:00,19.565,19.630,19.560,19.595,93
2014.04.25,09:00,19.590,19.640,19.575,19.595,133
2014.04.25,10:00,19.600,19.665,19.585,19.645,77
2014.04.25,11:00,19.650,19.650,19.575,19.600,91
2014.04.25,12:00,19.605,19.650,19.565,19.635,106
2014.04.25,13:00,19.630,19.685,19.620,19.635,74
2014.04.25,14:00,19.640,19.770,19.635,19.730,165
2014.04.25,15:00,19.740,19.855,19.705,19.705,298
2014.04.25,16:00,19.710,19.830,19.675,19.805,393
2014.04.25,17:00,19.810,19.835,19.735,19.750,392
2014.04.25,18:00,19.755,19.760,19.700,19.715,202
2014.04.25,19:00,19.710,19.735,19.670,19.725,96
2014.04.25,20:00,19.730,19.740,19.705,19.710,43
2014.04.25,21:00,19.715,19.725,19.690,19.710,38
2014.04.25,22:00,19.705,19.755,19.670,19.755,58
2014.04.25,23:00,19.750,19.765,19.720,19.765,42
2014.04.28,01:00,19.725,19.785,19.715,19.770,53
2014.04.28,02:00,19.775,19.775,19.740,19.760,14
2014.04.28,03:00,19.765,19.785,19.735,19.735,50
2014.04.28,04:00,19.730,19.800,19.725,19.775,238
2014.04.28,05:00,19.770,19.780,19.730,19.745,111
2014.04.28,06:00,19.750,19.750,19.730,19.745,30
2014.04.28,07:00,19.750,19.765,19.735,19.755,18
2014.04.28,08:00,19.760,19.760,19.680,19.680,102
2014.04.28,09:00,19.675,19.720,19.670,19.720,173
2014.04.28,10:00,19.725,19.735,19.695,19.710,82
2014.04.28,11:00,19.705,19.715,19.690,19.705,50
2014.04.28,12:00,19.700,19.725,19.615,19.655,75
2014.04.28,13:00,19.645,19.690,19.635,19.640,60
2014.04.28,14:00,19.635,19.665,19.575,19.575,99
2014.04.28,15:00,19.565,19.775,19.565,19.750,155
2014.04.28,16:00,19.755,19.760,19.605,19.625,236
2014.04.28,17:00,19.615,19.645,19.545,19.575,236
2014.04.28,18:00,19.580,19.595,19.560,19.575,122
2014.04.28,19:00,19.570,19.640,19.570,19.620,87
2014.04.28,20:00,19.625,19.660,19.615,19.625,85
2014.04.28,21:00,19.630,19.645,19.605,19.640,75
2014.04.28,22:00,19.635,19.680,19.615,19.650,78
2014.04.28,23:00,19.655,19.660,19.625,19.640,26
2014.04.29,00:00,19.630,19.630,19.630,19.630,1
2014.04.29,01:00,19.625,19.640,19.620,19.630,8
2014.04.29,02:00,19.635,19.640,19.630,19.640,6
2014.04.29,03:00,19.645,19.655,19.610,19.610,31
2014.04.29,04:00,19.600,19.620,19.575,19.595,90
2014.04.29,05:00,19.590,19.610,19.570,19.575,47
2014.04.29,06:00,19.580,19.590,19.575,19.580,23
2014.04.29,07:00,19.585,19.600,19.580,19.580,19
2014.04.29,08:00,19.585,19.600,19.565,19.595,29
2014.04.29,09:00,19.590,19.600,19.510,19.515,127
2014.04.29,10:00,19.520,19.530,19.415,19.420,125
2014.04.29,11:00,19.410,19.460,19.365,19.390,114
2014.04.29,12:00,19.385,19.470,19.385,19.450,91
2014.04.29,13:00,19.455,19.460,19.385,19.390,66
2014.04.29,14:00,19.380,19.435,19.365,19.405,151
2014.04.29,15:00,19.410,19.530,19.370,19.485,295
2014.04.29,16:00,19.480,19.590,19.450,19.530,239
2014.04.29,17:00,19.535,19.580,19.515,19.550,163
2014.04.29,18:00,19.545,19.560,19.525,19.535,96
2014.04.29,19:00,19.530,19.565,19.525,19.555,64
2014.04.29,20:00,19.560,19.580,19.510,19.525,73
2014.04.29,21:00,19.530,19.550,19.530,19.540,26
2014.04.29,22:00,19.545,19.565,19.545,19.545,44
2014.04.29,23:00,19.530,19.540,19.485,19.505,33
2014.04.30,00:00,19.515,19.515,19.490,19.490,7
2014.04.30,01:00,19.515,19.520,19.500,19.510,9
2014.04.30,02:00,19.515,19.530,19.515,19.520,6
2014.04.30,03:00,19.510,19.515,19.490,19.500,20
2014.04.30,04:00,19.490,19.510,19.470,19.500,83
2014.04.30,05:00,19.505,19.520,19.480,19.495,32
2014.04.30,06:00,19.490,19.490,19.455,19.460,24
2014.04.30,07:00,19.455,19.470,19.435,19.435,24
2014.04.30,08:00,19.440,19.445,19.390,19.415,72
2014.04.30,09:00,19.410,19.430,19.380,19.395,122
2014.04.30,10:00,19.390,19.410,19.365,19.410,82
2014.04.30,11:00,19.400,19.420,19.370,19.415,66
2014.04.30,12:00,19.410,19.445,19.405,19.415,70
2014.04.30,13:00,19.410,19.430,19.350,19.360,47
2014.04.30,14:00,19.355,19.395,19.300,19.365,156
2014.04.30,15:00,19.355,19.450,19.200,19.340,411
2014.04.30,16:00,19.335,19.355,19.130,19.185,418
2014.04.30,17:00,19.180,19.320,19.105,19.275,355
2014.04.30,18:00,19.270,19.305,19.200,19.240,145
2014.04.30,19:00,19.235,19.265,19.200,19.230,70
2014.04.30,20:00,19.225,19.270,19.155,19.185,211
2014.04.30,21:00,19.190,19.245,19.090,19.200,477
2014.04.30,22:00,19.195,19.245,19.165,19.230,123
2014.04.30,23:00,19.225,19.255,19.210,19.230,67
2014.05.01,00:00,19.215,19.225,19.195,19.205,9
2014.05.01,01:00,19.215,19.270,19.210,19.270,35
2014.05.01,02:00,19.265,19.270,19.205,19.215,14
2014.05.01,03:00,19.220,19.225,19.135,19.165,59
2014.05.01,04:00,19.170,19.175,19.110,19.155,79
2014.05.01,05:00,19.160,19.185,19.150,19.155,38
2014.05.01,06:00,19.160,19.180,19.150,19.175,25
2014.05.01,07:00,19.180,19.185,19.125,19.135,60
2014.05.01,08:00,19.140,19.205,19.135,19.180,37
2014.05.01,09:00,19.190,19.205,19.055,19.080,91
2014.05.01,10:00,19.075,19.145,19.050,19.075,167
2014.05.01,11:00,19.070,19.110,19.065,19.090,65
2014.05.01,12:00,19.085,19.160,19.080,19.140,137
2014.05.01,13:00,19.145,19.240,19.140,19.190,94
2014.05.01,14:00,19.185,19.185,19.070,19.105,144
2014.05.01,15:00,19.100,19.155,18.850,18.935,530
2014.05.01,16:00,18.925,19.040,18.890,18.975,259
2014.05.01,17:00,18.960,19.070,18.930,18.980,238
2014.05.01,18:00,18.975,19.155,18.940,19.105,164
2014.05.01,19:00,19.110,19.135,19.070,19.085,90
2014.05.01,20:00,19.090,19.090,18.965,19.010,72
2014.05.01,21:00,19.015,19.145,19.000,19.085,95
2014.05.01,22:00,19.090,19.120,19.055,19.115,46
2014.05.01,23:00,19.110,19.110,19.065,19.070,26
2014.05.02,00:00,19.065,19.070,19.060,19.065,5
2014.05.02,01:00,19.080,19.095,19.070,19.095,24
2014.05.02,02:00,19.100,19.100,19.075,19.080,22
2014.05.02,03:00,19.085,19.090,19.045,19.060,31
2014.05.02,04:00,19.055,19.055,19.000,19.045,41
2014.05.02,05:00,19.050,19.070,19.040,19.055,18
2014.05.02,06:00,19.065,19.065,19.035,19.035,24
2014.05.02,07:00,19.040,19.045,19.025,19.030,21
2014.05.02,08:00,19.035,19.045,19.005,19.025,22
2014.05.02,09:00,19.030,19.055,18.975,19.050,90
2014.05.02,10:00,19.045,19.115,19.010,19.095,143
2014.05.02,11:00,19.090,19.180,19.090,19.165,57
2014.05.02,12:00,19.160,19.195,19.140,19.195,83
2014.05.02,13:00,19.190,19.215,19.130,19.145,87
2014.05.02,14:00,19.150,19.215,19.145,19.190,97
2014.05.02,15:00,19.195,19.270,18.990,19.185,549
2014.05.02,16:00,19.180,19.210,19.115,19.155,224
2014.05.02,17:00,19.160,19.570,19.095,19.485,640
2014.05.02,18:00,19.475,19.720,19.430,19.605,481
2014.05.02,19:00,19.610,19.630,19.545,19.550,127
2014.05.02,20:00,19.555,19.615,19.530,19.595,138
2014.05.02,21:00,19.590,19.600,19.505,19.540,82
2014.05.02,22:00,19.535,19.545,19.485,19.490,82
2014.05.02,23:00,19.495,19.545,19.495,19.530,36
2014.05.05,01:00,19.555,19.610,19.530,19.590,84
2014.05.05,02:00,19.585,19.585,19.525,19.525,33
2014.05.05,03:00,19.530,19.555,19.505,19.540,43
2014.05.05,04:00,19.545,19.650,19.545,19.575,136
2014.05.05,05:00,19.580,19.630,19.580,19.595,71
2014.05.05,06:00,19.590,19.600,19.535,19.535,42
2014.05.05,07:00,19.540,19.565,19.540,19.550,37
2014.05.05,08:00,19.555,19.610,19.550,19.585,79
2014.05.05,09:00,19.590,19.620,19.570,19.620,73
2014.05.05,10:00,19.625,19.660,19.565,19.640,117
2014.05.05,11:00,19.635,19.750,19.635,19.700,106
2014.05.05,12:00,19.695,19.760,19.690,19.720,63
2014.05.05,13:00,19.725,19.745,19.685,19.700,59
2014.05.05,14:00,19.695,19.695,19.640,19.665,85
2014.05.05,15:00,19.655,19.765,19.650,19.725,150
2014.05.05,16:00,19.720,19.730,19.660,19.680,92
2014.05.05,17:00,19.675,19.675,19.605,19.615,86
2014.05.05,18:00,19.620,19.635,19.605,19.630,50
2014.05.05,19:00,19.625,19.635,19.610,19.610,34
2014.05.05,20:00,19.605,19.615,19.580,19.615,80
2014.05.05,21:00,19.610,19.620,19.590,19.610,23
2014.05.05,22:00,19.605,19.670,19.605,19.665,40
2014.05.05,23:00,19.660,19.660,19.630,19.640,26
2014.05.06,00:00,19.635,19.635,19.635,19.635,1
2014.05.06,01:00,19.640,19.640,19.595,19.605,33
2014.05.06,02:00,19.610,19.620,19.610,19.615,10
2014.05.06,03:00,19.620,19.630,19.610,19.610,13
2014.05.06,04:00,19.605,19.625,19.550,19.575,121
2014.05.06,05:00,19.570,19.570,19.550,19.555,38
2014.05.06,06:00,19.560,19.565,19.550,19.550,27
2014.05.06,07:00,19.540,19.560,19.540,19.545,29
2014.05.06,08:00,19.540,19.590,19.530,19.575,74
2014.05.06,09:00,19.570,19.620,19.565,19.615,66
2014.05.06,10:00,19.620,19.720,19.615,19.670,143
2014.05.06,11:00,19.675,19.720,19.640,19.685,116
2014.05.06,12:00,19.690,19.700,19.630,19.650,58
2014.05.06,13:00,19.635,19.645,19.580,19.630,73
2014.05.06,14:00,19.635,19.735,19.630,19.655,139
2014.05.06,15:00,19.650,19.710,19.615,19.685,200
2014.05.06,16:00,19.690,19.700,19.650,19.665,147
2014.05.06,17:00,19.670,19.685,19.630,19.675,125
2014.05.06,18:00,19.680,19.680,19.660,19.670,63
2014.05.06,19:00,19.675,19.680,19.660,19.660,40
2014.05.06,20:00,19.665,19.675,19.655,19.665,47
2014.05.06,21:00,19.670,19.670,19.600,19.600,29
2014.05.06,22:00,19.595,19.605,19.575,19.595,26
2014.05.06,23:00,19.600,19.630,19.595,19.620,26
2014.05.07,00:00,19.615,19.615,19.605,19.605,3
2014.05.07,01:00,19.625,19.645,19.620,19.645,17
2014.05.07,02:00,19.640,19.645,19.625,19.625,11
2014.05.07,03:00,19.630,19.685,19.615,19.675,47
2014.05.07,04:00,19.680,19.715,19.660,19.710,63
2014.05.07,05:00,19.705,19.710,19.685,19.705,31
2014.05.07,06:00,19.710,19.730,19.700,19.715,59
2014.05.07,07:00,19.720,19.740,19.705,19.730,37
2014.05.07,08:00,19.725,19.730,19.710,19.730,15
2014.05.07,09:00,19.720,19.725,19.670,19.675,58
2014.05.07,10:00,19.665,19.785,19.625,19.755,121
2014.05.07,11:00,19.760,19.790,19.710,19.750,104
2014.05.07,12:00,19.755,19.755,19.700,19.710,63
2014.05.07,13:00,19.715,19.735,19.705,19.705,39
2014.05.07,14:00,19.700,19.700,19.645,19.660,76
2014.05.07,15:00,19.665,19.670,19.505,19.565,329
2014.05.07,16:00,19.570,19.585,19.455,19.465,245
2014.05.07,17:00,19.460,19.460,19.375,19.420,282
2014.05.07,18:00,19.415,19.455,19.365,19.385,191
2014.05.07,19:00,19.380,19.395,19.320,19.360,182
2014.05.07,20:00,19.365,19.380,19.345,19.360,78
2014.05.07,21:00,19.365,19.385,19.360,19.370,79
2014.05.07,22:00,19.360,19.360,19.340,19.340,36
2014.05.07,23:00,19.345,19.360,19.340,19.340,18
2014.05.08,00:00,19.345,19.345,19.340,19.345,3
2014.05.08,01:00,19.340,19.360,19.340,19.350,28
2014.05.08,02:00,19.345,19.360,19.340,19.360,34
2014.05.08,03:00,19.355,19.380,19.350,19.370,42
2014.05.08,04:00,19.365,19.370,19.285,19.310,110
2014.05.08,05:00,19.305,19.330,19.300,19.315,53
2014.05.08,06:00,19.320,19.325,19.300,19.310,24
2014.05.08,07:00,19.305,19.320,19.305,19.305,15
2014.05.08,08:00,19.310,19.320,19.290,19.310,36
2014.05.08,09:00,19.305,19.345,19.300,19.325,57
2014.05.08,10:00,19.330,19.345,19.270,19.285,85
2014.05.08,11:00,19.280,19.310,19.255,19.305,46
2014.05.08,12:00,19.310,19.315,19.230,19.280,80
2014.05.08,13:00,19.290,19.350,19.285,19.285,71
2014.05.08,14:00,19.295,19.410,19.275,19.360,148
2014.05.08,15:00,19.365,19.385,19.160,19.225,386
2014.05.08,16:00,19.230,19.330,19.220,19.250,222
2014.05.08,17:00,19.245,19.285,19.220,19.255,187
2014.05.08,18:00,19.260,19.260,19.190,19.225,145
2014.05.08,19:00,19.220,19.245,19.205,19.210,98
2014.05.08,20:00,19.205,19.205,19.150,19.180,114
2014.05.08,21:00,19.185,19.265,19.175,19.245,81
2014.05.08,22:00,19.235,19.265,19.195,19.200,102
2014.05.08,23:00,19.205,19.215,19.185,19.210,33
2014.05.09,00:00,19.215,19.215,19.205,19.205,5
2014.05.09,01:00,19.225,19.245,19.210,19.215,31
2014.05.09,02:00,19.220,19.225,19.210,19.220,15
2014.05.09,03:00,19.210,19.220,19.185,19.215,37
2014.05.09,04:00,19.210,19.210,19.150,19.195,89
2014.05.09,05:00,19.190,19.195,19.175,19.185,53
2014.05.09,06:00,19.180,19.205,19.175,19.205,38
2014.05.09,07:00,19.200,19.205,19.190,19.205,18
2014.05.09,08:00,19.210,19.255,19.190,19.245,65
2014.05.09,09:00,19.235,19.240,19.200,19.210,81
2014.05.09,10:00,19.205,19.235,19.180,19.210,81
2014.05.09,11:00,19.205,19.265,19.205,19.230,74
2014.05.09,12:00,19.225,19.225,19.185,19.210,44
2014.05.09,13:00,19.205,19.275,19.205,19.250,64
2014.05.09,14:00,19.255,19.335,19.235,19.245,130
2014.05.09,15:00,19.250,19.275,19.185,19.205,149
2014.05.09,16:00,19.210,19.260,19.190,19.220,95
2014.05.09,17:00,19.225,19.235,19.110,19.135,181
2014.05.09,18:00,19.130,19.150,19.075,19.100,105
2014.05.09,19:00,19.095,19.160,19.075,19.150,103
2014.05.09,20:00,19.155,19.155,19.120,19.150,49
2014.05.09,21:00,19.145,19.160,19.120,19.125,61
2014.05.09,22:00,19.130,19.200,19.120,19.185,46
2014.05.09,23:00,19.180,19.195,19.160,19.185,42
2014.05.12,01:00,19.180,19.190,19.075,19.080,124
2014.05.12,02:00,19.085,19.125,19.080,19.120,49
2014.05.12,03:00,19.115,19.165,19.090,19.150,64
2014.05.12,04:00,19.145,19.205,19.125,19.195,134
2014.05.12,05:00,19.200,19.200,19.165,19.165,56
2014.05.12,06:00,19.170,19.260,19.170,19.255,71
2014.05.12,07:00,19.260,19.280,19.215,19.250,48
2014.05.12,08:00,19.255,19.300,19.225,19.275,108
2014.05.12,09:00,19.270,19.315,19.265,19.290,86
2014.05.12,10:00,19.300,19.370,19.265,19.315,100
2014.05.12,11:00,19.320,19.330,19.305,19.330,35
2014.05.12,12:00,19.335,19.545,19.335,19.505,148
2014.05.12,13:00,19.520,19.570,19.455,19.460,139
2014.05.12,14:00,19.465,19.550,19.435,19.530,122
2014.05.12,15:00,19.525,19.690,19.450,19.600,280
2014.05.12,16:00,19.595,19.675,19.580,19.605,162
2014.05.12,17:00,19.600,19.680,19.595,19.595,139
2014.05.12,18:00,19.600,19.635,19.590,19.635,108
2014.05.12,19:00,19.640,19.655,19.610,19.615,68
2014.05.12,20:00,19.610,19.615,19.545,19.595,85
2014.05.12,21:00,19.590,19.590,19.570,19.580,38
2014.05.12,22:00,19.585,19.600,19.570,19.595,25
2014.05.12,23:00,19.585,19.585,19.560,19.565,26
2014.05.13,00:00,19.560,19.565,19.560,19.560,3
2014.05.13,01:00,19.555,19.575,19.550,19.565,16
2014.05.13,02:00,19.570,19.570,19.550,19.570,30
2014.05.13,03:00,19.575,19.630,19.575,19.605,38
2014.05.13,04:00,19.610,19.615,19.545,19.565,94
2014.05.13,05:00,19.560,19.560,19.515,19.525,50
2014.05.13,06:00,19.530,19.535,19.485,19.510,44
2014.05.13,07:00,19.500,19.510,19.470,19.470,55
2014.05.13,08:00,19.465,19.465,19.395,19.415,67
2014.05.13,09:00,19.410,19.455,19.400,19.430,82
2014.05.13,10:00,19.425,19.490,19.425,19.450,140
2014.05.13,11:00,19.445,19.575,19.445,19.570,87
2014.05.13,12:00,19.565,19.610,19.530,19.600,107
2014.05.13,13:00,19.595,19.595,19.490,19.525,125
2014.05.13,14:00,19.520,19.525,19.420,19.510,181
2014.05.13,15:00,19.515,19.625,19.455,19.570,327
2014.05.13,16:00,19.565,19.590,19.535,19.570,125
2014.05.13,17:00,19.575,19.620,19.540,19.620,94
2014.05.13,18:00,19.625,19.635,19.565,19.575,85
2014.05.13,19:00,19.580,19.580,19.550,19.570,51
2014.05.13,20:00,19.575,19.580,19.535,19.545,65
2014.05.13,21:00,19.550,19.565,19.535,19.555,29
2014.05.13,22:00,19.550,19.570,19.535,19.570,43
2014.05.13,23:00,19.560,19.570,19.555,19.565,11
2014.05.14,00:00,19.570,19.580,19.570,19.580,2
2014.05.14,01:00,19.570,19.580,19.570,19.570,12
2014.05.14,02:00,19.575,19.590,19.575,19.590,7
2014.05.14,03:00,19.595,19.600,19.580,19.580,18
2014.05.14,04:00,19.570,19.580,19.535,19.565,77
2014.05.14,05:00,19.570,19.580,19.550,19.555,24
2014.05.14,06:00,19.550,19.580,19.545,19.575,39
2014.05.14,07:00,19.585,19.585,19.570,19.575,4
2014.05.14,08:00,19.580,19.590,19.555,19.560,37
2014.05.14,09:00,19.555,19.610,19.555,19.610,80
2014.05.14,10:00,19.615,19.780,19.615,19.735,184
2014.05.14,11:00,19.740,19.860,19.710,19.835,115
2014.05.14,12:00,19.840,19.840,19.755,19.755,115
2014.05.14,13:00,19.750,19.915,19.750,19.870,106
2014.05.14,14:00,19.860,19.890,19.810,19.850,156
2014.05.14,15:00,19.855,20.025,19.855,19.940,236
2014.05.14,16:00,19.935,19.935,19.845,19.885,160
2014.05.14,17:00,19.890,19.890,19.780,19.815,165
2014.05.14,18:00,19.805,19.850,19.805,19.835,90
2014.05.14,19:00,19.830,19.830,19.730,19.800,98
2014.05.14,20:00,19.790,19.810,19.780,19.790,68
2014.05.14,21:00,19.795,19.810,19.785,19.805,35
2014.05.14,22:00,19.800,19.845,19.790,19.810,51
2014.05.14,23:00,19.805,19.820,19.800,19.815,28
2014.05.15,00:00,19.800,19.800,19.800,19.800,1
2014.05.15,01:00,19.810,19.820,19.795,19.815,17
2014.05.15,02:00,19.810,19.815,19.810,19.810,5
2014.05.15,03:00,19.815,19.835,19.815,19.830,24
2014.05.15,04:00,19.825,19.860,19.775,19.785,100
2014.05.15,05:00,19.790,19.805,19.770,19.785,64
2014.05.15,06:00,19.780,19.810,19.775,19.795,42
2014.05.15,07:00,19.785,19.795,19.765,19.770,23
2014.05.15,08:00,19.765,19.785,19.740,19.740,44
2014.05.15,09:00,19.745,19.770,19.730,19.770,123
2014.05.15,10:00,19.765,19.785,19.635,19.655,104
2014.05.15,11:00,19.650,19.790,19.640,19.735,132
2014.05.15,12:00,19.730,19.770,19.705,19.735,73
2014.05.15,13:00,19.740,19.775,19.710,19.715,63
2014.05.15,14:00,19.705,19.765,19.695,19.740,100
2014.05.15,15:00,19.735,19.755,19.455,19.580,458
2014.05.15,16:00,19.570,19.655,19.570,19.640,225
2014.05.15,17:00,19.635,19.650,19.585,19.615,177
2014.05.15,18:00,19.610,19.615,19.485,19.520,175
2014.05.15,19:00,19.515,19.560,19.510,19.530,86
2014.05.15,20:00,19.535,19.540,19.470,19.480,70
2014.05.15,21:00,19.485,19.540,19.480,19.535,60
2014.05.15,22:00,19.540,19.555,19.510,19.510,72
2014.05.15,23:00,19.520,19.535,19.500,19.525,26
2014.05.16,00:00,19.530,19.535,19.520,19.520,4
2014.05.16,01:00,19.530,19.550,19.525,19.535,22
2014.05.16,02:00,19.530,19.540,19.530,19.535,4
2014.05.16,03:00,19.540,19.540,19.510,19.520,34
2014.05.16,04:00,19.515,19.520,19.495,19.500,93
2014.05.16,05:00,19.505,19.535,19.500,19.535,40
2014.05.16,06:00,19.530,19.535,19.520,19.535,29
2014.05.16,07:00,19.540,19.555,19.530,19.540,32
2014.05.16,08:00,19.545,19.545,19.445,19.455,60
2014.05.16,09:00,19.450,19.475,19.390,19.400,100
2014.05.16,10:00,19.405,19.425,19.355,19.390,126
2014.05.16,11:00,19.400,19.420,19.365,19.400,54
2014.05.16,12:00,19.405,19.450,19.385,19.435,62
2014.05.16,13:00,19.440,19.465,19.395,19.395,67
2014.05.16,14:00,19.405,19.420,19.365,19.410,137
2014.05.16,15:00,19.420,19.450,19.280,19.325,322
2014.05.16,16:00,19.330,19.370,19.305,19.305,172
2014.05.16,17:00,19.300,19.435,19.295,19.420,157
2014.05.16,18:00,19.415,19.425,19.380,19.380,56
2014.05.16,19:00,19.385,19.390,19.350,19.360,31
2014.05.16,20:00,19.365,19.375,19.340,19.345,17
2014.05.16,21:00,19.340,19.350,19.325,19.325,24
2014.05.16,22:00,19.330,19.390,19.325,19.390,42
2014.05.16,23:00,19.385,19.395,19.370,19.390,12
2014.05.19,01:00,19.400,19.400,19.335,19.355,65
2014.05.19,02:00,19.350,19.370,19.340,19.370,21
2014.05.19,03:00,19.360,19.380,19.355,19.380,25
2014.05.19,04:00,19.375,19.390,19.335,19.365,83
2014.05.19,05:00,19.370,19.490,19.370,19.470,113
2014.05.19,06:00,19.475,19.490,19.455,19.465,98
2014.05.19,07:00,19.470,19.495,19.460,19.495,42
2014.05.19,08:00,19.490,19.505,19.470,19.495,54
2014.05.19,09:00,19.500,19.520,19.490,19.500,83
2014.05.19,10:00,19.505,19.625,19.500,19.600,95
2014.05.19,11:00,19.605,19.615,19.570,19.575,43
2014.05.19,12:00,19.580,19.625,19.580,19.590,45
2014.05.19,13:00,19.595,19.600,19.530,19.570,62
2014.05.19,14:00,19.575,19.620,19.560,19.600,100
2014.05.19,15:00,19.605,19.710,19.570,19.640,145
2014.05.19,16:00,19.635,19.635,19.540,19.555,115
2014.05.19,17:00,19.560,19.570,19.460,19.475,140
2014.05.19,18:00,19.465,19.470,19.375,19.395,151
2014.05.19,19:00,19.400,19.415,19.370,19.375,75
2014.05.19,20:00,19.365,19.390,19.360,19.390,53
2014.05.19,21:00,19.380,19.385,19.365,19.375,43
2014.05.19,22:00,19.370,19.405,19.355,19.405,35
2014.05.19,23:00,19.400,19.405,19.375,19.380,20
2014.05.20,00:00,19.375,19.375,19.365,19.370,6
2014.05.20,01:00,19.365,19.410,19.365,19.380,20
2014.05.20,02:00,19.385,19.390,19.380,19.390,17
2014.05.20,03:00,19.380,19.405,19.375,19.390,34
2014.05.20,04:00,19.385,19.415,19.330,19.380,146
2014.05.20,05:00,19.385,19.410,19.380,19.385,56
2014.05.20,06:00,19.380,19.385,19.365,19.380,30
2014.05.20,07:00,19.375,19.405,19.375,19.380,34
2014.05.20,08:00,19.385,19.390,19.355,19.370,125
2014.05.20,09:00,19.365,19.380,19.305,19.340,133
2014.05.20,10:00,19.335,19.390,19.320,19.345,72
2014.05.20,11:00,19.340,19.375,19.310,19.345,77
2014.05.20,12:00,19.350,19.425,19.350,19.415,38
2014.05.20,13:00,19.410,19.440,19.390,19.395,31
2014.05.20,14:00,19.390,19.395,19.330,19.350,71
2014.05.20,15:00,19.340,19.385,19.260,19.290,202
2014.05.20,16:00,19.285,19.475,19.270,19.455,258
2014.05.20,17:00,19.460,19.470,19.380,19.415,147
2014.05.20,18:00,19.420,19.455,19.405,19.440,50
2014.05.20,19:00,19.445,19.470,19.410,19.415,65
2014.05.20,20:00,19.420,19.455,19.410,19.420,58
2014.05.20,21:00,19.425,19.435,19.405,19.425,34
2014.05.20,22:00,19.420,19.440,19.410,19.440,39
2014.05.20,23:00,19.435,19.435,19.420,19.430,13
2014.05.21,00:00,19.425,19.430,19.420,19.425,7
2014.05.21,01:00,19.420,19.445,19.420,19.440,13
2014.05.21,02:00,19.445,19.445,19.430,19.435,6
2014.05.21,03:00,19.440,19.440,19.410,19.420,22
2014.05.21,04:00,19.415,19.440,19.390,19.430,64
2014.05.21,05:00,19.435,19.495,19.435,19.485,43
2014.05.21,06:00,19.490,19.510,19.490,19.500,24
2014.05.21,07:00,19.505,19.520,19.500,19.505,12
2014.05.21,08:00,19.500,19.505,19.475,19.480,29
2014.05.21,09:00,19.475,19.480,19.425,19.445,90
2014.05.21,10:00,19.450,19.485,19.425,19.485,68
2014.05.21,11:00,19.490,19.505,19.470,19.470,43
2014.05.21,12:00,19.465,19.475,19.440,19.455,73
2014.05.21,13:00,19.450,19.465,19.360,19.375,74
2014.05.21,14:00,19.370,19.375,19.310,19.375,116
2014.05.21,15:00,19.365,19.430,19.335,19.345,189
2014.05.21,16:00,19.335,19.400,19.325,19.365,178
2014.05.21,17:00,19.360,19.455,19.350,19.450,145
2014.05.21,18:00,19.455,19.465,19.400,19.405,113
2014.05.21,19:00,19.410,19.415,19.340,19.365,97
2014.05.21,20:00,19.370,19.395,19.345,19.365,84
2014.05.21,21:00,19.360,19.490,19.295,19.435,297
2014.05.21,22:00,19.440,19.455,19.400,19.430,86
2014.05.21,23:00,19.425,19.435,19.405,19.435,35
2014.05.22,00:00,19.430,19.430,19.425,19.430,3
2014.05.22,01:00,19.435,19.445,19.435,19.435,19
2014.05.22,02:00,19.440,19.440,19.415,19.415,13
2014.05.22,03:00,19.420,19.420,19.395,19.415,28
2014.05.22,04:00,19.410,19.465,19.390,19.460,102
2014.05.22,05:00,19.450,19.470,19.440,19.440,42
2014.05.22,06:00,19.445,19.465,19.435,19.450,18
2014.05.22,07:00,19.455,19.460,19.425,19.440,26
2014.05.22,08:00,19.445,19.515,19.440,19.470,73
2014.05.22,09:00,19.475,19.555,19.470,19.530,75
2014.05.22,10:00,19.535,19.580,19.535,19.565,72
2014.05.22,11:00,19.570,19.570,19.500,19.505,70
2014.05.22,12:00,19.515,19.570,19.505,19.555,67
2014.05.22,13:00,19.560,19.675,19.560,19.595,120
2014.05.22,14:00,19.600,19.635,19.585,19.605,61
2014.05.22,15:00,19.610,19.850,19.595,19.700,345
2014.05.22,16:00,19.695,19.695,19.585,19.595,156
2014.05.22,17:00,19.600,19.650,19.580,19.600,120
2014.05.22,18:00,19.590,19.590,19.505,19.530,93
2014.05.22,19:00,19.535,19.565,19.520,19.530,60
2014.05.22,20:00,19.535,19.555,19.515,19.550,63
2014.05.22,21:00,19.545,19.555,19.525,19.550,20
2014.05.22,22:00,19.540,19.545,19.515,19.540,26
2014.05.22,23:00,19.535,19.535,19.520,19.535,10
2014.05.23,00:00,19.530,19.540,19.520,19.520,6
2014.05.23,01:00,19.530,19.535,19.515,19.520,27
2014.05.23,02:00,19.515,19.540,19.515,19.535,14
2014.05.23,03:00,19.525,19.540,19.520,19.520,18
2014.05.23,04:00,19.515,19.520,19.450,19.450,74
2014.05.23,05:00,19.445,19.475,19.445,19.465,33
2014.05.23,06:00,19.470,19.510,19.465,19.495,22
2014.05.23,07:00,19.500,19.515,19.495,19.510,15
2014.05.23,08:00,19.505,19.510,19.475,19.495,39
2014.05.23,09:00,19.490,19.540,19.480,19.535,54
2014.05.23,10:00,19.530,19.550,19.500,19.535,56
2014.05.23,11:00,19.525,19.525,19.425,19.460,63
2014.05.23,12:00,19.455,19.475,19.435,19.465,38
2014.05.23,13:00,19.455,19.495,19.435,19.470,44
2014.05.23,14:00,19.465,19.480,19.385,19.410,106
2014.05.23,15:00,19.415,19.460,19.325,19.430,191
2014.05.23,16:00,19.435,19.510,19.430,19.465,99
2014.05.23,17:00,19.450,19.485,19.430,19.485,62
2014.05.23,18:00,19.490,19.495,19.440,19.460,38
2014.05.23,19:00,19.465,19.465,19.425,19.440,36
2014.05.23,20:00,19.435,19.460,19.415,19.430,48
2014.05.23,21:00,19.435,19.445,19.430,19.440,23
2014.05.23,22:00,19.445,19.475,19.430,19.465,24
2014.05.23,23:00,19.460,19.490,19.455,19.480,23
2014.05.26,01:00,19.470,19.480,19.450,19.460,32
2014.05.26,02:00,19.455,19.465,19.455,19.460,17
2014.05.26,03:00,19.455,19.475,19.455,19.475,20
2014.05.26,04:00,19.465,19.495,19.425,19.490,94
2014.05.26,05:00,19.495,19.500,19.480,19.490,32
2014.05.26,06:00,19.495,19.495,19.460,19.480,23
2014.05.26,07:00,19.485,19.495,19.450,19.460,103
2014.05.26,08:00,19.455,19.470,19.450,19.460,25
2014.05.26,09:00,19.455,19.485,19.435,19.480,31
2014.05.26,10:00,19.475,19.480,19.440,19.445,18
2014.05.26,11:00,19.455,19.455,19.410,19.425,31
2014.05.26,12:00,19.420,19.455,19.415,19.455,20
2014.05.26,13:00,19.460,19.485,19.450,19.450,28
2014.05.26,14:00,19.455,19.505,19.455,19.505,15
2014.05.26,15:00,19.515,19.525,19.455,19.465,30
2014.05.26,16:00,19.460,19.480,19.455,19.465,16
2014.05.26,17:00,19.470,19.470,19.460,19.460,7
2014.05.26,18:00,19.455,19.465,19.445,19.465,11
2014.05.26,19:00,19.460,19.480,19.460,19.475,17
2014.05.26,20:00,19.440,19.480,19.395,19.395,5
2014.05.27,01:00,19.470,19.475,19.450,19.455,32
2014.05.27,02:00,19.450,19.460,19.450,19.455,18
2014.05.27,03:00,19.450,19.475,19.450,19.470,17
2014.05.27,04:00,19.460,19.470,19.440,19.460,27
2014.05.27,05:00,19.455,19.460,19.420,19.440,21
2014.05.27,06:00,19.435,19.440,19.410,19.420,36
2014.05.27,07:00,19.415,19.425,19.395,19.395,19
2014.05.27,08:00,19.390,19.420,19.385,19.390,30
2014.05.27,09:00,19.385,19.385,19.310,19.325,85
2014.05.27,10:00,19.320,19.335,19.275,19.315,122
2014.05.27,11:00,19.310,19.360,19.310,19.335,43
2014.05.27,12:00,19.330,19.360,19.300,19.300,72
2014.05.27,13:00,19.305,19.315,19.265,19.295,67
2014.05.27,14:00,19.290,19.315,19.265,19.295,113
2014.05.27,15:00,19.285,19.290,19.065,19.165,348
2014.05.27,16:00,19.170,19.205,19.145,19.170,178
2014.05.27,17:00,19.165,19.170,19.055,19.100,272
2014.05.27,18:00,19.095,19.125,19.060,19.095,141
2014.05.27,19:00,19.090,19.095,19.065,19.085,61
2014.05.27,20:00,19.090,19.115,19.080,19.105,90
2014.05.27,21:00,19.100,19.125,19.095,19.115,40
2014.05.27,22:00,19.120,19.150,19.100,19.100,54
2014.05.27,23:00,19.105,19.110,19.075,19.080,21
2014.05.28,00:00,19.075,19.075,19.075,19.075,1
2014.05.28,01:00,19.100,19.100,19.085,19.095,16
2014.05.28,02:00,19.100,19.100,19.085,19.085,16
2014.05.28,03:00,19.080,19.130,19.065,19.130,45
2014.05.28,04:00,19.120,19.135,19.065,19.115,113
2014.05.28,05:00,19.110,19.140,19.100,19.135,46
2014.05.28,06:00,19.140,19.155,19.135,19.150,40
2014.05.28,07:00,19.145,19.150,19.095,19.100,37
2014.05.28,08:00,19.105,19.130,19.095,19.125,44
2014.05.28,09:00,19.130,19.155,19.105,19.105,64
2014.05.28,10:00,19.110,19.155,19.085,19.100,71
2014.05.28,11:00,19.105,19.120,19.095,19.100,36
2014.05.28,12:00,19.105,19.175,19.095,19.100,44
2014.05.28,13:00,19.105,19.130,19.095,19.100,39
2014.05.28,14:00,19.095,19.145,19.085,19.090,84
2014.05.28,15:00,19.100,19.155,19.045,19.125,209
2014.05.28,16:00,19.130,19.150,19.010,19.095,224
2014.05.28,17:00,19.100,19.110,19.005,19.025,176
2014.05.28,18:00,19.030,19.065,18.995,19.065,109
2014.05.28,19:00,19.070,19.105,19.060,19.090,51
2014.05.28,20:00,19.085,19.105,19.075,19.095,50
2014.05.28,21:00,19.090,19.100,19.065,19.080,24
2014.05.28,22:00,19.075,19.075,19.020,19.035,34
2014.05.28,23:00,19.040,19.065,19.025,19.040,34
2014.05.29,00:00,19.045,19.060,19.040,19.040,9
2014.05.29,01:00,19.060,19.070,19.050,19.065,26
2014.05.29,02:00,19.060,19.065,19.025,19.035,29
2014.05.29,03:00,19.030,19.075,19.030,19.075,31
2014.05.29,04:00,19.065,19.080,19.040,19.040,43
2014.05.29,05:00,19.030,19.055,19.015,19.055,73
2014.05.29,06:00,19.050,19.095,19.045,19.095,44
2014.05.29,07:00,19.090,19.095,19.045,19.045,32
2014.05.29,08:00,19.035,19.070,19.035,19.055,37
2014.05.29,09:00,19.050,19.050,18.870,18.895,222
2014.05.29,10:00,18.885,18.925,18.880,18.895,68
2014.05.29,11:00,18.900,18.930,18.865,18.930,59
2014.05.29,12:00,18.925,18.950,18.905,18.905,46
2014.05.29,13:00,18.910,18.970,18.895,18.895,64
2014.05.29,14:00,18.900,18.905,18.855,18.880,92
2014.05.29,15:00,18.885,18.935,18.805,18.910,311
2014.05.29,16:00,18.915,18.990,18.900,18.965,161
2014.05.29,17:00,18.975,19.010,18.945,19.005,102
2014.05.29,18:00,19.010,19.110,18.985,19.010,168
2014.05.29,19:00,19.005,19.065,18.995,19.035,81
2014.05.29,20:00,19.040,19.060,19.020,19.025,56
2014.05.29,21:00,19.030,19.040,19.020,19.030,33
2014.05.29,22:00,19.025,19.070,19.025,19.070,45
2014.05.29,23:00,19.065,19.075,19.040,19.045,12
2014.05.30,00:00,19.055,19.060,19.055,19.060,6
2014.05.30,01:00,19.070,19.070,19.055,19.060,8
2014.05.30,02:00,19.055,19.090,19.055,19.075,13
2014.05.30,03:00,19.080,19.105,19.070,19.075,45
2014.05.30,04:00,19.070,19.100,19.035,19.050,122
2014.05.30,05:00,19.055,19.055,19.025,19.040,35
2014.05.30,06:00,19.035,19.055,19.035,19.045,28
2014.05.30,07:00,19.050,19.055,19.030,19.035,14
2014.05.30,08:00,19.040,19.080,19.040,19.070,31
2014.05.30,09:00,19.065,19.100,19.005,19.090,113
2014.05.30,10:00,19.080,19.110,19.060,19.060,49
2014.05.30,11:00,19.050,19.055,18.980,19.045,83
2014.05.30,12:00,19.040,19.055,18.995,19.040,51
2014.05.30,13:00,19.035,19.045,19.005,19.005,27
2014.05.30,14:00,19.010,19.060,18.985,19.055,64
2014.05.30,15:00,19.050,19.100,18.975,19.070,225
2014.05.30,16:00,19.065,19.090,18.925,18.950,199
2014.05.30,17:00,18.945,18.955,18.825,18.850,211
2014.05.30,18:00,18.845,18.845,18.750,18.765,220
2014.05.30,19:00,18.760,18.760,18.645,18.720,182
2014.05.30,20:00,18.725,18.750,18.655,18.700,121
2014.05.30,21:00,18.705,18.730,18.705,18.715,34
2014.05.30,22:00,18.710,18.845,18.710,18.815,88
2014.05.30,23:00,18.820,18.850,18.805,18.830,61
2014.06.02,01:00,18.825,18.830,18.800,18.800,35
2014.06.02,02:00,18.795,18.800,18.765,18.780,33
2014.06.02,03:00,18.785,18.790,18.750,18.750,32
2014.06.02,04:00,18.745,18.810,18.745,18.780,24
2014.06.02,05:00,18.775,18.795,18.775,18.785,17
2014.06.02,06:00,18.780,18.790,18.775,18.790,6
2014.06.02,07:00,18.780,18.785,18.720,18.725,46
2014.06.02,08:00,18.730,18.750,18.700,18.715,75
2014.06.02,09:00,18.710,18.770,18.680,18.765,98
2014.06.02,10:00,18.770,18.820,18.750,18.760,86
2014.06.02,11:00,18.745,18.780,18.705,18.725,54
2014.06.02,12:00,18.735,18.800,18.735,18.790,33
2014.06.02,13:00,18.800,18.840,18.790,18.840,55
2014.06.02,14:00,18.835,18.840,18.785,18.815,79
2014.06.02,15:00,18.810,18.840,18.775,18.815,112
2014.06.02,16:00,18.805,18.890,18.775,18.810,170
2014.06.02,17:00,18.865,18.885,18.735,18.755,253
2014.06.02,18:00,18.760,18.805,18.750,18.780,91
2014.06.02,19:00,18.785,18.800,18.765,18.795,84
2014.06.02,20:00,18.800,18.810,18.730,18.735,51
2014.06.02,21:00,18.725,18.755,18.720,18.745,58
2014.06.02,22:00,18.740,18.770,18.735,18.770,29
2014.06.02,23:00,18.765,18.780,18.760,18.770,19
2014.06.03,00:00,18.765,18.775,18.765,18.770,11
2014.06.03,01:00,18.785,18.795,18.765,18.795,11
2014.06.03,02:00,18.790,18.815,18.790,18.810,14
2014.06.03,03:00,18.815,18.840,18.805,18.835,37
2014.06.03,04:00,18.840,18.860,18.785,18.825,166
2014.06.03,05:00,18.830,18.875,18.825,18.870,35
2014.06.03,06:00,18.865,18.870,18.830,18.830,24
2014.06.03,07:00,18.820,18.830,18.805,18.815,35
2014.06.03,08:00,18.810,18.875,18.810,18.855,117
2014.06.03,09:00,18.850,18.935,18.830,18.910,85
2014.06.03,10:00,18.915,18.945,18.880,18.935,79
2014.06.03,11:00,18.930,18.940,18.895,18.905,35
2014.06.03,12:00,18.895,18.895,18.805,18.865,97
2014.06.03,13:00,18.855,18.875,18.840,18.850,30
2014.06.03,14:00,18.855,18.895,18.835,18.870,91
2014.06.03,15:00,18.865,18.905,18.810,18.830,156
2014.06.03,16:00,18.835,18.845,18.805,18.820,78
2014.06.03,17:00,18.825,18.825,18.745,18.795,209
2014.06.03,18:00,18.790,18.805,18.760,18.765,76
2014.06.03,19:00,18.770,18.795,18.760,18.770,48
2014.06.03,20:00,18.775,18.800,18.770,18.800,36
2014.06.03,21:00,18.795,18.835,18.795,18.815,41
2014.06.03,22:00,18.820,18.855,18.820,18.850,38
2014.06.03,23:00,18.845,18.850,18.820,18.820,10
2014.06.04,00:00,18.815,18.815,18.815,18.815,1
2014.06.04,01:00,18.810,18.830,18.810,18.820,23
2014.06.04,02:00,18.815,18.830,18.810,18.830,8
2014.06.04,03:00,18.820,18.825,18.780,18.785,23
2014.06.04,04:00,18.780,18.850,18.765,18.840,99
2014.06.04,05:00,18.830,18.840,18.810,18.825,33
2014.06.04,06:00,18.815,18.840,18.815,18.830,30
2014.06.04,07:00,18.825,18.835,18.810,18.835,22
2014.06.04,08:00,18.840,18.865,18.840,18.860,44
2014.06.04,09:00,18.850,18.865,18.820,18.830,53
2014.06.04,10:00,18.825,18.865,18.825,18.865,47
2014.06.04,11:00,18.860,18.865,18.855,18.855,8
2014.06.04,12:00,18.850,18.850,18.825,18.840,24
2014.06.04,13:00,18.845,18.845,18.755,18.770,46
2014.06.04,14:00,18.775,18.820,18.770,18.810,54
2014.06.04,15:00,18.815,18.890,18.795,18.860,251
2014.06.04,16:00,18.865,18.905,18.845,18.875,75
2014.06.04,17:00,18.865,18.870,18.815,18.840,120
2014.06.04,18:00,18.835,18.850,18.810,18.840,96
2014.06.04,19:00,18.835,18.855,18.820,18.835,57
2014.06.04,20:00,18.825,18.840,18.805,18.830,57
2014.06.04,21:00,18.835,18.835,18.800,18.810,63
2014.06.04,22:00,18.805,18.815,18.795,18.815,20
2014.06.04,23:00,18.820,18.825,18.815,18.825,14
2014.06.05,00:00,18.820,18.820,18.815,18.815,2
2014.06.05,01:00,18.845,18.845,18.820,18.830,13
2014.06.05,02:00,18.815,18.820,18.815,18.815,3
2014.06.05,03:00,18.820,18.820,18.800,18.805,18
2014.06.05,04:00,18.810,18.815,18.775,18.810,80
2014.06.05,05:00,18.805,18.825,18.805,18.820,29
2014.06.05,06:00,18.825,18.845,18.820,18.830,21
2014.06.05,07:00,18.825,18.835,18.810,18.815,16
2014.06.05,08:00,18.820,18.855,18.810,18.850,31
2014.06.05,09:00,18.840,18.850,18.815,18.830,60
2014.06.05,10:00,18.835,18.840,18.780,18.780,47
2014.06.05,11:00,18.785,18.800,18.760,18.770,34
2014.06.05,12:00,18.765,18.805,18.765,18.795,38
2014.06.05,13:00,18.800,18.835,18.795,18.830,26
2014.06.05,14:00,18.835,18.855,18.710,18.790,204
2014.06.05,15:00,18.795,19.180,18.775,19.070,443
2014.06.05,16:00,19.080,19.080,18.970,19.050,257
2014.06.05,17:00,19.055,19.070,19.025,19.060,123
2014.06.05,18:00,19.065,19.110,19.045,19.090,90
2014.06.05,19:00,19.095,19.125,19.075,19.100,78
2014.06.05,20:00,19.095,19.120,19.080,19.105,56
2014.06.05,21:00,19.100,19.110,19.050,19.055,32
2014.06.05,22:00,19.050,19.065,19.035,19.035,33
2014.06.05,23:00,19.040,19.070,19.040,19.055,28
2014.06.06,00:00,19.050,19.055,19.050,19.055,2
2014.06.06,01:00,19.065,19.075,19.065,19.075,6
2014.06.06,02:00,19.070,19.075,19.055,19.065,12
2014.06.06,03:00,19.070,19.080,19.065,19.080,9
2014.06.06,04:00,19.085,19.110,19.075,19.105,44
2014.06.06,05:00,19.095,19.105,19.095,19.095,19
2014.06.06,06:00,19.090,19.105,19.085,19.085,23
2014.06.06,07:00,19.080,19.110,19.075,19.110,19
2014.06.06,08:00,19.115,19.150,19.110,19.120,89
2014.06.06,09:00,19.125,19.175,19.105,19.125,102
2014.06.06,10:00,19.115,19.140,19.100,19.140,39
2014.06.06,11:00,19.135,19.155,19.115,19.150,25
2014.06.06,12:00,19.145,19.145,19.095,19.095,22
2014.06.06,13:00,19.090,19.100,19.030,19.050,43
2014.06.06,14:00,19.040,19.085,19.030,19.060,76
2014.06.06,15:00,19.055,19.225,19.030,19.110,452
2014.06.06,16:00,19.115,19.140,18.910,18.955,258
2014.06.06,17:00,18.945,19.005,18.940,18.995,113
2014.06.06,18:00,19.000,19.065,19.000,19.035,67
2014.06.06,19:00,19.030,19.030,19.000,19.005,37
2014.06.06,20:00,19.010,19.040,18.995,19.025,45
2014.06.06,21:00,19.030,19.055,19.030,19.050,14
2014.06.06,22:00,19.045,19.045,19.030,19.045,20
2014.06.06,23:00,19.040,19.045,19.035,19.045,6
2014.06.09,01:00,19.055,19.065,19.030,19.060,44
2014.06.09,02:00,19.055,19.060,19.045,19.060,18
2014.06.09,03:00,19.055,19.055,19.045,19.050,10
2014.06.09,04:00,19.040,19.050,19.015,19.045,45
2014.06.09,05:00,19.050,19.075,19.040,19.075,29
2014.06.09,06:00,19.070,19.070,19.045,19.065,26
2014.06.09,07:00,19.070,19.070,19.045,19.045,19
2014.06.09,08:00,19.050,19.065,19.045,19.055,33
2014.06.09,09:00,19.060,19.105,19.050,19.095,65
2014.06.09,10:00,19.100,19.120,19.090,19.120,45
2014.06.09,11:00,19.130,19.140,19.110,19.130,24
2014.06.09,12:00,19.135,19.145,19.130,19.135,27
2014.06.09,13:00,19.130,19.160,19.115,19.135,31
2014.06.09,14:00,19.130,19.220,19.125,19.210,64
2014.06.09,15:00,19.215,19.215,19.125,19.140,95
2014.06.09,16:00,19.135,19.145,19.095,19.125,72
2014.06.09,17:00,19.120,19.145,19.110,19.120,62
2014.06.09,18:00,19.125,19.130,19.095,19.100,32
2014.06.09,19:00,19.105,19.115,19.095,19.100,30
2014.06.09,20:00,19.090,19.110,19.085,19.105,47
2014.06.09,21:00,19.100,19.105,19.090,19.105,11
2014.06.09,22:00,19.095,19.105,19.095,19.105,9
2014.06.09,23:00,19.100,19.100,19.085,19.085,10
2014.06.10,01:00,19.090,19.105,19.090,19.100,25
2014.06.10,02:00,19.080,19.090,19.070,19.080,14
2014.06.10,03:00,19.075,19.075,19.060,19.075,6
2014.06.10,04:00,19.070,19.115,19.070,19.085,33
2014.06.10,05:00,19.080,19.095,19.075,19.090,19
2014.06.10,06:00,19.095,19.100,19.090,19.095,11
2014.06.10,07:00,19.090,19.110,19.090,19.105,12
2014.06.10,08:00,19.110,19.150,19.105,19.135,29
2014.06.10,09:00,19.140,19.145,19.100,19.100,60
2014.06.10,10:00,19.095,19.140,19.095,19.110,40
2014.06.10,11:00,19.105,19.105,19.045,19.065,41
2014.06.10,12:00,19.075,19.085,19.055,19.065,22
2014.06.10,13:00,19.060,19.060,19.000,19.025,33
2014.06.10,14:00,19.010,19.110,19.010,19.105,61
2014.06.10,15:00,19.095,19.270,19.085,19.175,250
2014.06.10,16:00,19.180,19.235,19.175,19.210,203
2014.06.10,17:00,19.215,19.245,19.195,19.225,116
2014.06.10,18:00,19.230,19.255,19.220,19.235,65
2014.06.10,19:00,19.230,19.235,19.195,19.210,49
2014.06.10,20:00,19.205,19.215,19.190,19.205,61
2014.06.10,21:00,19.200,19.250,19.200,19.215,34
2014.06.10,22:00,19.220,19.250,19.215,19.245,21
2014.06.10,23:00,19.240,19.240,19.215,19.215,6
2014.06.11,00:00,19.220,19.225,19.215,19.215,4
2014.06.11,01:00,19.220,19.240,19.200,19.225,54
2014.06.11,02:00,19.220,19.230,19.215,19.215,15
2014.06.11,03:00,19.220,19.240,19.210,19.235,11
2014.06.11,04:00,19.240,19.265,19.235,19.260,41
2014.06.11,05:00,19.255,19.265,19.240,19.250,30
2014.06.11,06:00,19.255,19.270,19.250,19.270,12
2014.06.11,07:00,19.265,19.270,19.260,19.270,14
2014.06.11,08:00,19.265,19.265,19.240,19.240,16
2014.06.11,09:00,19.235,19.265,19.230,19.265,33
2014.06.11,10:00,19.260,19.265,19.220,19.235,35
2014.06.11,11:00,19.220,19.270,19.220,19.270,40
2014.06.11,12:00,19.275,19.310,19.235,19.250,64
2014.06.11,13:00,19.245,19.270,19.225,19.225,19
2014.06.11,14:00,19.215,19.275,19.215,19.245,51
2014.06.11,15:00,19.250,19.360,19.250,19.300,157
2014.06.11,16:00,19.295,19.305,19.235,19.250,112
2014.06.11,17:00,19.245,19.270,19.240,19.250,64
2014.06.11,18:00,19.255,19.265,19.250,19.250,34
2014.06.11,19:00,19.255,19.260,19.180,19.220,95
2014.06.11,20:00,19.215,19.220,19.190,19.220,61
2014.06.11,21:00,19.215,19.230,19.205,19.210,47
2014.06.11,22:00,19.215,19.230,19.210,19.230,24
2014.06.11,23:00,19.225,19.235,19.205,19.215,25
2014.06.12,00:00,19.220,19.220,19.210,19.210,2
2014.06.12,01:00,19.220,19.240,19.210,19.220,36
2014.06.12,02:00,19.225,19.235,19.215,19.235,16
2014.06.12,03:00,19.240,19.250,19.230,19.245,24
2014.06.12,04:00,19.240,19.240,19.180,19.200,51
2014.06.12,05:00,19.205,19.210,19.195,19.210,14
2014.06.12,06:00,19.205,19.220,19.205,19.220,8
2014.06.12,07:00,19.215,19.215,19.190,19.195,9
2014.06.12,08:00,19.200,19.200,19.190,19.195,19
2014.06.12,09:00,19.190,19.245,19.190,19.230,55
2014.06.12,10:00,19.225,19.260,19.215,19.230,48
2014.06.12,11:00,19.225,19.270,19.225,19.265,37
2014.06.12,12:00,19.260,19.305,19.260,19.295,39
2014.06.12,13:00,19.300,19.375,19.290,19.345,100
2014.06.12,14:00,19.350,19.355,19.220,19.295,111
2014.06.12,15:00,19.305,19.365,19.235,19.285,317
2014.06.12,16:00,19.275,19.345,19.255,19.330,171
2014.06.12,17:00,19.335,19.500,19.305,19.475,289
2014.06.12,18:00,19.470,19.490,19.440,19.450,116
2014.06.12,19:00,19.445,19.515,19.445,19.510,85
2014.06.12,20:00,19.515,19.590,19.515,19.525,127
2014.06.12,21:00,19.520,19.575,19.510,19.545,82
2014.06.12,22:00,19.540,19.580,19.540,19.580,55
2014.06.12,23:00,19.575,19.585,19.545,19.555,21
2014.06.13,00:00,19.550,19.555,19.550,19.555,4
2014.06.13,01:00,19.560,19.570,19.545,19.550,21
2014.06.13,02:00,19.545,19.575,19.545,19.570,15
2014.06.13,03:00,19.575,19.575,19.555,19.555,21
2014.06.13,04:00,19.560,19.650,19.560,19.585,130
2014.06.13,05:00,19.570,19.580,19.545,19.565,28
2014.06.13,06:00,19.570,19.570,19.550,19.555,28
2014.06.13,07:00,19.550,19.575,19.550,19.570,32
2014.06.13,08:00,19.560,19.565,19.535,19.550,34
2014.06.13,09:00,19.545,19.665,19.535,19.615,101
2014.06.13,10:00,19.600,19.620,19.580,19.610,141
2014.06.13,11:00,19.615,19.615,19.555,19.595,60
2014.06.13,12:00,19.590,19.595,19.505,19.530,51
2014.06.13,13:00,19.535,19.580,19.525,19.575,49
2014.06.13,14:00,19.570,19.610,19.525,19.610,152
2014.06.13,15:00,19.605,19.615,19.540,19.565,209
2014.06.13,16:00,19.570,19.655,19.550,19.635,140
2014.06.13,17:00,19.630,19.675,19.595,19.670,89
2014.06.13,18:00,19.665,19.675,19.625,19.635,81
2014.06.13,19:00,19.640,19.680,19.635,19.675,46
2014.06.13,20:00,19.680,19.705,19.675,19.690,79
2014.06.13,21:00,19.695,19.750,19.685,19.710,53
2014.06.13,22:00,19.715,19.750,19.675,19.720,68
2014.06.13,23:00,19.715,19.720,19.690,19.705,39
2014.06.16,01:00,19.710,19.760,19.710,19.760,47
2014.06.16,02:00,19.765,19.805,19.760,19.780,40
2014.06.16,03:00,19.785,19.795,19.775,19.785,24
2014.06.16,04:00,19.790,19.905,19.785,19.815,222
2014.06.16,05:00,19.825,19.830,19.790,19.805,53
2014.06.16,06:00,19.810,19.815,19.800,19.805,15
2014.06.16,07:00,19.810,19.860,19.805,19.860,39
2014.06.16,08:00,19.855,19.880,19.815,19.820,54
2014.06.16,09:00,19.825,19.840,19.795,19.795,80
2014.06.16,10:00,19.785,19.805,19.755,19.790,41
2014.06.16,11:00,19.795,19.800,19.740,19.760,39
2014.06.16,12:00,19.765,19.780,19.695,19.715,54
2014.06.16,13:00,19.705,19.750,19.705,19.730,38
2014.06.16,14:00,19.725,19.745,19.690,19.710,78
2014.06.16,15:00,19.705,19.785,19.700,19.725,227
2014.06.16,16:00,19.720,19.720,19.620,19.660,308
2014.06.16,17:00,19.655,19.720,19.625,19.685,209
2014.06.16,18:00,19.675,19.730,19.665,19.700,89
2014.06.16,19:00,19.695,19.725,19.675,19.725,110
2014.06.16,20:00,19.730,19.755,19.695,19.700,90
2014.06.16,21:00,19.705,19.715,19.675,19.680,30
2014.06.16,22:00,19.675,19.675,19.610,19.655,67
2014.06.16,23:00,19.660,19.695,19.660,19.685,25
2014.06.17,00:00,19.680,19.695,19.680,19.690,9
2014.06.17,01:00,19.695,19.715,19.695,19.710,33
2014.06.17,02:00,19.705,19.720,19.700,19.710,29
2014.06.17,03:00,19.705,19.725,19.695,19.700,27
2014.06.17,04:00,19.705,19.710,19.640,19.650,133
2014.06.17,05:00,19.645,19.665,19.640,19.655,43
2014.06.17,06:00,19.650,19.655,19.595,19.610,78
2014.06.17,07:00,19.605,19.610,19.555,19.565,43
2014.06.17,08:00,19.570,19.590,19.570,19.580,50
2014.06.17,09:00,19.575,19.610,19.570,19.600,60
2014.06.17,10:00,19.595,19.630,19.590,19.615,52
2014.06.17,11:00,19.620,19.650,19.600,19.615,47
2014.06.17,12:00,19.620,19.665,19.620,19.655,52
2014.06.17,13:00,19.650,19.660,19.595,19.600,31
2014.06.17,14:00,19.595,19.625,19.570,19.615,93
2014.06.17,15:00,19.620,19.630,19.490,19.575,276
2014.06.17,16:00,19.570,19.725,19.570,19.705,215
2014.06.17,17:00,19.710,19.735,19.675,19.720,154
2014.06.17,18:00,19.730,19.740,19.685,19.700,101
2014.06.17,19:00,19.705,19.725,19.700,19.725,29
2014.06.17,20:00,19.730,19.770,19.725,19.745,84
2014.06.17,21:00,19.735,19.760,19.735,19.750,45
2014.06.17,22:00,19.755,19.760,19.745,19.745,4
2014.06.17,23:00,19.750,19.765,19.750,19.765,6
2014.06.18,00:00,19.775,19.800,19.770,19.790,10
2014.06.18,01:00,19.775,19.785,19.740,19.740,10
2014.06.18,02:00,19.745,19.785,19.740,19.770,17
2014.06.18,03:00,19.765,19.770,19.745,19.755,30
2014.06.18,04:00,19.745,19.780,19.740,19.745,51
2014.06.18,05:00,19.750,19.760,19.725,19.725,21
2014.06.18,06:00,19.730,19.735,19.695,19.715,27
2014.06.18,07:00,19.710,19.720,19.705,19.715,17
2014.06.18,08:00,19.710,19.730,19.705,19.720,36
2014.06.18,09:00,19.725,19.735,19.705,19.725,47
2014.06.18,10:00,19.730,19.795,19.720,19.720,89
2014.06.18,11:00,19.705,19.755,19.700,19.740,43
2014.06.18,12:00,19.735,19.775,19.715,19.755,42
2014.06.18,13:00,19.745,19.780,19.740,19.755,58
2014.06.18,14:00,19.760,19.790,19.745,19.755,71
2014.06.18,15:00,19.750,19.815,19.750,19.760,169
2014.06.18,16:00,19.755,19.795,19.740,19.780,145
2014.06.18,17:00,19.775,19.815,19.770,19.785,68
2014.06.18,18:00,19.775,19.810,19.770,19.785,51
2014.06.18,19:00,19.790,19.810,19.750,19.810,93
2014.06.18,20:00,19.820,19.830,19.800,19.815,75
2014.06.18,21:00,19.760,19.875,19.760,19.850,435
2014.06.18,22:00,19.855,19.880,19.845,19.870,64
2014.06.18,23:00,19.865,19.935,19.865,19.920,39
2014.06.19,00:00,19.935,19.935,19.920,19.935,13
2014.06.19,01:00,19.930,19.940,19.925,19.940,27
2014.06.19,02:00,19.945,19.955,19.940,19.955,21
2014.06.19,03:00,19.950,19.955,19.945,19.955,17
2014.06.19,04:00,19.950,19.980,19.885,19.885,98
2014.06.19,05:00,19.890,19.910,19.865,19.885,29
2014.06.19,06:00,19.890,19.895,19.880,19.895,18
2014.06.19,07:00,19.885,19.910,19.885,19.905,11
2014.06.19,08:00,19.910,19.920,19.895,19.905,36
2014.06.19,09:00,19.910,19.970,19.905,19.955,81
2014.06.19,10:00,19.965,19.980,19.925,19.945,57
2014.06.19,11:00,19.950,19.995,19.950,19.990,58
2014.06.19,12:00,19.995,20.010,19.985,20.000,38
2014.06.19,13:00,19.995,20.000,19.960,19.965,39
2014.06.19,14:00,19.960,19.995,19.960,19.975,38
2014.06.19,15:00,19.970,20.160,19.970,20.160,283
2014.06.19,16:00,20.155,20.260,20.130,20.230,228
2014.06.19,17:00,20.220,20.380,20.210,20.345,208
2014.06.19,18:00,20.340,20.500,20.320,20.480,208
2014.06.19,19:00,20.475,20.865,20.450,20.770,568
2014.06.19,20:00,20.760,20.800,20.565,20.790,485
2014.06.19,21:00,20.795,20.930,20.780,20.930,226
2014.06.19,22:00,20.935,20.955,20.735,20.785,253
2014.06.19,23:00,20.790,20.860,20.770,20.825,100
2014.06.20,00:00,20.830,20.830,20.795,20.795,30
2014.06.20,01:00,20.800,20.865,20.795,20.845,72
2014.06.20,02:00,20.850,20.855,20.755,20.755,42
2014.06.20,03:00,20.760,20.805,20.745,20.800,51
2014.06.20,04:00,20.805,20.810,20.690,20.695,178
2014.06.20,05:00,20.685,20.735,20.685,20.720,109
2014.06.20,06:00,20.725,20.810,20.720,20.790,101
2014.06.20,07:00,20.785,20.875,20.755,20.870,80
2014.06.20,08:00,20.865,20.880,20.760,20.815,246
2014.06.20,09:00,20.820,20.830,20.710,20.740,199
2014.06.20,10:00,20.730,20.735,20.625,20.650,126
2014.06.20,11:00,20.645,20.695,20.615,20.685,63
2014.06.20,12:00,20.680,20.830,20.675,20.750,108
2014.06.20,13:00,20.745,20.780,20.675,20.725,120
2014.06.20,14:00,20.720,20.785,20.670,20.785,110
2014.06.20,15:00,20.790,20.840,20.745,20.795,166
2014.06.20,16:00,20.790,20.935,20.760,20.905,287
2014.06.20,17:00,20.900,21.020,20.835,20.905,359
2014.06.20,18:00,20.900,20.950,20.870,20.950,216
2014.06.20,19:00,20.945,20.970,20.885,20.965,102
2014.06.20,20:00,20.960,20.995,20.940,20.955,107
2014.06.20,21:00,20.960,20.970,20.915,20.930,87
2014.06.20,22:00,20.935,20.935,20.875,20.895,191
2014.06.20,23:00,20.900,20.910,20.880,20.900,44
2014.06.23,01:00,20.880,20.910,20.850,20.855,79
2014.06.23,02:00,20.850,20.875,20.845,20.865,12
2014.06.23,03:00,20.860,20.880,20.860,20.875,21
2014.06.23,04:00,20.870,20.870,20.790,20.820,129
2014.06.23,05:00,20.825,20.885,20.820,20.860,55
2014.06.23,06:00,20.850,20.850,20.820,20.830,75
2014.06.23,07:00,20.835,20.860,20.835,20.860,41
2014.06.23,08:00,20.865,20.930,20.865,20.905,85
2014.06.23,09:00,20.920,20.920,20.835,20.885,183
2014.06.23,10:00,20.890,20.915,20.835,20.855,147
2014.06.23,11:00,20.850,20.885,20.845,20.885,47
2014.06.23,12:00,20.890,20.890,20.825,20.845,34
2014.06.23,13:00,20.835,20.845,20.800,20.815,36
2014.06.23,14:00,20.810,20.870,20.780,20.870,87
2014.06.23,15:00,20.855,20.955,20.855,20.940,173
2014.06.23,16:00,20.945,20.945,20.835,20.885,228
2014.06.23,17:00,20.875,20.970,20.875,20.905,190
2014.06.23,18:00,20.910,20.945,20.875,20.930,133
2014.06.23,19:00,20.935,20.950,20.905,20.950,70
2014.06.23,20:00,20.955,20.975,20.930,20.940,72
2014.06.23,21:00,20.945,20.950,20.900,20.915,60
2014.06.23,22:00,20.905,20.935,20.885,20.925,51
2014.06.23,23:00,20.930,20.930,20.915,20.925,13
2014.06.24,00:00,20.930,20.930,20.925,20.925,4
2014.06.24,01:00,20.920,20.940,20.890,20.890,31
2014.06.24,02:00,20.895,20.910,20.870,20.875,22
2014.06.24,03:00,20.885,20.915,20.880,20.915,65
2014.06.24,04:00,20.905,20.925,20.880,20.915,88
2014.06.24,05:00,20.920,20.920,20.870,20.885,65
2014.06.24,06:00,20.870,20.875,20.855,20.860,16
2014.06.24,07:00,20.865,20.870,20.850,20.860,23
2014.06.24,08:00,20.865,20.870,20.855,20.860,22
2014.06.24,09:00,20.865,20.945,20.865,20.925,94
2014.06.24,10:00,20.920,20.980,20.885,20.955,66
2014.06.24,11:00,20.960,21.160,20.960,21.100,169
2014.06.24,12:00,21.110,21.195,21.100,21.165,125
2014.06.24,13:00,21.160,21.210,21.130,21.160,82
2014.06.24,14:00,21.165,21.200,21.115,21.140,86
2014.06.24,15:00,21.135,21.135,21.010,21.065,243
2014.06.24,16:00,21.060,21.115,20.980,21.080,252
2014.06.24,17:00,21.075,21.085,20.990,21.040,265
2014.06.24,18:00,21.035,21.080,21.000,21.030,152
2014.06.24,19:00,21.025,21.070,21.025,21.065,113
2014.06.24,20:00,21.070,21.095,21.015,21.030,118
2014.06.24,21:00,21.035,21.055,21.030,21.045,60
2014.06.24,22:00,21.050,21.060,20.930,20.965,164
2014.06.24,23:00,20.960,20.980,20.950,20.970,56
2014.06.25,00:00,20.965,20.970,20.955,20.955,12
2014.06.25,01:00,20.960,20.970,20.915,20.960,27
2014.06.25,02:00,20.950,20.960,20.930,20.950,22
2014.06.25,03:00,20.945,20.975,20.940,20.965,27
2014.06.25,04:00,20.960,20.965,20.870,20.885,133
2014.06.25,05:00,20.880,20.880,20.755,20.770,141
2014.06.25,06:00,20.765,20.800,20.755,20.790,148
2014.06.25,07:00,20.780,20.795,20.750,20.760,61
2014.06.25,08:00,20.755,20.825,20.755,20.810,97
2014.06.25,09:00,20.815,20.900,20.810,20.885,152
2014.06.25,10:00,20.890,20.920,20.815,20.850,74
2014.06.25,11:00,20.845,20.940,20.845,20.915,89
2014.06.25,12:00,20.920,20.940,20.870,20.890,102
2014.06.25,13:00,20.900,20.920,20.880,20.900,77
2014.06.25,14:00,20.890,20.940,20.825,20.935,142
2014.06.25,15:00,20.930,21.090,20.900,20.965,417
2014.06.25,16:00,20.960,21.065,20.960,21.025,197
2014.06.25,17:00,21.030,21.100,21.015,21.095,147
2014.06.25,18:00,21.100,21.215,21.065,21.175,190
2014.06.25,19:00,21.180,21.185,21.105,21.125,151
2014.06.25,20:00,21.130,21.175,21.100,21.115,120
2014.06.25,21:00,21.120,21.125,21.075,21.080,76
2014.06.25,22:00,21.085,21.105,21.065,21.065,52
2014.06.25,23:00,21.070,21.095,21.065,21.075,26
2014.06.26,00:00,21.065,21.070,21.065,21.065,3
2014.06.26,01:00,21.055,21.070,21.050,21.050,28
2014.06.26,02:00,21.045,21.065,21.045,21.065,8
2014.06.26,03:00,21.070,21.090,21.060,21.060,38
2014.06.26,04:00,21.065,21.080,21.005,21.030,199
2014.06.26,05:00,21.035,21.035,20.985,21.000,151
2014.06.26,06:00,20.995,21.000,20.965,20.980,159
2014.06.26,07:00,20.975,20.990,20.965,20.980,22
2014.06.26,08:00,20.985,21.045,20.965,21.035,115
2014.06.26,09:00,21.040,21.050,20.980,20.995,171
2014.06.26,10:00,20.990,20.995,20.840,20.925,191
2014.06.26,11:00,20.920,20.955,20.905,20.930,62
2014.06.26,12:00,20.925,20.940,20.875,20.880,118
2014.06.26,13:00,20.875,20.920,20.865,20.870,73
2014.06.26,14:00,20.875,20.925,20.845,20.855,141
2014.06.26,15:00,20.850,21.085,20.845,21.030,425
2014.06.26,16:00,21.035,21.130,21.020,21.045,275
2014.06.26,17:00,21.055,21.110,21.015,21.105,159
2014.06.26,18:00,21.100,21.125,21.035,21.095,164
2014.06.26,19:00,21.100,21.165,21.095,21.150,117
2014.06.26,20:00,21.160,21.165,21.125,21.125,71
2014.06.26,21:00,21.120,21.135,21.105,21.120,45
2014.06.26,22:00,21.115,21.135,21.115,21.125,39
2014.06.26,23:00,21.130,21.155,21.125,21.145,30
2014.06.27,00:00,21.155,21.165,21.145,21.165,8
2014.06.27,01:00,21.150,21.150,21.105,21.135,32
2014.06.27,02:00,21.140,21.150,21.135,21.135,16
2014.06.27,03:00,21.140,21.160,21.135,21.150,36
2014.06.27,04:00,21.155,21.160,21.085,21.095,148
2014.06.27,05:00,21.105,21.140,21.095,21.135,67
2014.06.27,06:00,21.140,21.225,21.140,21.175,224
2014.06.27,07:00,21.185,21.225,21.175,21.205,127
2014.06.27,08:00,21.200,21.205,21.155,21.155,153
2014.06.27,09:00,21.160,21.245,21.150,21.155,313
2014.06.27,10:00,21.160,21.200,21.040,21.100,229
2014.06.27,11:00,21.095,21.130,21.055,21.095,147
2014.06.27,12:00,21.090,21.120,21.050,21.060,163
2014.06.27,13:00,21.055,21.125,21.055,21.070,208
2014.06.27,14:00,21.075,21.085,21.005,21.035,153
2014.06.27,15:00,21.030,21.150,21.015,21.135,196
2014.06.27,16:00,21.125,21.205,21.125,21.130,336
2014.06.27,17:00,21.140,21.180,21.100,21.155,240
2014.06.27,18:00,21.150,21.195,21.125,21.130,174
2014.06.27,19:00,21.135,21.155,21.115,21.125,85
2014.06.27,20:00,21.120,21.150,21.075,21.115,174
2014.06.27,21:00,21.120,21.135,21.100,21.115,210
2014.06.27,22:00,21.120,21.145,21.035,21.035,192
2014.06.27,23:00,21.040,21.060,20.965,20.995,100
2014.06.30,01:00,21.050,21.050,20.955,20.975,96
2014.06.30,02:00,20.980,21.015,20.970,20.990,51
2014.06.30,03:00,20.995,21.035,20.980,21.015,60
2014.06.30,04:00,21.020,21.030,20.915,20.940,314
2014.06.30,05:00,20.945,20.965,20.915,20.915,103
2014.06.30,06:00,20.920,20.940,20.900,20.940,67
2014.06.30,07:00,20.945,20.975,20.935,20.965,67
2014.06.30,08:00,20.970,21.010,20.955,20.970,128
2014.06.30,09:00,20.975,20.975,20.920,20.945,183
2014.06.30,10:00,20.940,20.960,20.880,20.930,100
2014.06.30,11:00,20.935,20.965,20.845,20.850,243
2014.06.30,12:00,20.845,20.895,20.805,20.870,277
2014.06.30,13:00,20.875,20.885,20.855,20.865,132
2014.06.30,14:00,20.870,20.905,20.845,20.870,148
2014.06.30,15:00,20.865,20.960,20.805,20.895,354
2014.06.30,16:00,20.900,20.965,20.800,20.835,313
2014.06.30,17:00,20.840,20.935,20.825,20.915,275
2014.06.30,18:00,20.920,20.985,20.870,20.960,212
2014.06.30,19:00,20.965,20.970,20.925,20.945,132
2014.06.30,20:00,20.955,21.115,20.950,21.115,303
2014.06.30,21:00,21.120,21.155,21.055,21.125,410
2014.06.30,22:00,21.135,21.155,21.075,21.150,185
2014.06.30,23:00,21.155,21.155,21.055,21.065,73
2014.07.01,00:00,21.070,21.075,21.055,21.055,6
2014.07.01,01:00,21.060,21.075,21.045,21.065,53
2014.07.01,02:00,21.070,21.070,21.045,21.070,57
2014.07.01,03:00,21.065,21.080,21.050,21.075,67
2014.07.01,04:00,21.070,21.175,21.065,21.100,475
2014.07.01,05:00,21.105,21.145,21.095,21.130,152
2014.07.01,06:00,21.125,21.140,21.105,21.125,90
2014.07.01,07:00,21.120,21.135,21.105,21.120,172
2014.07.01,08:00,21.125,21.140,21.085,21.105,90
2014.07.01,09:00,21.100,21.145,21.060,21.080,235
2014.07.01,10:00,21.075,21.120,21.065,21.105,148
2014.07.01,11:00,21.100,21.140,21.085,21.135,84
2014.07.01,12:00,21.130,21.190,21.120,21.150,159
2014.07.01,13:00,21.145,21.165,21.095,21.100,98
2014.07.01,14:00,21.105,21.150,21.095,21.125,151
2014.07.01,15:00,21.120,21.175,21.100,21.130,241
2014.07.01,16:00,21.125,21.250,21.085,21.120,589
2014.07.01,17:00,21.125,21.220,21.105,21.220,419
2014.07.01,18:00,21.225,21.265,21.120,21.155,402
2014.07.01,19:00,21.150,21.180,21.140,21.165,122
2014.07.01,20:00,21.160,21.165,21.050,21.110,186
2014.07.01,21:00,21.100,21.155,21.100,21.145,107
2014.07.01,22:00,21.140,21.140,21.070,21.070,88
2014.07.01,23:00,21.075,21.080,21.055,21.065,35
2014.07.02,00:00,21.075,21.080,21.065,21.065,7
2014.07.02,01:00,21.070,21.145,21.070,21.090,77
2014.07.02,02:00,21.085,21.085,21.060,21.070,27
2014.07.02,03:00,21.075,21.085,21.060,21.065,52
2014.07.02,04:00,21.060,21.095,21.050,21.065,184
2014.07.02,05:00,21.070,21.080,21.035,21.065,147
2014.07.02,06:00,21.060,21.085,21.035,21.080,141
2014.07.02,07:00,21.075,21.080,21.030,21.045,41
2014.07.02,08:00,21.050,21.065,21.035,21.060,87
2014.07.02,09:00,21.055,21.110,21.045,21.080,194
2014.07.02,10:00,21.085,21.090,21.035,21.075,123
2014.07.02,11:00,21.080,21.100,21.050,21.100,88
2014.07.02,12:00,21.095,21.150,21.090,21.130,98
2014.07.02,13:00,21.125,21.130,21.080,21.080,91
2014.07.02,14:00,21.085,21.120,21.060,21.105,135
2014.07.02,15:00,21.110,21.120,20.955,21.080,481
2014.07.02,16:00,21.085,21.195,21.055,21.180,391
2014.07.02,17:00,21.185,21.275,21.175,21.250,376
2014.07.02,18:00,21.255,21.305,21.225,21.250,373
2014.07.02,19:00,21.255,21.300,21.245,21.285,158
2014.07.02,20:00,21.280,21.325,21.250,21.260,167
2014.07.02,21:00,21.255,21.260,21.230,21.230,49
2014.07.02,22:00,21.235,21.235,21.175,21.200,74
2014.07.02,23:00,21.205,21.205,21.160,21.195,66
2014.07.03,00:00,21.200,21.200,21.190,21.200,7
2014.07.03,01:00,21.205,21.210,21.180,21.205,42
2014.07.03,02:00,21.200,21.200,21.165,21.175,47
2014.07.03,03:00,21.180,21.190,21.175,21.185,64
2014.07.03,04:00,21.190,21.190,21.125,21.135,207
2014.07.03,05:00,21.130,21.160,21.120,21.135,171
2014.07.03,06:00,21.130,21.150,21.105,21.105,78
2014.07.03,07:00,21.100,21.130,21.085,21.120,86
2014.07.03,08:00,21.115,21.150,21.110,21.135,113
2014.07.03,09:00,21.130,21.130,21.035,21.105,213
2014.07.03,10:00,21.100,21.115,21.025,21.060,188
2014.07.03,11:00,21.055,21.110,21.025,21.095,131
2014.07.03,12:00,21.090,21.120,21.080,21.090,103
2014.07.03,13:00,21.095,21.120,21.055,21.055,93
2014.07.03,14:00,21.060,21.065,20.990,21.045,225
2014.07.03,15:00,21.040,21.100,20.860,21.080,883
2014.07.03,16:00,21.085,21.155,21.055,21.130,555
2014.07.03,17:00,21.125,21.210,21.105,21.200,378
2014.07.03,18:00,21.205,21.205,21.090,21.165,285
2014.07.03,19:00,21.170,21.190,21.150,21.160,133
2014.07.03,20:00,21.155,21.185,21.120,21.140,132
2014.07.03,21:00,21.135,21.140,21.095,21.130,254
2014.07.03,22:00,21.120,21.165,21.110,21.165,40
2014.07.03,23:00,21.170,21.175,21.160,21.175,26
2014.07.04,00:00,21.170,21.180,21.165,21.165,8
2014.07.04,01:00,21.175,21.185,21.160,21.180,36
2014.07.04,02:00,21.185,21.195,21.180,21.190,37
2014.07.04,03:00,21.195,21.200,21.170,21.170,57
2014.07.04,04:00,21.175,21.175,21.120,21.130,232
2014.07.04,05:00,21.135,21.150,21.120,21.145,87
2014.07.04,06:00,21.150,21.165,21.145,21.160,53
2014.07.04,07:00,21.165,21.165,21.145,21.150,24
2014.07.04,08:00,21.155,21.180,21.155,21.180,28
2014.07.04,09:00,21.185,21.255,21.180,21.230,196
2014.07.04,10:00,21.225,21.270,21.220,21.235,66
2014.07.04,11:00,21.230,21.230,21.195,21.195,67
2014.07.04,12:00,21.190,21.205,21.165,21.180,48
2014.07.04,13:00,21.185,21.195,21.160,21.165,49
2014.07.04,14:00,21.160,21.180,21.145,21.170,75
2014.07.04,15:00,21.165,21.220,21.165,21.200,59
2014.07.04,16:00,21.195,21.230,21.165,21.185,113
2014.07.04,17:00,21.180,21.200,21.170,21.190,67
2014.07.04,18:00,21.185,21.205,21.180,21.180,30
2014.07.04,19:00,21.185,21.190,21.175,21.185,19
2014.07.04,20:00,21.195,21.195,21.195,21.195,1
2014.07.07,01:00,21.190,21.195,21.095,21.135,126
2014.07.07,02:00,21.130,21.140,21.120,21.125,36
2014.07.07,03:00,21.130,21.150,21.120,21.130,33
2014.07.07,04:00,21.135,21.145,21.075,21.100,201
2014.07.07,05:00,21.095,21.100,21.060,21.085,133
2014.07.07,06:00,21.080,21.110,21.080,21.095,36
2014.07.07,07:00,21.090,21.100,21.090,21.095,12
2014.07.07,08:00,21.090,21.090,20.960,20.985,288
2014.07.07,09:00,20.980,20.985,20.925,20.965,251
2014.07.07,10:00,20.960,21.015,20.960,21.000,69
2014.07.07,11:00,20.995,21.015,20.975,20.985,47
2014.07.07,12:00,20.980,20.995,20.955,20.975,74
2014.07.07,13:00,20.980,21.005,20.965,20.965,85
2014.07.07,14:00,20.970,21.005,20.955,20.995,47
2014.07.07,15:00,21.000,21.050,20.995,21.005,200
2014.07.07,16:00,21.010,21.010,20.875,20.880,255
2014.07.07,17:00,20.875,21.020,20.860,21.005,242
2014.07.07,18:00,21.000,21.005,20.935,20.980,128
2014.07.07,19:00,20.985,21.020,20.985,21.005,97
2014.07.07,20:00,21.015,21.030,20.990,21.005,106
2014.07.07,21:00,21.010,21.025,20.995,21.005,35
2014.07.07,22:00,21.010,21.045,21.005,21.045,55
2014.07.07,23:00,21.055,21.085,21.040,21.085,62
2014.07.08,00:00,21.080,21.100,21.080,21.095,10
2014.07.08,01:00,21.085,21.095,21.060,21.060,30
2014.07.08,02:00,21.065,21.075,21.050,21.050,22
2014.07.08,03:00,21.055,21.055,21.035,21.050,42
2014.07.08,04:00,21.055,21.090,21.035,21.060,198
2014.07.08,05:00,21.065,21.065,21.025,21.030,96
2014.07.08,06:00,21.025,21.045,21.020,21.025,53
2014.07.08,07:00,21.020,21.030,21.015,21.025,32
2014.07.08,08:00,21.030,21.050,21.020,21.035,74
2014.07.08,09:00,21.030,21.100,21.030,21.075,220
2014.07.08,10:00,21.080,21.090,21.045,21.050,73
2014.07.08,11:00,21.055,21.100,21.055,21.095,61
2014.07.08,12:00,21.090,21.090,21.050,21.075,89
2014.07.08,13:00,21.070,21.115,21.070,21.115,96
2014.07.08,14:00,21.110,21.230,21.095,21.190,257
2014.07.08,15:00,21.195,21.235,21.140,21.145,318
2014.07.08,16:00,21.140,21.205,21.125,21.175,308
2014.07.08,17:00,21.170,21.170,20.950,21.005,517
2014.07.08,18:00,21.000,21.015,20.960,20.970,206
2014.07.08,19:00,20.965,21.005,20.950,20.995,108
2014.07.08,20:00,20.990,21.030,20.985,21.015,64
2014.07.08,21:00,21.010,21.050,21.005,21.045,51
2014.07.08,22:00,21.040,21.095,21.030,21.090,59
2014.07.08,23:00,21.085,21.100,21.065,21.070,34
2014.07.09,00:00,21.075,21.075,21.060,21.075,15
2014.07.09,01:00,21.070,21.080,21.060,21.065,14
2014.07.09,02:00,21.070,21.070,21.060,21.060,17
2014.07.09,03:00,21.065,21.085,21.055,21.080,58
2014.07.09,04:00,21.075,21.100,21.055,21.070,158
2014.07.09,05:00,21.075,21.130,21.075,21.105,125
2014.07.09,06:00,21.110,21.160,21.100,21.160,98
2014.07.09,07:00,21.165,21.185,21.135,21.165,67
2014.07.09,08:00,21.170,21.185,21.120,21.130,131
2014.07.09,09:00,21.140,21.195,21.135,21.165,264
2014.07.09,10:00,21.170,21.170,21.110,21.135,168
2014.07.09,11:00,21.145,21.155,21.125,21.150,75
2014.07.09,12:00,21.155,21.155,21.110,21.125,122
2014.07.09,13:00,21.130,21.195,21.130,21.195,96
2014.07.09,14:00,21.190,21.225,21.145,21.210,193
2014.07.09,15:00,21.215,21.235,21.160,21.195,333
2014.07.09,16:00,21.190,21.200,21.090,21.105,311
2014.07.09,17:00,21.100,21.150,21.075,21.130,270
2014.07.09,18:00,21.135,21.140,21.035,21.050,174
2014.07.09,19:00,21.045,21.090,21.040,21.065,129
2014.07.09,20:00,21.060,21.090,21.050,21.075,124
2014.07.09,21:00,21.070,21.275,21.045,21.225,568
2014.07.09,22:00,21.230,21.260,21.145,21.165,184
2014.07.09,23:00,21.150,21.190,21.145,21.160,55
2014.07.10,00:00,21.165,21.165,21.145,21.150,22
2014.07.10,01:00,21.120,21.170,21.115,21.150,71
2014.07.10,02:00,21.145,21.155,21.130,21.145,28
2014.07.10,03:00,21.140,21.185,21.140,21.175,51
2014.07.10,04:00,21.180,21.250,21.155,21.220,309
2014.07.10,05:00,21.215,21.240,21.200,21.240,72
2014.07.10,06:00,21.235,21.250,21.220,21.225,27
2014.07.10,07:00,21.220,21.230,21.180,21.205,42
2014.07.10,08:00,21.210,21.280,21.200,21.265,102
2014.07.10,09:00,21.260,21.275,21.150,21.195,295
2014.07.10,10:00,21.190,21.265,21.190,21.225,183
2014.07.10,11:00,21.230,21.265,21.205,21.250,134
2014.07.10,12:00,21.260,21.610,21.260,21.515,565
2014.07.10,13:00,21.520,21.620,21.520,21.540,249
2014.07.10,14:00,21.535,21.575,21.470,21.525,211
2014.07.10,15:00,21.520,21.600,21.415,21.445,488
2014.07.10,16:00,21.440,21.575,21.415,21.520,473
2014.07.10,17:00,21.525,21.530,21.430,21.470,268
2014.07.10,18:00,21.475,21.480,21.420,21.475,181
2014.07.10,19:00,21.480,21.480,21.440,21.460,75
2014.07.10,20:00,21.465,21.545,21.465,21.490,137
2014.07.10,21:00,21.485,21.515,21.475,21.490,66
2014.07.10,22:00,21.485,21.485,21.430,21.435,73
2014.07.10,23:00,21.440,21.455,21.435,21.450,41
2014.07.11,00:00,21.440,21.465,21.435,21.455,13
2014.07.11,01:00,21.460,21.480,21.455,21.480,19
2014.07.11,02:00,21.475,21.480,21.455,21.480,18
2014.07.11,03:00,21.475,21.505,21.470,21.505,46
2014.07.11,04:00,21.500,21.530,21.500,21.520,143
2014.07.11,05:00,21.525,21.530,21.475,21.485,97
2014.07.11,06:00,21.480,21.525,21.480,21.515,76
2014.07.11,07:00,21.510,21.515,21.485,21.505,40
2014.07.11,08:00,21.500,21.555,21.485,21.540,107
2014.07.11,09:00,21.530,21.535,21.475,21.495,198
2014.07.11,10:00,21.500,21.500,21.460,21.460,108
2014.07.11,11:00,21.465,21.485,21.440,21.480,77
2014.07.11,12:00,21.475,21.505,21.465,21.490,93
2014.07.11,13:00,21.485,21.515,21.450,21.475,88
2014.07.11,14:00,21.470,21.510,21.460,21.495,105
2014.07.11,15:00,21.500,21.540,21.455,21.485,289
2014.07.11,16:00,21.490,21.505,21.415,21.470,306
2014.07.11,17:00,21.475,21.490,21.440,21.475,132
2014.07.11,18:00,21.470,21.515,21.425,21.510,146
2014.07.11,19:00,21.505,21.505,21.460,21.475,78
2014.07.11,20:00,21.470,21.485,21.450,21.450,65
2014.07.11,21:00,21.455,21.480,21.455,21.480,49
2014.07.11,22:00,21.485,21.500,21.470,21.485,47
2014.07.11,23:00,21.490,21.495,21.475,21.495,25
2014.07.14,01:00,21.475,21.515,21.475,21.510,55
2014.07.14,02:00,21.515,21.515,21.495,21.500,24
2014.07.14,03:00,21.505,21.505,21.485,21.490,32
2014.07.14,04:00,21.495,21.505,21.445,21.470,172
2014.07.14,05:00,21.475,21.475,21.415,21.425,67
2014.07.14,06:00,21.430,21.430,21.290,21.315,77
2014.07.14,07:00,21.310,21.340,21.290,21.290,45
2014.07.14,08:00,21.285,21.320,21.225,21.245,228
2014.07.14,09:00,21.235,21.265,21.100,21.140,501
2014.07.14,10:00,21.145,21.265,21.105,21.250,263
2014.07.14,11:00,21.245,21.280,21.175,21.205,145
2014.07.14,12:00,21.210,21.215,21.185,21.190,68
2014.07.14,13:00,21.185,21.265,21.185,21.210,147
2014.07.14,14:00,21.215,21.225,21.105,21.155,259
2014.07.14,15:00,21.150,21.190,20.980,21.015,437
2014.07.14,16:00,21.005,21.005,20.900,20.975,572
2014.07.14,17:00,20.970,21.015,20.940,20.995,254
2014.07.14,18:00,21.000,21.010,20.940,20.945,210
2014.07.14,19:00,20.950,20.955,20.920,20.935,125
2014.07.14,20:00,20.930,20.935,20.895,20.915,164
2014.07.14,21:00,20.910,20.940,20.905,20.930,56
2014.07.14,22:00,20.935,20.975,20.930,20.960,60
2014.07.14,23:00,20.965,20.975,20.940,20.955,46
2014.07.15,00:00,20.960,20.970,20.955,20.960,7
2014.07.15,01:00,20.965,20.965,20.945,20.945,23
2014.07.15,02:00,20.950,20.970,20.945,20.970,24
2014.07.15,03:00,20.975,20.980,20.935,20.950,60
2014.07.15,04:00,20.945,20.950,20.880,20.935,236
2014.07.15,05:00,20.940,20.950,20.915,20.935,101
2014.07.15,06:00,20.940,20.950,20.920,20.940,21
2014.07.15,07:00,20.945,20.960,20.925,20.930,38
2014.07.15,08:00,20.935,20.980,20.915,20.950,117
2014.07.15,09:00,20.945,20.975,20.910,20.955,275
2014.07.15,10:00,20.975,21.010,20.945,20.990,172
2014.07.15,11:00,20.995,21.010,20.955,20.995,175
2014.07.15,12:00,21.000,21.065,20.995,21.050,141
2014.07.15,13:00,21.055,21.055,20.975,20.985,87
2014.07.15,14:00,20.990,21.045,20.970,21.025,170
2014.07.15,15:00,21.030,21.050,20.970,21.020,362
2014.07.15,16:00,21.015,21.025,20.955,20.990,236
2014.07.15,17:00,20.995,21.115,20.730,20.800,914
2014.07.15,18:00,20.795,20.925,20.720,20.830,598
2014.07.15,19:00,20.825,20.875,20.825,20.870,203
2014.07.15,20:00,20.865,20.900,20.840,20.870,128
2014.07.15,21:00,20.875,20.890,20.740,20.785,133
2014.07.15,22:00,20.780,20.790,20.710,20.730,144
2014.07.15,23:00,20.740,20.750,20.710,20.725,75
2014.07.16,00:00,20.720,20.735,20.710,20.730,9
2014.07.16,01:00,20.735,20.765,20.735,20.750,55
2014.07.16,02:00,20.745,20.760,20.740,20.755,37
2014.07.16,03:00,20.750,20.785,20.745,20.780,67
2014.07.16,04:00,20.785,20.830,20.785,20.805,139
2014.07.16,05:00,20.800,20.805,20.765,20.785,100
2014.07.16,06:00,20.790,20.790,20.760,20.770,61
2014.07.16,07:00,20.765,20.780,20.755,20.770,56
2014.07.16,08:00,20.775,20.815,20.770,20.805,91
2014.07.16,09:00,20.810,20.830,20.745,20.765,192
2014.07.16,10:00,20.770,20.795,20.725,20.745,96
2014.07.16,11:00,20.740,20.790,20.710,20.775,182
2014.07.16,12:00,20.780,20.805,20.770,20.795,88
2014.07.16,13:00,20.800,20.810,20.760,20.770,85
2014.07.16,14:00,20.775,20.780,20.685,20.730,253
2014.07.16,15:00,20.740,20.800,20.625,20.770,496
2014.07.16,16:00,20.775,20.870,20.755,20.830,302
2014.07.16,17:00,20.825,20.840,20.780,20.835,256
2014.07.16,18:00,20.830,20.835,20.780,20.780,109
2014.07.16,19:00,20.785,20.840,20.775,20.790,98
2014.07.16,20:00,20.785,20.785,20.715,20.755,159
2014.07.16,21:00,20.750,20.800,20.720,20.795,162
2014.07.16,22:00,20.790,20.790,20.740,20.790,124
2014.07.16,23:00,20.795,20.815,20.780,20.810,107
2014.07.17,00:00,20.805,20.815,20.800,20.815,7
2014.07.17,01:00,20.800,20.810,20.755,20.760,82
2014.07.17,02:00,20.765,20.795,20.760,20.790,37
2014.07.17,03:00,20.785,20.815,20.785,20.795,27
2014.07.17,04:00,20.800,20.840,20.795,20.835,136
2014.07.17,05:00,20.840,20.845,20.820,20.835,40
2014.07.17,06:00,20.830,20.850,20.830,20.850,27
2014.07.17,07:00,20.855,20.900,20.850,20.875,61
2014.07.17,08:00,20.885,20.925,20.875,20.905,110
2014.07.17,09:00,20.900,20.930,20.870,20.870,185
2014.07.17,10:00,20.875,20.915,20.855,20.880,113
2014.07.17,11:00,20.875,20.890,20.805,20.810,139
2014.07.17,12:00,20.815,20.860,20.805,20.810,121
2014.07.17,13:00,20.805,20.865,20.790,20.860,162
2014.07.17,14:00,20.855,20.865,20.760,20.780,193
2014.07.17,15:00,20.775,20.920,20.760,20.870,488
2014.07.17,16:00,20.875,20.880,20.825,20.845,262
2014.07.17,17:00,20.820,20.870,20.805,20.820,187
2014.07.17,18:00,20.825,21.220,20.820,21.200,852
2014.07.17,19:00,21.205,21.280,21.110,21.145,516
2014.07.17,20:00,21.140,21.195,21.110,21.155,171
2014.07.17,21:00,21.150,21.180,21.140,21.160,81
2014.07.17,22:00,21.155,21.225,21.145,21.205,282
2014.07.17,23:00,21.200,21.215,21.175,21.195,99
2014.07.18,00:00,21.190,21.195,21.180,21.185,8
2014.07.18,01:00,21.195,21.300,21.185,21.255,125
2014.07.18,02:00,21.250,21.260,21.215,21.220,77
2014.07.18,03:00,21.225,21.245,21.200,21.215,129
2014.07.18,04:00,21.220,21.220,21.135,21.140,181
2014.07.18,05:00,21.145,21.160,21.140,21.150,66
2014.07.18,06:00,21.145,21.180,21.145,21.155,79
2014.07.18,07:00,21.150,21.150,21.060,21.095,61
2014.07.18,08:00,21.100,21.130,21.095,21.115,106
2014.07.18,09:00,21.110,21.115,21.040,21.080,169
2014.07.18,10:00,21.075,21.090,21.025,21.070,157
2014.07.18,11:00,21.065,21.090,20.980,20.990,188
2014.07.18,12:00,20.985,21.035,20.925,20.945,119
2014.07.18,13:00,20.950,21.015,20.950,20.970,149
2014.07.18,14:00,20.965,21.010,20.950,20.985,125
2014.07.18,15:00,20.980,21.045,20.905,20.935,402
2014.07.18,16:00,20.930,20.955,20.860,20.905,330
2014.07.18,17:00,20.900,20.920,20.850,20.865,222
2014.07.18,18:00,20.860,20.885,20.775,20.820,217
2014.07.18,19:00,20.825,20.895,20.820,20.890,150
2014.07.18,20:00,20.895,20.915,20.855,20.875,143
2014.07.18,21:00,20.870,20.900,20.870,20.900,84
2014.07.18,22:00,20.905,20.915,20.885,20.905,83
2014.07.18,23:00,20.900,20.920,20.895,20.910,45
2014.07.21,01:00,20.920,20.920,20.895,20.915,55
2014.07.21,02:00,20.910,20.945,20.905,20.920,38
2014.07.21,03:00,20.925,20.930,20.885,20.895,31
2014.07.21,04:00,20.890,20.915,20.850,20.910,185
2014.07.21,05:00,20.915,20.945,20.915,20.945,91
2014.07.21,06:00,20.950,20.960,20.940,20.945,52
2014.07.21,07:00,20.955,20.975,20.940,20.970,18
2014.07.21,08:00,20.975,20.975,20.940,20.950,56
2014.07.21,09:00,20.945,21.010,20.925,21.005,109
2014.07.21,10:00,21.010,21.040,21.000,21.020,105
2014.07.21,11:00,21.025,21.025,20.985,21.005,65
2014.07.21,12:00,21.000,21.010,20.965,21.000,93
2014.07.21,13:00,21.005,21.030,21.005,21.010,74
2014.07.21,14:00,21.000,21.150,20.975,21.135,152
2014.07.21,15:00,21.140,21.155,21.045,21.050,202
2014.07.21,16:00,21.045,21.045,20.930,20.950,265
2014.07.21,17:00,20.955,20.995,20.940,20.950,211
2014.07.21,18:00,20.955,20.975,20.920,20.950,173
2014.07.21,19:00,20.960,20.995,20.960,20.980,73
2014.07.21,20:00,20.985,21.015,20.980,20.985,95
2014.07.21,21:00,20.980,21.020,20.970,20.995,75
2014.07.21,22:00,21.000,21.005,20.965,20.980,64
2014.07.21,23:00,20.975,20.980,20.955,20.965,21
2014.07.22,00:00,20.960,20.970,20.960,20.960,8
2014.07.22,01:00,20.955,20.965,20.945,20.955,24
2014.07.22,02:00,20.945,20.955,20.940,20.945,26
2014.07.22,03:00,20.940,20.960,20.935,20.945,40
2014.07.22,04:00,20.940,20.985,20.930,20.980,121
2014.07.22,05:00,20.985,20.995,20.970,20.980,55
2014.07.22,06:00,20.985,20.990,20.970,20.970,17
2014.07.22,07:00,20.975,20.975,20.895,20.905,92
2014.07.22,08:00,20.910,20.930,20.875,20.880,104
2014.07.22,09:00,20.875,20.940,20.865,20.935,145
2014.07.22,10:00,20.930,20.940,20.860,20.885,198
2014.07.22,11:00,20.890,20.955,20.885,20.920,230
2014.07.22,12:00,20.915,20.930,20.895,20.905,107
2014.07.22,13:00,20.900,20.915,20.845,20.855,107
2014.07.22,14:00,20.860,20.925,20.830,20.865,221
2014.07.22,15:00,20.860,21.105,20.785,21.010,724
2014.07.22,16:00,21.015,21.035,20.980,20.995,332
2014.07.22,17:00,20.990,20.990,20.880,20.935,352
2014.07.22,18:00,20.940,21.030,20.920,21.030,239
2014.07.22,19:00,21.025,21.115,21.005,21.020,297
2014.07.22,20:00,21.015,21.025,20.990,21.020,163
2014.07.22,21:00,21.015,21.020,20.980,20.980,98
2014.07.22,22:00,20.985,21.000,20.980,20.985,46
2014.07.22,23:00,20.990,21.005,20.980,20.985,30
2014.07.23,00:00,20.990,21.010,20.990,21.010,14
2014.07.23,01:00,21.015,21.020,20.990,21.000,60
2014.07.23,02:00,21.005,21.020,20.990,21.010,20
2014.07.23,03:00,21.015,21.015,20.970,20.980,38
2014.07.23,04:00,20.990,21.040,20.970,21.005,161
2014.07.23,05:00,21.010,21.025,20.970,20.975,79
2014.07.23,06:00,20.980,21.000,20.960,20.990,79
2014.07.23,07:00,20.995,21.000,20.965,20.980,60
2014.07.23,08:00,20.985,20.995,20.950,20.960,70
2014.07.23,09:00,20.955,21.015,20.945,20.995,151
2014.07.23,10:00,21.000,21.060,20.990,21.040,166
2014.07.23,11:00,21.035,21.055,21.005,21.020,125
2014.07.23,12:00,21.015,21.030,21.000,21.010,73
2014.07.23,13:00,21.005,21.040,21.000,21.010,80
2014.07.23,14:00,21.005,21.040,20.965,21.025,123
2014.07.23,15:00,21.030,21.095,21.015,21.035,314
2014.07.23,16:00,21.030,21.050,20.940,21.010,292
2014.07.23,17:00,21.015,21.055,20.965,21.000,209
2014.07.23,18:00,20.995,21.010,20.980,21.010,119
2014.07.23,19:00,21.015,21.025,20.950,20.980,230
2014.07.23,20:00,20.975,20.995,20.965,20.990,112
2014.07.23,21:00,20.985,20.995,20.965,20.975,60
2014.07.23,22:00,20.970,20.985,20.955,20.970,71
2014.07.23,23:00,20.975,20.975,20.955,20.955,16
2014.07.24,00:00,20.950,20.960,20.945,20.945,15
2014.07.24,01:00,20.950,20.965,20.940,20.950,43
2014.07.24,02:00,20.955,20.965,20.940,20.945,93
2014.07.24,03:00,20.940,20.950,20.930,20.945,32
2014.07.24,04:00,20.950,20.955,20.800,20.880,350
2014.07.24,05:00,20.875,20.880,20.815,20.835,272
2014.07.24,06:00,20.830,20.850,20.820,20.835,104
2014.07.24,07:00,20.830,20.850,20.815,20.830,78
2014.07.24,08:00,20.825,20.860,20.805,20.855,91
2014.07.24,09:00,20.850,20.900,20.795,20.885,227
2014.07.24,10:00,20.890,20.915,20.850,20.850,145
2014.07.24,11:00,20.855,20.860,20.830,20.845,133
2014.07.24,12:00,20.840,20.940,20.835,20.920,130
2014.07.24,13:00,20.925,20.940,20.895,20.895,81
2014.07.24,14:00,20.900,20.935,20.870,20.880,109
2014.07.24,15:00,20.870,20.930,20.835,20.920,415
2014.07.24,16:00,20.925,20.945,20.675,20.695,486
2014.07.24,17:00,20.700,20.755,20.535,20.585,524
2014.07.24,18:00,20.580,20.585,20.455,20.495,358
2014.07.24,19:00,20.500,20.525,20.465,20.495,206
2014.07.24,20:00,20.500,20.515,20.345,20.360,284
2014.07.24,21:00,20.365,20.415,20.355,20.405,147
2014.07.24,22:00,20.410,20.435,20.395,20.405,117
2014.07.24,23:00,20.410,20.435,20.365,20.410,72
2014.07.25,00:00,20.415,20.425,20.410,20.420,19
2014.07.25,01:00,20.400,20.420,20.390,20.395,64
2014.07.25,02:00,20.390,20.390,20.345,20.380,74
2014.07.25,03:00,20.375,20.380,20.345,20.365,86
2014.07.25,04:00,20.360,20.475,20.350,20.465,274
2014.07.25,05:00,20.460,20.510,20.460,20.505,76
2014.07.25,06:00,20.500,20.505,20.450,20.455,70
2014.07.25,07:00,20.460,20.475,20.435,20.435,36
2014.07.25,08:00,20.440,20.475,20.435,20.470,48
2014.07.25,09:00,20.460,20.510,20.450,20.460,184
2014.07.25,10:00,20.455,20.500,20.455,20.485,132
2014.07.25,11:00,20.490,20.495,20.465,20.470,51
2014.07.25,12:00,20.475,20.490,20.455,20.490,84
2014.07.25,13:00,20.495,20.535,20.495,20.520,96
2014.07.25,14:00,20.525,20.530,20.460,20.480,126
2014.07.25,15:00,20.475,20.530,20.455,20.520,238
2014.07.25,16:00,20.515,20.515,20.445,20.480,300
2014.07.25,17:00,20.485,20.495,20.415,20.480,166
2014.07.25,18:00,20.485,20.570,20.480,20.535,262
2014.07.25,19:00,20.530,20.580,20.500,20.580,111
2014.07.25,20:00,20.585,20.635,20.575,20.615,278
2014.07.25,21:00,20.610,20.635,20.605,20.605,62
2014.07.25,22:00,20.600,20.765,20.595,20.755,130
2014.07.25,23:00,20.770,20.800,20.745,20.770,79
2014.07.28,01:00,20.715,20.765,20.685,20.755,85
2014.07.28,02:00,20.750,20.770,20.725,20.745,72
2014.07.28,03:00,20.740,20.750,20.720,20.740,79
2014.07.28,04:00,20.735,20.735,20.625,20.625,232
2014.07.28,05:00,20.630,20.650,20.595,20.640,163
2014.07.28,06:00,20.645,20.675,20.630,20.675,61
2014.07.28,07:00,20.670,20.735,20.670,20.705,92
2014.07.28,08:00,20.700,20.725,20.630,20.680,182
2014.07.28,09:00,20.685,20.690,20.615,20.640,169
2014.07.28,10:00,20.635,20.655,20.605,20.610,117
2014.07.28,11:00,20.615,20.695,20.600,20.680,133
2014.07.28,12:00,20.675,20.690,20.640,20.675,111
2014.07.28,13:00,20.670,20.690,20.625,20.635,89
2014.07.28,14:00,20.640,20.715,20.640,20.715,129
2014.07.28,15:00,20.710,20.725,20.670,20.685,148
2014.07.28,16:00,20.680,20.720,20.595,20.675,254
2014.07.28,17:00,20.680,20.710,20.650,20.685,149
2014.07.28,18:00,20.680,20.685,20.585,20.590,140
2014.07.28,19:00,20.585,20.600,20.550,20.550,139
2014.07.28,20:00,20.545,20.595,20.545,20.585,117
2014.07.28,21:00,20.580,20.615,20.575,20.605,74
2014.07.28,22:00,20.610,20.665,20.605,20.660,86
2014.07.28,23:00,20.650,20.655,20.605,20.615,33
2014.07.29,00:00,20.610,20.615,20.605,20.615,18
2014.07.29,01:00,20.610,20.630,20.605,20.610,30
2014.07.29,02:00,20.615,20.630,20.615,20.620,20
2014.07.29,03:00,20.615,20.630,20.605,20.610,49
2014.07.29,04:00,20.605,20.620,20.595,20.600,88
2014.07.29,05:00,20.595,20.625,20.590,20.625,53
2014.07.29,06:00,20.630,20.640,20.620,20.625,37
2014.07.29,07:00,20.630,20.630,20.600,20.615,21
2014.07.29,08:00,20.620,20.630,20.585,20.590,65
2014.07.29,09:00,20.595,20.595,20.560,20.590,59
2014.07.29,10:00,20.600,20.775,20.595,20.730,175
2014.07.29,11:00,20.735,20.835,20.730,20.765,200
2014.07.29,12:00,20.770,20.770,20.730,20.765,107
2014.07.29,13:00,20.770,20.775,20.670,20.700,105
2014.07.29,14:00,20.695,20.715,20.670,20.680,156
2014.07.29,15:00,20.685,20.775,20.620,20.745,362
2014.07.29,16:00,20.740,20.770,20.595,20.600,451
2014.07.29,17:00,20.585,20.615,20.550,20.595,347
2014.07.29,18:00,20.590,20.640,20.580,20.595,163
2014.07.29,19:00,20.600,20.600,20.500,20.540,210
2014.07.29,20:00,20.535,20.590,20.530,20.580,166
2014.07.29,21:00,20.585,20.625,20.580,20.620,84
2014.07.29,22:00,20.615,20.645,20.610,20.640,78
2014.07.29,23:00,20.635,20.635,20.595,20.605,34
2014.07.30,00:00,20.600,20.610,20.600,20.605,8
2014.07.30,01:00,20.590,20.610,20.590,20.600,27
2014.07.30,02:00,20.595,20.615,20.585,20.615,31
2014.07.30,03:00,20.610,20.620,20.595,20.605,30
2014.07.30,04:00,20.600,20.620,20.570,20.585,96
2014.07.30,05:00,20.580,20.605,20.580,20.595,63
2014.07.30,06:00,20.590,20.620,20.590,20.610,21
2014.07.30,07:00,20.605,20.625,20.600,20.620,12
2014.07.30,08:00,20.615,20.620,20.600,20.615,43
2014.07.30,09:00,20.610,20.640,20.600,20.630,110
2014.07.30,10:00,20.635,20.635,20.605,20.615,83
2014.07.30,11:00,20.620,20.650,20.610,20.635,52
2014.07.30,12:00,20.640,20.640,20.590,20.600,69
2014.07.30,13:00,20.605,20.615,20.580,20.580,53
2014.07.30,14:00,20.585,20.620,20.550,20.615,107
2014.07.30,15:00,20.620,20.750,20.490,20.670,679
2014.07.30,16:00,20.675,20.685,20.570,20.590,428
2014.07.30,17:00,20.595,20.595,20.515,20.570,273
2014.07.30,18:00,20.565,20.585,20.540,20.560,146
2014.07.30,19:00,20.550,20.620,20.550,20.575,159
2014.07.30,20:00,20.580,20.610,20.555,20.575,128
2014.07.30,21:00,20.590,20.685,20.555,20.600,416
2014.07.30,22:00,20.605,20.645,20.600,20.645,57
2014.07.30,23:00,20.650,20.670,20.630,20.640,30
2014.07.31,00:00,20.645,20.645,20.645,20.645,1
2014.07.31,01:00,20.635,20.650,20.625,20.650,29
2014.07.31,02:00,20.645,20.650,20.615,20.620,24
2014.07.31,03:00,20.615,20.630,20.600,20.620,38
2014.07.31,04:00,20.615,20.625,20.600,20.610,80
2014.07.31,05:00,20.605,20.610,20.595,20.610,48
2014.07.31,06:00,20.605,20.635,20.600,20.630,44
2014.07.31,07:00,20.625,20.630,20.605,20.615,39
2014.07.31,08:00,20.620,20.635,20.570,20.600,81
2014.07.31,09:00,20.595,20.690,20.590,20.680,181
2014.07.31,10:00,20.675,20.755,20.670,20.740,130
2014.07.31,11:00,20.750,20.770,20.690,20.765,257
2014.07.31,12:00,20.770,20.770,20.715,20.725,122
2014.07.31,13:00,20.740,20.745,20.700,20.705,94
2014.07.31,14:00,20.710,20.740,20.670,20.690,111
2014.07.31,15:00,20.685,20.730,20.550,20.620,521
2014.07.31,16:00,20.610,20.630,20.495,20.515,341
2014.07.31,17:00,20.510,20.525,20.465,20.505,282
2014.07.31,18:00,20.495,20.545,20.450,20.510,242
2014.07.31,19:00,20.505,20.555,20.435,20.445,282
2014.07.31,20:00,20.435,20.465,20.365,20.415,247
2014.07.31,21:00,20.410,20.450,20.400,20.425,119
2014.07.31,22:00,20.420,20.495,20.395,20.395,124
2014.07.31,23:00,20.400,20.430,20.380,20.415,78
2014.08.01,00:00,20.420,20.420,20.395,20.410,11
2014.08.01,01:00,20.400,20.410,20.370,20.380,74
2014.08.01,02:00,20.375,20.400,20.370,20.390,40
2014.08.01,03:00,20.395,20.410,20.385,20.405,43
2014.08.01,04:00,20.410,20.425,20.385,20.415,124
2014.08.01,05:00,20.410,20.435,20.410,20.420,59
2014.08.01,06:00,20.415,20.420,20.410,20.420,18
2014.08.01,07:00,20.415,20.415,20.380,20.385,19
2014.08.01,08:00,20.380,20.435,20.370,20.430,102
2014.08.01,09:00,20.425,20.445,20.410,20.415,89
2014.08.01,10:00,20.410,20.460,20.390,20.425,109
2014.08.01,11:00,20.420,20.430,20.375,20.390,108
2014.08.01,12:00,20.395,20.410,20.315,20.350,103
2014.08.01,13:00,20.355,20.395,20.345,20.370,103
2014.08.01,14:00,20.375,20.385,20.315,20.385,138
2014.08.01,15:00,20.380,20.480,20.300,20.450,660
2014.08.01,16:00,20.460,20.570,20.430,20.530,506
2014.08.01,17:00,20.510,20.535,20.450,20.470,398
2014.08.01,18:00,20.480,20.490,20.360,20.415,223
2014.08.01,19:00,20.420,20.440,20.380,20.390,168
2014.08.01,20:00,20.385,20.400,20.350,20.375,189
2014.08.01,21:00,20.370,20.380,20.280,20.300,140
2014.08.01,22:00,20.295,20.350,20.285,20.350,105
2014.08.01,23:00,20.360,20.390,20.345,20.345,43
2014.08.04,01:00,20.355,20.360,20.320,20.320,62
2014.08.04,02:00,20.325,20.360,20.325,20.350,24
2014.08.04,03:00,20.345,20.350,20.335,20.340,32
2014.08.04,04:00,20.345,20.385,20.345,20.380,56
2014.08.04,05:00,20.375,20.380,20.360,20.380,24
2014.08.04,06:00,20.385,20.395,20.380,20.395,24
2014.08.04,07:00,20.400,20.400,20.380,20.380,21
2014.08.04,08:00,20.375,20.430,20.375,20.430,36
2014.08.04,09:00,20.425,20.450,20.420,20.430,100
2014.08.04,10:00,20.425,20.450,20.380,20.450,82
2014.08.04,11:00,20.445,20.475,20.420,20.425,99
2014.08.04,12:00,20.415,20.450,20.415,20.435,46
2014.08.04,13:00,20.430,20.440,20.350,20.370,116
2014.08.04,14:00,20.375,20.435,20.360,20.415,109
2014.08.04,15:00,20.410,20.415,20.345,20.400,196
2014.08.04,16:00,20.395,20.435,20.345,20.355,169
2014.08.04,17:00,20.360,20.370,20.310,20.350,174
2014.08.04,18:00,20.345,20.350,20.215,20.235,217
2014.08.04,19:00,20.230,20.235,20.195,20.225,125
2014.08.04,20:00,20.220,20.235,20.200,20.230,138
2014.08.04,21:00,20.225,20.240,20.175,20.185,47
2014.08.04,22:00,20.180,20.215,20.165,20.205,66
2014.08.04,23:00,20.200,20.210,20.170,20.175,37
2014.08.05,00:00,20.170,20.180,20.165,20.170,17
2014.08.05,01:00,20.175,20.180,20.165,20.175,11
2014.08.05,02:00,20.170,20.200,20.170,20.195,14
2014.08.05,03:00,20.190,20.215,20.185,20.210,23
2014.08.05,04:00,20.205,20.230,20.150,20.190,148
2014.08.05,05:00,20.195,20.230,20.195,20.215,75
2014.08.05,06:00,20.210,20.210,20.205,20.205,6
2014.08.05,07:00,20.200,20.225,20.195,20.225,14
2014.08.05,08:00,20.220,20.265,20.215,20.260,89
2014.08.05,09:00,20.265,20.270,20.230,20.250,83
2014.08.05,10:00,20.255,20.270,20.230,20.250,80
2014.08.05,11:00,20.255,20.280,20.240,20.260,79
2014.08.05,12:00,20.255,20.265,20.240,20.255,70
2014.08.05,13:00,20.250,20.255,20.190,20.210,78
2014.08.05,14:00,20.215,20.240,20.200,20.235,92
2014.08.05,15:00,20.240,20.260,20.060,20.110,330
2014.08.05,16:00,20.105,20.110,19.965,20.000,361
2014.08.05,17:00,19.995,20.010,19.835,19.865,459
2014.08.05,18:00,19.860,19.870,19.775,19.825,233
2014.08.05,19:00,19.820,19.880,19.800,19.845,202
2014.08.05,20:00,19.850,19.880,19.815,19.870,207
2014.08.05,21:00,19.875,19.930,19.845,19.845,370
2014.08.05,22:00,19.840,19.870,19.815,19.825,103
2014.08.05,23:00,19.820,19.825,19.755,19.780,82
2014.08.06,00:00,19.785,19.795,19.780,19.790,14
2014.08.06,01:00,19.780,19.790,19.760,19.770,28
2014.08.06,02:00,19.765,19.785,19.765,19.785,34
2014.08.06,03:00,19.775,19.790,19.770,19.780,42
2014.08.06,04:00,19.775,19.835,19.775,19.835,135
2014.08.06,05:00,19.830,19.865,19.830,19.860,95
2014.08.06,06:00,19.855,19.875,19.850,19.865,25
2014.08.06,07:00,19.870,19.870,19.845,19.855,16
2014.08.06,08:00,19.850,19.885,19.850,19.865,85
2014.08.06,09:00,19.870,19.880,19.855,19.860,112
2014.08.06,10:00,19.865,19.885,19.855,19.880,62
2014.08.06,11:00,19.885,19.910,19.820,19.840,117
2014.08.06,12:00,19.845,19.880,19.810,19.810,135
2014.08.06,13:00,19.815,19.855,19.810,19.830,110
2014.08.06,14:00,19.835,19.850,19.775,19.825,158
2014.08.06,15:00,19.820,19.955,19.815,19.935,670
2014.08.06,16:00,19.940,20.125,19.940,20.045,487
2014.08.06,17:00,20.040,20.060,20.000,20.035,231
2014.08.06,18:00,20.040,20.080,20.020,20.030,240
2014.08.06,19:00,20.035,20.090,20.025,20.030,217
2014.08.06,20:00,20.035,20.050,20.005,20.030,117
2014.08.06,21:00,20.035,20.070,20.035,20.070,82
2014.08.06,22:00,20.055,20.065,20.035,20.050,69
2014.08.06,23:00,20.055,20.080,20.045,20.045,37
2014.08.07,00:00,20.040,20.050,20.035,20.035,8
2014.08.07,01:00,20.045,20.060,20.045,20.045,12
2014.08.07,02:00,20.040,20.060,20.040,20.050,25
2014.08.07,03:00,20.055,20.085,20.045,20.060,42
2014.08.07,04:00,20.065,20.095,20.065,20.070,66
2014.08.07,05:00,20.075,20.110,20.070,20.100,32
2014.08.07,06:00,20.095,20.120,20.085,20.090,31
2014.08.07,07:00,20.095,20.095,20.060,20.060,24
2014.08.07,08:00,20.055,20.085,20.055,20.070,58
2014.08.07,09:00,20.065,20.070,20.050,20.060,38
2014.08.07,10:00,20.055,20.095,19.990,20.045,192
2014.08.07,11:00,20.050,20.085,20.015,20.020,92
2014.08.07,12:00,20.025,20.040,19.970,20.005,95
2014.08.07,13:00,20.000,20.070,20.000,20.060,63
2014.08.07,14:00,20.050,20.115,19.940,19.995,313
2014.08.07,15:00,20.000,20.010,19.895,19.945,467
2014.08.07,16:00,19.940,19.970,19.910,19.965,293
2014.08.07,17:00,19.970,20.030,19.935,19.960,322
2014.08.07,18:00,19.965,20.030,19.930,19.985,317
2014.08.07,19:00,19.990,20.045,19.965,19.985,278
2014.08.07,20:00,19.980,19.985,19.925,19.945,150
2014.08.07,21:00,19.950,19.970,19.940,19.965,100
2014.08.07,22:00,19.960,20.015,19.945,19.975,123
2014.08.07,23:00,19.965,19.980,19.955,19.970,35
2014.08.08,00:00,19.965,19.975,19.955,19.975,11
2014.08.08,01:00,19.970,19.975,19.955,19.955,26
2014.08.08,02:00,19.960,19.965,19.955,19.965,12
2014.08.08,03:00,19.960,19.970,19.945,19.950,25
2014.08.08,04:00,19.955,19.960,19.915,19.930,149
2014.08.08,05:00,19.935,19.975,19.930,19.955,185
2014.08.08,06:00,19.960,19.995,19.955,19.985,108
2014.08.08,07:00,19.990,20.070,19.990,20.070,53
2014.08.08,08:00,20.065,20.090,20.010,20.055,155
2014.08.08,09:00,20.050,20.145,20.050,20.095,247
2014.08.08,10:00,20.100,20.140,20.060,20.105,211
2014.08.08,11:00,20.100,20.105,20.050,20.090,145
2014.08.08,12:00,20.085,20.130,20.080,20.105,103
2014.08.08,13:00,20.110,20.180,20.105,20.135,71
2014.08.08,14:00,20.140,20.140,20.020,20.065,180
2014.08.08,15:00,20.060,20.060,19.835,19.930,552
2014.08.08,16:00,19.925,20.040,19.925,19.975,374
2014.08.08,17:00,19.965,20.025,19.965,19.970,318
2014.08.08,18:00,19.975,19.980,19.930,19.950,202
2014.08.08,19:00,19.955,19.985,19.955,19.970,134
2014.08.08,20:00,19.965,19.970,19.920,19.930,198
2014.08.08,21:00,19.925,19.945,19.895,19.935,165
2014.08.08,22:00,19.940,19.985,19.930,19.980,201
2014.08.08,23:00,19.975,19.980,19.890,19.890,45
2014.08.11,01:00,19.915,19.930,19.890,19.900,51
2014.08.11,02:00,19.895,19.905,19.880,19.880,31
2014.08.11,03:00,19.875,19.880,19.835,19.855,67
2014.08.11,04:00,19.860,19.885,19.840,19.880,127
2014.08.11,05:00,19.875,19.890,19.855,19.875,65
2014.08.11,06:00,19.880,19.885,19.875,19.885,24
2014.08.11,07:00,19.880,19.895,19.875,19.880,25
2014.08.11,08:00,19.875,19.880,19.845,19.865,37
2014.08.11,09:00,19.860,19.875,19.845,19.875,97
2014.08.11,10:00,19.870,19.905,19.865,19.895,95
2014.08.11,11:00,19.890,19.925,19.890,19.920,105
2014.08.11,12:00,19.915,19.930,19.905,19.915,65
2014.08.11,13:00,19.920,19.920,19.860,19.865,106
2014.08.11,14:00,19.870,19.930,19.855,19.925,95
2014.08.11,15:00,19.930,20.020,19.915,19.990,331
2014.08.11,16:00,19.995,19.995,19.930,19.960,229
2014.08.11,17:00,19.965,19.990,19.950,19.970,138
2014.08.11,18:00,19.975,19.995,19.945,19.975,108
2014.08.11,19:00,19.965,19.990,19.945,19.990,124
2014.08.11,20:00,19.985,20.105,19.985,20.065,175
2014.08.11,21:00,20.060,20.085,20.045,20.080,155
2014.08.11,22:00,20.085,20.085,20.040,20.040,82
2014.08.11,23:00,20.030,20.035,20.005,20.015,37
2014.08.12,00:00,20.020,20.020,20.000,20.005,8
2014.08.12,01:00,20.000,20.010,20.000,20.005,12
2014.08.12,02:00,20.010,20.025,20.010,20.020,11
2014.08.12,03:00,20.015,20.030,20.015,20.015,19
2014.08.12,04:00,20.020,20.030,20.005,20.005,44
2014.08.12,05:00,20.010,20.010,19.985,19.990,25
2014.08.12,06:00,19.995,20.000,19.985,19.985,11
2014.08.12,07:00,19.990,20.000,19.985,19.985,24
2014.08.12,08:00,19.980,20.030,19.975,20.025,54
2014.08.12,09:00,20.020,20.035,20.010,20.020,75
2014.08.12,10:00,20.015,20.145,19.985,20.095,156
2014.08.12,11:00,20.100,20.110,20.055,20.065,118
2014.08.12,12:00,20.070,20.090,20.035,20.035,101
2014.08.12,13:00,20.040,20.085,20.015,20.080,117
2014.08.12,14:00,20.085,20.125,20.060,20.125,125
2014.08.12,15:00,20.130,20.145,20.075,20.095,247
2014.08.12,16:00,20.090,20.095,20.035,20.080,252
2014.08.12,17:00,20.085,20.095,20.015,20.025,358
2014.08.12,18:00,20.030,20.040,19.960,20.020,226
2014.08.12,19:00,20.015,20.035,19.970,19.970,105
2014.08.12,20:00,19.965,19.975,19.865,19.950,343
2014.08.12,21:00,19.940,19.975,19.910,19.975,149
2014.08.12,22:00,19.970,19.970,19.940,19.960,88
2014.08.12,23:00,19.955,19.955,19.915,19.915,10
2014.08.13,00:00,19.910,19.915,19.905,19.910,11
2014.08.13,01:00,19.915,19.935,19.910,19.930,22
2014.08.13,02:00,19.935,19.935,19.925,19.925,13
2014.08.13,03:00,19.930,19.940,19.920,19.940,42
2014.08.13,04:00,19.935,19.975,19.935,19.960,77
2014.08.13,05:00,19.955,19.970,19.945,19.960,50
2014.08.13,06:00,19.955,20.000,19.955,19.995,39
2014.08.13,07:00,19.990,20.005,19.980,19.990,25
2014.08.13,08:00,19.995,20.025,19.985,20.020,62
2014.08.13,09:00,20.015,20.060,20.010,20.020,126
2014.08.13,10:00,20.025,20.025,19.895,19.930,149
2014.08.13,11:00,19.935,19.985,19.895,19.970,107
2014.08.13,12:00,19.975,20.000,19.960,19.960,90
2014.08.13,13:00,19.965,19.985,19.915,19.920,136
2014.08.13,14:00,19.915,19.980,19.895,19.940,128
2014.08.13,15:00,19.945,20.065,19.845,20.015,507
2014.08.13,16:00,20.020,20.020,19.950,19.980,247
2014.08.13,17:00,19.985,20.000,19.870,19.885,341
2014.08.13,18:00,19.880,19.880,19.700,19.765,350
2014.08.13,19:00,19.760,19.805,19.740,19.785,150
2014.08.13,20:00,19.790,19.850,19.785,19.835,121
2014.08.13,21:00,19.830,19.860,19.815,19.860,38
2014.08.13,22:00,19.865,19.870,19.815,19.815,43
2014.08.13,23:00,19.820,19.840,19.800,19.815,61
2014.08.14,00:00,19.810,19.815,19.805,19.810,13
2014.08.14,01:00,19.815,19.840,19.805,19.840,34
2014.08.14,02:00,19.845,19.850,19.830,19.835,21
2014.08.14,03:00,19.830,19.855,19.830,19.835,28
2014.08.14,04:00,19.830,19.865,19.800,19.815,122
2014.08.14,05:00,19.820,19.850,19.815,19.835,62
2014.08.14,06:00,19.840,19.920,19.840,19.910,94
2014.08.14,07:00,19.915,19.920,19.895,19.920,43
2014.08.14,08:00,19.915,19.920,19.875,19.880,72
2014.08.14,09:00,19.875,19.890,19.830,19.855,141
2014.08.14,10:00,19.850,19.925,19.805,19.925,221
2014.08.14,11:00,19.930,19.965,19.905,19.920,134
2014.08.14,12:00,19.925,19.975,19.920,19.955,105
2014.08.14,13:00,19.950,19.950,19.830,19.870,198
2014.08.14,14:00,19.860,19.890,19.815,19.855,195
2014.08.14,15:00,19.850,19.965,19.825,19.865,430
2014.08.14,16:00,19.860,19.970,19.790,19.945,370
2014.08.14,17:00,19.950,19.950,19.875,19.890,261
2014.08.14,18:00,19.885,19.895,19.835,19.855,175
2014.08.14,19:00,19.860,19.880,19.840,19.880,91
2014.08.14,20:00,19.875,19.910,19.870,19.885,167
2014.08.14,21:00,19.880,19.885,19.865,19.880,25
2014.08.14,22:00,19.875,19.900,19.860,19.890,33
2014.08.14,23:00,19.905,19.910,19.875,19.875,26
2014.08.15,00:00,19.870,19.870,19.845,19.850,9
2014.08.15,01:00,19.855,19.860,19.845,19.855,13
2014.08.15,02:00,19.860,19.880,19.860,19.875,7
2014.08.15,03:00,19.870,19.870,19.850,19.860,31
2014.08.15,04:00,19.870,19.880,19.860,19.875,32
2014.08.15,05:00,19.870,19.870,19.845,19.850,49
2014.08.15,06:00,19.845,19.865,19.840,19.860,20
2014.08.15,07:00,19.855,19.855,19.850,19.855,7
2014.08.15,08:00,19.850,19.875,19.845,19.865,42
2014.08.15,09:00,19.870,19.890,19.865,19.875,72
2014.08.15,10:00,19.870,19.895,19.845,19.890,91
2014.08.15,11:00,19.895,19.915,19.885,19.890,65
2014.08.15,12:00,19.885,19.945,19.880,19.905,125
2014.08.15,13:00,19.900,19.915,19.885,19.915,95
2014.08.15,14:00,19.905,19.905,19.805,19.810,98
2014.08.15,15:00,19.805,19.805,19.510,19.545,854
2014.08.15,16:00,19.535,19.625,19.505,19.605,471
2014.08.15,17:00,19.600,19.725,19.515,19.650,599
2014.08.15,18:00,19.655,19.745,19.640,19.720,624
2014.08.15,19:00,19.715,19.750,19.550,19.555,312
2014.08.15,20:00,19.560,19.585,19.500,19.555,243
2014.08.15,21:00,19.560,19.565,19.510,19.560,166
2014.08.15,22:00,19.565,19.650,19.565,19.605,82
2014.08.15,23:00,19.600,19.600,19.545,19.545,59
2014.08.18,01:00,19.565,19.565,19.505,19.520,87
2014.08.18,02:00,19.525,19.545,19.510,19.510,47
2014.08.18,03:00,19.505,19.525,19.490,19.510,91
2014.08.18,04:00,19.515,19.545,19.460,19.530,204
2014.08.18,05:00,19.525,19.545,19.525,19.530,40
2014.08.18,06:00,19.535,19.550,19.515,19.535,53
2014.08.18,07:00,19.545,19.580,19.535,19.570,57
2014.08.18,08:00,19.565,19.580,19.555,19.575,73
2014.08.18,09:00,19.570,19.600,19.560,19.570,113
2014.08.18,10:00,19.565,19.580,19.530,19.555,97
2014.08.18,11:00,19.560,19.600,19.545,19.595,66
2014.08.18,12:00,19.600,19.630,19.580,19.610,102
2014.08.18,13:00,19.605,19.610,19.560,19.570,71
2014.08.18,14:00,19.575,19.580,19.535,19.535,72
2014.08.18,15:00,19.545,19.565,19.515,19.550,241
2014.08.18,16:00,19.545,19.595,19.535,19.585,212
2014.08.18,17:00,19.590,19.640,19.565,19.595,250
2014.08.18,18:00,19.590,19.670,19.585,19.630,130
2014.08.18,19:00,19.625,19.640,19.610,19.620,75
2014.08.18,20:00,19.625,19.635,19.600,19.620,92
2014.08.18,21:00,19.625,19.655,19.610,19.625,58
2014.08.18,22:00,19.620,19.655,19.615,19.655,48
2014.08.18,23:00,19.665,19.685,19.610,19.610,47
2014.08.19,00:00,19.605,19.605,19.565,19.585,29
2014.08.19,01:00,19.590,19.615,19.590,19.605,16
2014.08.19,02:00,19.610,19.610,19.595,19.605,18
2014.08.19,03:00,19.610,19.620,19.600,19.620,21
2014.08.19,04:00,19.615,19.655,19.610,19.650,62
2014.08.19,05:00,19.645,19.655,19.645,19.645,25
2014.08.19,06:00,19.650,19.665,19.635,19.655,60
2014.08.19,07:00,19.660,19.660,19.635,19.645,24
2014.08.19,08:00,19.650,19.665,19.645,19.650,39
2014.08.19,09:00,19.645,19.650,19.615,19.620,122
2014.08.19,10:00,19.625,19.670,19.605,19.650,99
2014.08.19,11:00,19.645,19.680,19.635,19.670,57
2014.08.19,12:00,19.665,19.665,19.635,19.635,67
2014.08.19,13:00,19.640,19.650,19.625,19.640,52
2014.08.19,14:00,19.645,19.695,19.635,19.665,103
2014.08.19,15:00,19.670,19.680,19.600,19.600,341
2014.08.19,16:00,19.595,19.600,19.420,19.425,432
2014.08.19,17:00,19.420,19.455,19.365,19.400,255
2014.08.19,18:00,19.395,19.435,19.355,19.395,200
2014.08.19,19:00,19.390,19.425,19.390,19.410,120
2014.08.19,20:00,19.415,19.430,19.390,19.420,117
2014.08.19,21:00,19.425,19.425,19.375,19.375,38
2014.08.19,22:00,19.380,19.460,19.380,19.460,59
2014.08.19,23:00,19.465,19.475,19.405,19.410,65
2014.08.20,00:00,19.405,19.410,19.400,19.400,16
2014.08.20,01:00,19.415,19.440,19.415,19.435,42
2014.08.20,02:00,19.430,19.435,19.420,19.420,29
2014.08.20,03:00,19.415,19.435,19.415,19.435,35
2014.08.20,04:00,19.430,19.450,19.420,19.450,63
2014.08.20,05:00,19.445,19.465,19.435,19.460,34
2014.08.20,06:00,19.455,19.460,19.420,19.420,42
2014.08.20,07:00,19.425,19.435,19.415,19.430,19
2014.08.20,08:00,19.435,19.470,19.430,19.460,88
2014.08.20,09:00,19.470,19.480,19.445,19.470,131
2014.08.20,10:00,19.465,19.465,19.395,19.415,121
2014.08.20,11:00,19.410,19.455,19.395,19.430,112
2014.08.20,12:00,19.435,19.480,19.420,19.465,83
2014.08.20,13:00,19.475,19.475,19.400,19.425,164
2014.08.20,14:00,19.465,19.475,19.420,19.460,176
2014.08.20,15:00,19.455,19.535,19.440,19.495,198
2014.08.20,16:00,19.490,19.575,19.490,19.540,233
2014.08.20,17:00,19.535,19.545,19.450,19.465,232
2014.08.20,18:00,19.475,19.490,19.455,19.485,102
2014.08.20,19:00,19.490,19.505,19.465,19.470,69
2014.08.20,20:00,19.475,19.520,19.465,19.505,157
2014.08.20,21:00,19.500,19.505,19.390,19.440,453
2014.08.20,22:00,19.435,19.480,19.425,19.475,114
2014.08.20,23:00,19.480,19.480,19.445,19.450,29
2014.08.21,00:00,19.445,19.450,19.445,19.445,7
2014.08.21,01:00,19.455,19.470,19.440,19.455,41
2014.08.21,02:00,19.450,19.455,19.440,19.445,24
2014.08.21,03:00,19.440,19.460,19.435,19.450,27
2014.08.21,04:00,19.445,19.455,19.425,19.440,75
2014.08.21,05:00,19.435,19.440,19.415,19.420,46
2014.08.21,06:00,19.415,19.415,19.365,19.385,141
2014.08.21,07:00,19.380,19.395,19.375,19.385,64
2014.08.21,08:00,19.390,19.390,19.345,19.375,110
2014.08.21,09:00,19.370,19.370,19.295,19.340,347
2014.08.21,10:00,19.330,19.345,19.285,19.330,227
2014.08.21,11:00,19.325,19.360,19.310,19.320,115
2014.08.21,12:00,19.315,19.335,19.290,19.310,92
2014.08.21,13:00,19.300,19.410,19.300,19.350,119
2014.08.21,14:00,19.355,19.370,19.325,19.340,118
2014.08.21,15:00,19.345,19.380,19.315,19.330,300
2014.08.21,16:00,19.325,19.415,19.320,19.380,234
2014.08.21,17:00,19.370,19.440,19.355,19.395,326
2014.08.21,18:00,19.390,19.390,19.340,19.345,147
2014.08.21,19:00,19.350,19.410,19.335,19.380,182
2014.08.21,20:00,19.375,19.425,19.355,19.420,154
2014.08.21,21:00,19.425,19.435,19.420,19.430,44
2014.08.21,22:00,19.435,19.460,19.430,19.435,72
2014.08.21,23:00,19.425,19.430,19.405,19.405,45
2014.08.22,00:00,19.410,19.410,19.405,19.405,2
2014.08.22,01:00,19.415,19.415,19.400,19.410,14
2014.08.22,02:00,19.415,19.430,19.415,19.430,9
2014.08.22,03:00,19.425,19.430,19.410,19.410,20
2014.08.22,04:00,19.405,19.435,19.390,19.435,69
2014.08.22,05:00,19.430,19.440,19.415,19.435,56
2014.08.22,06:00,19.440,19.455,19.430,19.455,34
2014.08.22,07:00,19.460,19.475,19.435,19.470,31
2014.08.22,08:00,19.475,19.535,19.465,19.535,105
2014.08.22,09:00,19.530,19.540,19.475,19.485,146
2014.08.22,10:00,19.490,19.500,19.480,19.485,55
2014.08.22,11:00,19.480,19.530,19.480,19.530,75
2014.08.22,12:00,19.535,19.540,19.505,19.505,71
2014.08.22,13:00,19.510,19.545,19.495,19.495,96
2014.08.22,14:00,19.490,19.515,19.460,19.460,84
2014.08.22,15:00,19.455,19.465,19.395,19.405,138
2014.08.22,16:00,19.400,19.450,19.370,19.385,250
2014.08.22,17:00,19.380,19.410,19.280,19.335,684
2014.08.22,18:00,19.330,19.460,19.330,19.420,326
2014.08.22,19:00,19.415,19.495,19.390,19.395,199
2014.08.22,20:00,19.400,19.410,19.365,19.405,88
2014.08.22,21:00,19.410,19.415,19.380,19.395,111
2014.08.22,22:00,19.400,19.440,19.400,19.440,52
2014.08.22,23:00,19.445,19.455,19.375,19.380,44
