2013.11.11,16:00,676.25,680.75,676.25,680.25,130
2013.11.11,17:00,680.00,682.00,679.00,681.75,213
2013.11.11,18:00,682.00,684.75,678.00,679.25,269
2013.11.11,19:00,679.25,682.00,675.25,675.25,345
2013.11.11,20:00,675.50,677.50,674.25,676.00,256
2013.11.11,21:00,676.00,676.50,673.25,673.75,100
2013.11.12,16:00,673.50,677.00,671.50,672.25,153
2013.11.12,17:00,672.50,673.75,672.00,672.25,113
2013.11.12,18:00,672.50,672.50,670.25,671.50,96
2013.11.12,19:00,671.50,672.25,670.75,671.00,78
2013.11.12,20:00,670.75,672.25,670.75,671.25,105
2013.11.12,21:00,671.25,671.25,669.25,669.50,52
2013.11.13,16:00,671.50,672.00,670.00,670.25,122
2013.11.13,17:00,670.25,670.25,667.75,668.50,166
2013.11.13,18:00,668.50,671.00,667.50,670.75,153
2013.11.13,19:00,670.75,671.00,668.75,670.00,148
2013.11.13,20:00,670.00,672.25,668.50,670.25,150
2013.11.13,21:00,670.50,671.00,668.75,669.00,49
2013.11.14,16:00,670.75,673.25,670.75,673.00,72
2013.11.14,17:00,672.50,674.25,671.00,673.25,139
2013.11.14,18:00,673.50,675.25,670.25,670.75,185
2013.11.14,19:00,670.50,671.75,667.25,667.50,118
2013.11.14,20:00,667.75,669.50,667.25,668.50,135
2013.11.14,21:00,668.50,669.25,666.75,667.25,75
2013.11.15,16:00,666.00,668.75,666.00,668.00,125
2013.11.15,17:00,667.75,668.00,664.25,664.75,171
2013.11.15,18:00,665.00,665.75,664.00,665.75,196
2013.11.15,19:00,666.00,666.50,665.00,665.25,209
2013.11.15,20:00,665.50,667.25,665.00,666.00,127
2013.11.15,21:00,665.75,666.50,662.75,662.75,85
2013.11.18,16:00,663.50,666.75,662.75,665.50,144
2013.11.18,17:00,665.25,665.75,664.00,665.00,206
2013.11.18,18:00,664.75,665.25,660.25,661.00,158
2013.11.18,19:00,661.25,663.75,660.50,661.25,135
2013.11.18,20:00,661.00,661.75,660.25,661.00,182
2013.11.18,21:00,661.25,661.25,660.25,660.50,86
2013.11.19,16:00,663.50,664.75,663.25,664.00,209
2013.11.19,17:00,664.00,664.75,660.75,661.00,440
2013.11.19,18:00,660.75,662.00,660.25,661.50,145
2013.11.19,19:00,661.75,663.25,661.00,663.00,260
2013.11.19,20:00,663.00,667.25,662.25,665.25,252
2013.11.19,21:00,665.75,667.75,665.00,666.50,91
2013.11.20,16:00,666.25,669.00,665.50,667.25,112
2013.11.20,17:00,667.50,667.50,661.00,662.75,268
2013.11.20,18:00,662.50,664.50,661.75,664.50,197
2013.11.20,19:00,664.50,665.50,663.00,663.50,173
2013.11.20,20:00,663.25,663.75,661.75,662.25,145
2013.11.20,21:00,662.50,663.50,660.75,661.00,60
2013.11.21,16:00,665.25,667.75,663.00,663.50,176
2013.11.21,17:00,663.50,664.25,663.00,663.25,141
2013.11.21,18:00,663.25,664.75,662.50,664.75,186
2013.11.21,19:00,664.75,665.50,663.25,663.25,130
2013.11.21,20:00,663.25,663.75,662.25,663.50,108
2013.11.21,21:00,663.75,664.00,663.00,663.00,53
2013.11.22,16:00,664.75,666.50,664.75,665.50,345
2013.11.22,17:00,665.75,666.00,664.25,665.00,149
2013.11.22,18:00,665.25,666.25,664.50,666.25,208
2013.11.22,19:00,666.25,667.75,666.00,666.25,104
2013.11.22,20:00,666.50,668.25,666.25,667.25,152
2013.11.22,21:00,667.50,668.50,665.25,665.75,83
2013.11.25,16:00,668.75,672.00,668.50,670.50,74
2013.11.25,17:00,670.75,670.75,669.75,669.75,103
2013.11.25,18:00,669.75,670.00,667.50,668.00,101
2013.11.25,19:00,668.25,669.50,667.00,669.25,122
2013.11.25,20:00,669.25,671.25,668.25,668.25,121
2013.11.25,21:00,668.50,669.50,668.00,669.00,93
2013.11.26,16:00,664.50,665.75,664.00,664.75,75
2013.11.26,17:00,665.00,665.00,662.50,662.75,160
2013.11.26,18:00,663.00,663.50,662.00,662.75,136
2013.11.26,19:00,662.75,664.75,662.75,663.75,144
2013.11.26,20:00,663.75,666.00,663.75,665.75,127
2013.11.26,21:00,666.00,666.25,663.75,663.75,79
2013.11.27,16:00,668.50,668.75,667.00,667.50,82
2013.11.27,17:00,667.25,673.50,666.00,672.00,221
2013.11.27,18:00,672.00,673.50,671.50,672.75,223
2013.11.27,19:00,672.50,672.75,669.00,670.00,183
2013.11.27,20:00,670.25,672.50,668.50,672.50,158
2013.11.27,21:00,672.00,673.50,669.75,672.50,90
2013.11.29,16:00,674.75,678.00,672.75,674.75,180
2013.11.29,17:00,674.50,675.75,673.25,673.75,168
2013.11.29,18:00,673.75,674.00,672.75,673.75,92
2013.11.29,19:00,673.75,678.75,673.75,677.75,198
2013.12.02,16:00,679.50,680.50,678.50,679.25,98
2013.12.02,17:00,679.25,679.50,671.25,671.50,161
2013.12.02,18:00,671.75,673.50,671.00,672.25,192
2013.12.02,19:00,672.00,673.50,671.00,673.25,150
2013.12.02,20:00,673.00,674.00,672.00,672.50,189
2013.12.02,21:00,672.75,672.75,670.00,671.00,82
2013.12.03,16:00,669.75,672.75,669.50,671.00,123
2013.12.03,17:00,671.00,676.50,670.25,675.50,209
2013.12.03,18:00,675.50,676.25,673.75,673.75,129
2013.12.03,19:00,673.50,674.50,673.00,673.50,69
2013.12.03,20:00,673.50,675.75,673.50,674.50,145
2013.12.03,21:00,674.50,675.50,674.25,675.25,82
2013.12.04,16:00,673.75,674.25,670.25,673.75,154
2013.12.04,17:00,674.00,678.75,673.50,673.75,285
2013.12.04,18:00,673.50,674.75,673.00,673.25,139
2013.12.04,19:00,673.50,674.25,672.00,672.50,137
2013.12.04,20:00,672.25,673.75,671.25,672.75,223
2013.12.04,21:00,672.50,672.75,670.00,670.25,72
2013.12.05,16:00,664.25,665.50,661.75,662.50,138
2013.12.05,17:00,662.25,663.00,659.00,661.75,138
2013.12.05,18:00,661.50,663.50,661.25,663.25,75
2013.12.05,19:00,663.50,667.00,662.75,662.75,80
2013.12.05,20:00,662.50,664.25,662.25,663.25,207
2013.12.05,21:00,663.25,665.00,661.00,661.25,92
2013.12.06,16:00,662.25,662.75,660.75,660.75,94
2013.12.06,17:00,661.00,661.50,659.75,661.50,165
2013.12.06,18:00,661.50,661.50,660.75,660.75,81
2013.12.06,19:00,661.00,663.00,660.75,661.25,145
2013.12.06,20:00,661.50,663.50,659.75,662.25,118
2013.12.06,21:00,662.25,663.50,661.75,661.75,69
2013.12.09,16:00,662.00,665.50,662.00,664.75,114
2013.12.09,17:00,664.50,664.75,659.75,661.25,148
2013.12.09,18:00,661.25,662.25,661.25,662.25,107
2013.12.09,19:00,662.25,663.25,661.25,662.00,147
2013.12.09,20:00,661.75,662.50,661.25,661.25,84
2013.12.09,21:00,661.00,661.75,661.00,661.00,59
2013.12.10,16:00,659.00,659.50,654.25,656.50,186
2013.12.10,17:00,656.50,657.50,654.25,654.50,146
2013.12.10,18:00,654.25,657.00,654.25,656.00,169
2013.12.10,19:00,656.25,657.50,649.50,654.75,457
2013.12.10,20:00,654.75,655.25,652.00,652.00,236
2013.12.10,21:00,652.25,653.25,650.75,651.50,134
2013.12.11,16:00,650.50,652.50,650.00,651.25,100
2013.12.11,17:00,651.50,651.50,649.50,650.75,203
2013.12.11,18:00,651.00,652.75,650.00,651.00,137
2013.12.11,19:00,651.00,654.50,650.75,654.50,168
2013.12.11,20:00,654.25,656.25,654.00,655.25,138
2013.12.11,21:00,655.50,656.50,655.25,656.25,70
2013.12.12,16:00,656.25,656.75,650.75,651.50,133
2013.12.12,17:00,651.25,651.50,647.25,649.00,199
2013.12.12,18:00,649.25,650.00,647.75,648.50,129
2013.12.12,19:00,648.75,653.25,648.00,652.75,137
2013.12.12,20:00,652.50,653.00,650.25,651.00,113
2013.12.12,21:00,651.25,652.50,650.75,651.00,61
2013.12.13,16:00,647.25,648.25,646.25,647.75,79
2013.12.13,17:00,648.00,648.25,645.00,646.25,168
2013.12.13,18:00,646.00,647.25,645.25,645.50,134
2013.12.13,19:00,645.25,647.00,645.00,645.25,109
2013.12.13,20:00,645.00,645.75,644.50,645.75,158
2013.12.13,21:00,645.50,647.00,645.00,645.75,89
2013.12.16,16:00,641.75,642.50,641.00,641.50,66
2013.12.16,17:00,641.25,642.00,637.75,639.75,129
2013.12.16,18:00,639.50,641.50,638.25,640.00,171
2013.12.16,19:00,640.00,641.50,639.00,639.75,132
2013.12.16,20:00,640.00,640.00,639.00,639.50,77
2013.12.16,21:00,639.75,639.75,637.75,637.75,65
2013.12.17,16:00,637.50,638.50,636.75,637.50,71
2013.12.17,17:00,637.50,641.50,636.75,639.25,233
2013.12.17,18:00,639.50,642.25,638.25,638.75,275
2013.12.17,19:00,639.00,639.75,638.00,638.50,116
2013.12.17,20:00,638.75,639.75,638.25,639.25,98
2013.12.17,21:00,639.00,639.50,636.00,636.00,77
2013.12.18,16:00,633.50,635.50,632.00,633.75,116
2013.12.18,17:00,633.75,635.75,631.00,634.50,245
2013.12.18,18:00,634.25,635.00,631.75,631.75,174
2013.12.18,19:00,631.75,633.25,630.50,633.25,170
2013.12.18,20:00,633.50,634.50,632.50,633.00,143
2013.12.18,21:00,632.75,633.75,630.50,630.50,64
2013.12.19,16:00,631.00,634.00,631.00,631.75,159
2013.12.19,17:00,631.50,639.50,631.00,636.25,411
2013.12.19,18:00,636.50,638.25,634.75,635.75,224
2013.12.19,19:00,635.75,636.00,632.25,633.00,193
2013.12.19,20:00,633.25,634.00,629.25,632.50,310
2013.12.19,21:00,632.75,633.50,629.00,629.00,117
2013.12.20,16:00,632.25,635.00,631.50,633.50,264
2013.12.20,17:00,633.75,637.00,633.25,634.75,350
2013.12.20,18:00,635.00,635.25,632.25,632.75,226
2013.12.20,19:00,633.00,636.00,632.50,633.50,238
2013.12.20,20:00,633.50,636.75,633.50,634.75,181
2013.12.20,21:00,634.50,635.25,632.75,634.00,145
2013.12.23,16:00,631.50,632.25,630.00,631.25,117
2013.12.23,17:00,631.25,631.75,628.25,629.25,118
2013.12.23,18:00,628.75,631.50,628.75,630.25,171
2013.12.23,19:00,630.00,631.75,629.50,631.00,106
2013.12.23,20:00,631.00,631.00,629.75,630.00,102
2013.12.23,21:00,630.25,630.25,629.00,629.25,106
2013.12.24,16:00,626.25,627.25,626.25,627.00,79
2013.12.24,17:00,627.25,628.25,626.25,627.75,97
2013.12.24,18:00,628.00,628.25,627.50,627.75,115
2013.12.26,16:00,626.00,626.75,624.00,625.00,135
2013.12.26,17:00,624.75,625.50,623.25,623.25,52
2013.12.26,18:00,623.00,623.75,622.75,623.25,90
2013.12.26,19:00,623.25,626.50,623.25,626.50,181
2013.12.26,20:00,626.50,627.75,626.00,627.25,179
2013.12.26,21:00,627.50,628.75,627.25,627.25,72
2013.12.27,16:00,628.50,628.50,627.25,627.50,70
2013.12.27,17:00,627.25,628.00,625.50,626.75,141
2013.12.27,18:00,626.50,627.00,625.50,625.75,95
2013.12.27,19:00,625.50,628.50,625.50,627.75,122
2013.12.27,20:00,628.00,631.50,627.75,630.75,191
2013.12.27,21:00,631.00,631.50,629.50,629.75,106
2013.12.30,16:00,628.00,629.75,626.75,628.75,128
2013.12.30,17:00,628.50,628.75,626.50,626.75,136
2013.12.30,18:00,627.00,627.50,625.75,626.75,99
2013.12.30,19:00,627.00,627.00,626.00,626.00,36
2013.12.30,20:00,626.25,626.75,622.75,623.75,113
2013.12.30,21:00,623.50,623.75,621.50,621.50,83
2013.12.31,16:00,621.75,623.75,621.25,622.75,93
2013.12.31,17:00,623.00,623.75,622.00,622.50,112
2013.12.31,18:00,622.50,624.75,622.00,623.50,166
2014.01.02,16:00,625.25,625.25,622.00,624.25,144
2014.01.02,17:00,624.25,625.00,620.00,620.75,211
2014.01.02,18:00,620.50,620.75,617.25,618.00,194
2014.01.02,19:00,617.75,618.00,616.00,618.00,182
2014.01.02,20:00,618.25,619.75,616.00,617.25,145
2014.01.02,21:00,617.25,620.25,617.00,617.25,121
2014.01.03,16:00,617.00,619.75,617.00,617.50,167
2014.01.03,17:00,617.75,618.00,616.50,616.75,193
2014.01.03,18:00,617.00,620.00,616.50,619.75,223
2014.01.03,19:00,620.00,626.75,618.50,623.25,317
2014.01.03,20:00,623.25,625.00,621.25,623.25,237
2014.01.03,21:00,624.75,624.75,621.50,624.50,96
2014.01.06,16:00,628.25,629.00,626.00,628.00,120
2014.01.06,17:00,628.00,629.50,626.50,628.50,222
2014.01.06,18:00,628.50,629.00,624.75,626.00,235
2014.01.06,19:00,625.75,626.00,623.00,623.50,189
2014.01.06,20:00,623.75,624.25,623.00,623.25,126
2014.01.06,21:00,623.25,624.00,622.75,623.75,69
2014.01.07,16:00,624.50,626.50,621.50,626.50,160
2014.01.07,17:00,626.25,627.25,624.75,626.00,164
2014.01.07,18:00,625.75,627.50,625.00,626.25,144
2014.01.07,19:00,626.50,626.75,621.25,622.25,182
2014.01.07,20:00,622.50,622.75,620.25,621.00,134
2014.01.07,21:00,620.75,621.75,619.75,620.00,54
2014.01.08,16:00,622.25,624.50,622.25,623.00,104
2014.01.08,17:00,623.25,623.50,614.00,614.50,234
2014.01.08,18:00,614.25,615.25,612.25,612.75,132
2014.01.08,19:00,612.50,613.00,610.50,611.50,94
2014.01.08,20:00,611.75,612.00,609.25,610.00,86
2014.01.08,21:00,610.25,610.25,605.50,606.00,64
2014.01.09,16:00,607.25,608.25,601.75,601.75,170
2014.01.09,17:00,601.50,603.75,601.00,601.25,145
2014.01.09,18:00,601.00,601.50,597.75,598.25,147
2014.01.09,19:00,598.50,603.00,598.25,601.00,186
2014.01.09,20:00,600.75,605.25,600.75,603.50,138
2014.01.09,21:00,603.25,604.25,601.75,603.25,76
2014.01.10,16:00,599.75,604.25,599.75,603.75,123
2014.01.10,17:00,603.25,606.00,602.25,605.75,165
2014.01.10,18:00,606.00,606.75,602.75,603.50,178
2014.01.10,19:00,605.25,610.00,580.50,591.25,874
2014.01.10,20:00,591.50,592.75,588.25,589.50,259
2014.01.10,21:00,589.75,591.50,588.50,589.25,120
2014.01.13,16:00,591.25,594.50,591.25,592.75,117
2014.01.13,17:00,593.00,596.25,592.25,595.75,206
2014.01.13,18:00,595.50,596.50,594.00,595.50,131
2014.01.13,19:00,595.25,595.75,593.75,595.00,107
2014.01.13,20:00,595.25,596.00,594.75,595.00,115
2014.01.13,21:00,595.25,597.00,594.75,595.25,53
2014.01.14,16:00,593.75,597.00,593.25,596.00,103
2014.01.14,17:00,595.75,596.75,593.25,594.50,133
2014.01.14,18:00,594.25,596.25,594.00,595.50,164
2014.01.14,19:00,595.75,601.25,595.75,600.75,107
2014.01.14,20:00,600.50,600.75,597.75,599.50,112
2014.01.14,21:00,599.75,602.25,599.75,602.00,58
2014.01.15,16:00,599.75,599.75,596.25,599.00,71
2014.01.15,17:00,598.75,599.00,596.00,596.75,121
2014.01.15,18:00,596.50,597.75,595.75,596.50,120
2014.01.15,19:00,596.25,596.50,593.75,593.75,81
2014.01.15,20:00,593.50,594.50,591.25,592.25,106
2014.01.15,21:00,592.00,592.00,589.25,589.75,60
2014.01.16,16:00,591.25,592.25,588.00,588.00,107
2014.01.16,17:00,588.25,589.75,586.50,588.25,149
2014.01.16,18:00,588.75,589.75,587.50,589.25,93
2014.01.16,19:00,589.50,592.75,587.50,592.50,108
2014.01.16,20:00,592.75,595.00,592.25,594.25,89
2014.01.16,21:00,594.50,595.50,593.25,593.75,54
2014.01.17,16:00,591.25,592.00,588.75,588.75,127
2014.01.17,17:00,589.00,589.75,586.75,587.75,98
2014.01.17,18:00,587.50,588.00,585.75,587.50,85
2014.01.17,19:00,587.25,588.75,586.00,587.50,78
2014.01.17,20:00,587.25,588.75,586.50,587.25,65
2014.01.17,21:00,587.00,587.00,584.50,584.50,35
2014.01.21,16:00,585.25,586.75,584.50,585.50,103
2014.01.21,17:00,585.25,589.25,583.00,588.75,133
2014.01.21,18:00,589.00,589.00,585.50,587.25,88
2014.01.21,19:00,587.50,587.75,585.00,585.75,63
2014.01.21,20:00,585.50,587.50,584.75,585.25,108
2014.01.21,21:00,585.00,585.50,583.50,583.50,58
2014.01.22,16:00,583.25,584.75,583.25,583.75,72
2014.01.22,17:00,583.50,584.75,582.00,582.50,91
2014.01.22,18:00,582.25,584.00,582.00,583.50,100
2014.01.22,19:00,583.25,586.00,583.25,584.75,82
2014.01.22,20:00,585.00,585.75,583.25,583.25,75
2014.01.22,21:00,583.00,583.00,581.75,581.75,34
2014.01.23,16:00,593.00,597.75,592.25,592.50,148
2014.01.23,17:00,592.75,594.75,591.75,593.75,153
2014.01.23,18:00,593.50,593.50,589.25,590.00,71
2014.01.23,19:00,589.75,590.25,588.25,588.75,71
2014.01.23,20:00,589.00,591.75,588.75,589.50,100
2014.01.23,21:00,589.75,590.75,589.50,589.75,35
2014.01.24,16:00,588.25,589.75,586.25,586.75,99
2014.01.24,17:00,586.50,587.50,583.50,584.75,79
2014.01.24,18:00,584.50,586.00,584.00,584.25,70
2014.01.24,19:00,584.50,585.25,584.00,585.00,79
2014.01.24,20:00,584.75,586.00,584.75,585.25,98
2014.01.24,21:00,585.00,586.25,583.50,586.00,60
2014.01.27,16:00,587.75,591.00,587.50,589.75,98
2014.01.27,17:00,589.50,589.50,583.00,585.00,136
2014.01.27,18:00,585.25,586.50,584.25,584.75,96
2014.01.27,19:00,584.50,587.00,583.75,586.50,94
2014.01.27,20:00,586.25,587.00,585.25,585.50,120
2014.01.27,21:00,585.25,585.50,582.75,583.75,43
2014.01.28,16:00,587.25,588.00,586.75,587.25,78
2014.01.28,17:00,587.00,588.25,586.00,587.75,109
2014.01.28,18:00,587.50,587.75,585.25,586.00,51
2014.01.28,19:00,585.75,587.25,585.00,585.00,23
2014.01.28,20:00,585.25,585.25,584.50,585.25,47
2014.01.28,21:00,584.75,585.75,583.75,584.25,38
2014.01.29,16:00,582.00,582.25,578.50,578.50,105
2014.01.29,17:00,578.25,578.50,569.50,572.00,214
2014.01.29,18:00,572.25,572.25,569.25,570.75,133
2014.01.29,19:00,571.00,572.75,570.00,571.00,95
2014.01.29,20:00,570.75,571.25,569.25,569.50,104
2014.01.29,21:00,569.25,569.75,566.50,566.50,43
2014.01.30,16:00,570.75,571.25,565.00,565.00,94
2014.01.30,17:00,565.25,569.75,565.25,569.00,118
2014.01.30,18:00,568.75,570.25,568.25,568.50,110
2014.01.30,19:00,568.75,569.00,566.00,567.00,56
2014.01.30,20:00,567.25,568.00,566.75,567.50,52
2014.01.30,21:00,567.75,568.00,566.00,567.75,39
2014.01.31,16:00,568.00,568.25,566.50,567.25,78
2014.01.31,17:00,567.00,572.00,566.50,569.75,133
2014.01.31,18:00,569.50,571.25,569.50,570.75,68
2014.01.31,19:00,570.50,572.00,569.25,571.75,64
2014.01.31,20:00,572.00,572.00,568.75,569.25,85
2014.01.31,21:00,569.00,571.00,567.50,568.50,74
2014.02.03,16:00,571.00,572.75,569.50,571.75,91
2014.02.03,17:00,572.00,576.25,570.75,574.75,163
2014.02.03,18:00,575.00,575.00,571.25,572.50,133
2014.02.03,19:00,572.25,575.25,571.50,574.25,69
2014.02.03,20:00,574.50,575.50,573.50,575.25,74
2014.02.03,21:00,575.50,577.00,574.25,576.50,57
2014.02.04,16:00,577.50,582.50,576.75,581.75,149
2014.02.04,17:00,581.50,590.00,581.50,589.50,167
2014.02.04,18:00,589.25,592.00,588.50,591.50,124
2014.02.04,19:00,591.25,594.50,590.00,592.00,143
2014.02.04,20:00,591.75,594.50,591.00,594.00,132
2014.02.04,21:00,594.25,599.00,594.25,598.75,65
2014.02.05,16:00,595.25,595.50,594.25,595.25,53
2014.02.05,17:00,595.00,601.25,594.50,600.75,127
2014.02.05,18:00,601.00,602.50,595.75,598.75,223
2014.02.05,19:00,598.50,601.50,597.00,600.25,131
2014.02.05,20:00,600.50,601.25,597.00,598.50,165
2014.02.05,21:00,598.75,601.25,597.25,600.75,85
2014.02.06,16:00,602.00,606.25,599.75,600.00,145
2014.02.06,17:00,600.25,601.50,596.50,597.75,260
2014.02.06,18:00,598.00,599.25,594.75,598.00,174
2014.02.06,19:00,598.25,599.25,597.50,597.75,67
2014.02.06,20:00,597.50,599.25,596.25,597.50,175
2014.02.06,21:00,596.75,598.75,592.50,592.75,91
2014.02.07,16:00,596.00,598.75,592.25,593.75,123
2014.02.07,17:00,594.00,597.50,593.75,597.00,118
2014.02.07,18:00,597.25,597.50,594.50,594.75,93
2014.02.07,19:00,594.50,594.50,587.75,588.75,164
2014.02.07,20:00,588.50,589.50,580.25,588.25,251
2014.02.07,21:00,588.50,592.25,588.50,591.50,68
2014.02.10,16:00,588.00,594.00,587.50,592.50,198
2014.02.10,17:00,592.25,596.50,591.00,595.25,188
2014.02.10,18:00,595.50,596.50,589.75,590.75,142
2014.02.10,19:00,591.00,603.25,591.00,599.50,510
2014.02.10,20:00,599.75,600.75,595.75,595.75,196
2014.02.10,21:00,595.25,598.50,595.25,598.50,91
2014.02.11,16:00,598.00,599.25,595.50,598.00,125
2014.02.11,17:00,597.75,599.25,594.50,598.25,269
2014.02.11,18:00,598.50,599.25,595.75,598.00,243
2014.02.11,19:00,598.25,600.50,598.00,600.50,106
2014.02.11,20:00,600.25,600.50,597.75,598.75,138
2014.02.11,21:00,598.50,602.25,598.00,600.50,83
2014.02.12,16:00,598.25,598.75,596.00,597.25,117
2014.02.12,17:00,597.00,607.25,595.75,604.25,253
2014.02.12,18:00,604.50,604.50,597.75,598.50,162
2014.02.12,19:00,598.25,600.50,596.00,599.75,178
2014.02.12,20:00,600.00,600.00,597.25,599.00,109
2014.02.12,21:00,598.75,599.50,597.75,597.75,109
2014.02.13,16:00,601.50,605.00,601.00,602.75,146
2014.02.13,17:00,602.50,606.25,601.00,602.50,173
2014.02.13,18:00,602.25,604.50,602.00,603.50,127
2014.02.13,19:00,603.25,604.00,602.50,603.00,60
2014.02.13,20:00,603.25,605.50,602.25,605.25,112
2014.02.13,21:00,605.00,606.75,604.00,604.50,100
2014.02.14,16:00,609.00,609.75,606.75,608.00,197
2014.02.14,17:00,608.25,610.25,607.00,609.50,243
2014.02.14,18:00,609.25,610.25,607.50,610.00,149
2014.02.14,19:00,609.75,611.25,608.50,611.00,131
2014.02.14,20:00,610.75,611.00,609.25,609.50,98
2014.02.14,21:00,609.25,610.00,607.50,607.50,51
2014.02.18,16:00,612.00,612.00,608.00,611.25,108
2014.02.18,17:00,611.50,615.75,609.75,614.25,200
2014.02.18,18:00,614.50,615.50,613.25,613.75,85
2014.02.18,19:00,614.00,615.00,613.25,614.75,62
2014.02.18,20:00,615.00,618.50,614.75,618.00,113
2014.02.18,21:00,618.25,619.25,617.50,619.00,86
2014.02.19,16:00,618.75,622.25,618.50,620.50,94
2014.02.19,17:00,620.75,621.00,616.25,620.75,190
2014.02.19,18:00,621.00,621.50,618.75,621.25,142
2014.02.19,19:00,621.50,623.50,619.75,622.50,155
2014.02.19,20:00,622.75,624.75,621.75,624.50,113
2014.02.19,21:00,624.75,625.25,623.50,625.00,57
2014.02.20,16:00,622.00,623.50,619.75,620.00,124
2014.02.20,17:00,619.75,622.00,619.50,621.25,179
2014.02.20,18:00,621.00,622.50,620.50,622.25,123
2014.02.20,19:00,622.50,625.50,621.75,625.00,168
2014.02.20,20:00,624.75,625.75,624.00,625.00,156
2014.02.20,21:00,624.75,625.75,623.00,625.75,42
2014.02.21,16:00,623.50,625.00,622.50,624.00,97
2014.02.21,17:00,623.75,624.25,618.75,621.00,180
2014.02.21,18:00,621.25,621.50,619.50,619.50,96
2014.02.21,19:00,619.75,620.75,618.25,620.25,124
2014.02.21,20:00,620.50,621.50,618.25,618.50,107
2014.02.21,21:00,618.75,619.50,616.50,617.25,81
2014.02.24,16:00,615.75,618.25,615.00,615.50,143
2014.02.24,17:00,615.25,620.75,615.00,620.75,85
2014.02.24,18:00,620.50,624.00,618.25,624.00,132
2014.02.24,19:00,624.25,625.00,622.75,625.00,114
2014.02.24,20:00,624.75,627.25,624.75,627.25,123
2014.02.24,21:00,627.50,629.00,624.75,629.00,89
2014.02.25,16:00,628.50,629.00,622.75,623.50,133
2014.02.25,17:00,623.25,624.75,618.00,622.25,242
2014.02.25,18:00,622.50,627.25,621.00,624.75,191
2014.02.25,19:00,624.50,630.75,624.25,625.75,133
2014.02.25,20:00,626.00,630.75,626.00,629.75,153
2014.02.25,21:00,630.00,632.50,628.75,630.75,76
2014.02.26,16:00,629.00,629.00,626.25,627.50,108
2014.02.26,17:00,627.25,628.50,626.00,627.50,211
2014.02.26,18:00,627.25,627.75,624.00,624.75,166
2014.02.26,19:00,625.00,625.75,624.00,625.25,106
2014.02.26,20:00,625.50,625.75,623.50,624.75,87
2014.02.26,21:00,625.00,625.00,618.50,618.75,52
2014.02.27,16:00,613.50,617.25,612.00,613.25,217
2014.02.27,17:00,613.50,618.75,613.25,616.75,217
2014.02.27,18:00,617.00,620.00,616.75,617.25,192
2014.02.27,19:00,617.00,618.25,613.00,616.50,164
2014.02.27,20:00,616.25,617.50,605.00,605.50,218
2014.02.27,21:00,605.75,605.75,602.75,604.25,113
2014.02.28,16:00,608.75,611.50,608.50,609.25,90
2014.02.28,17:00,609.50,613.00,607.75,611.75,159
2014.02.28,18:00,611.50,613.75,610.50,612.75,159
2014.02.28,19:00,613.00,614.75,611.75,614.75,161
2014.02.28,20:00,615.25,618.00,613.75,617.25,128
2014.02.28,21:00,617.00,618.00,613.00,613.50,149
2014.03.03,16:00,640.50,647.75,636.75,646.25,228
2014.03.03,17:00,646.00,650.00,637.00,650.00,412
2014.03.03,18:00,650.25,654.75,647.25,650.00,421
2014.03.03,19:00,649.75,650.00,634.75,635.25,334
2014.03.03,20:00,635.00,638.00,626.25,636.50,358
2014.03.03,21:00,636.25,646.00,635.25,645.25,117
2014.03.04,16:00,641.25,641.25,633.25,636.75,241
2014.03.04,17:00,636.50,646.75,636.25,645.50,457
2014.03.04,18:00,645.25,646.75,642.25,646.50,261
2014.03.04,19:00,646.25,649.25,646.00,648.50,187
2014.03.04,20:00,648.25,651.75,647.50,651.75,208
2014.03.04,21:00,652.00,656.00,652.00,653.50,128
2014.03.05,16:00,647.75,650.50,647.50,650.25,186
2014.03.05,17:00,650.00,653.75,648.00,652.75,326
2014.03.05,18:00,653.00,654.00,651.25,653.75,166
2014.03.05,19:00,654.00,655.25,650.75,652.75,201
2014.03.05,20:00,653.00,653.50,651.25,652.00,169
2014.03.05,21:00,651.75,654.00,650.00,651.25,90
2014.03.06,16:00,650.75,652.75,649.50,651.50,204
2014.03.06,17:00,651.75,655.25,651.50,652.75,282
2014.03.06,18:00,652.50,653.25,650.50,653.00,150
2014.03.06,19:00,653.25,655.00,653.25,654.25,118
2014.03.06,20:00,654.00,658.75,654.00,658.50,158
2014.03.06,21:00,658.75,659.50,655.00,657.25,77
2014.03.07,16:00,668.00,668.75,662.75,665.25,206
2014.03.07,17:00,665.00,666.50,659.75,665.75,487
2014.03.07,18:00,665.50,667.25,661.00,661.25,330
2014.03.07,19:00,661.00,664.50,659.50,664.00,268
2014.03.07,20:00,664.25,670.25,663.75,666.25,330
2014.03.07,21:00,665.75,670.25,662.75,665.25,107
2014.03.10,15:00,664.75,666.25,661.75,662.25,224
2014.03.10,16:00,662.00,665.00,661.75,663.00,275
2014.03.10,17:00,663.25,668.25,662.75,665.25,318
2014.03.10,18:00,665.50,667.50,656.25,659.25,639
2014.03.10,19:00,659.00,660.75,656.75,659.25,309
2014.03.10,20:00,659.00,659.25,652.00,652.25,114
2014.03.11,15:00,657.75,659.75,656.25,657.50,234
2014.03.11,16:00,658.00,666.25,657.00,666.25,326
2014.03.11,17:00,666.50,667.00,661.00,663.00,327
2014.03.11,18:00,663.25,671.50,663.25,670.75,228
2014.03.11,19:00,670.50,680.25,669.50,672.75,465
2014.03.11,20:00,673.00,677.50,670.75,671.00,137
2014.03.12,15:00,671.50,676.75,669.25,676.50,283
2014.03.12,16:00,677.00,689.00,676.50,687.25,502
2014.03.12,17:00,687.50,691.25,687.50,690.25,351
2014.03.12,18:00,690.50,694.25,688.25,690.75,251
2014.03.12,19:00,690.50,692.50,689.00,690.00,160
2014.03.12,20:00,689.75,696.50,689.75,696.25,89
2014.03.13,15:00,699.00,706.50,698.00,702.75,210
2014.03.13,16:00,702.50,705.50,686.75,689.75,620
2014.03.13,17:00,689.25,689.75,683.00,684.50,261
2014.03.13,18:00,684.25,694.75,682.75,693.25,356
2014.03.13,19:00,693.50,694.00,688.00,688.25,199
2014.03.13,20:00,688.75,689.25,684.00,684.00,102
2014.03.14,15:00,691.00,696.75,689.75,693.50,383
2014.03.14,16:00,693.75,702.00,693.50,700.25,513
2014.03.14,17:00,700.50,701.75,691.00,691.75,315
2014.03.14,18:00,692.00,695.50,690.25,692.50,305
2014.03.14,19:00,692.75,696.75,692.50,693.75,318
2014.03.14,20:00,693.50,699.00,692.75,696.75,95
2014.03.17,15:00,690.75,692.75,686.25,691.25,275
2014.03.17,16:00,691.50,692.00,686.25,690.00,353
2014.03.17,17:00,690.25,694.25,690.25,693.00,215
2014.03.17,18:00,692.75,693.00,689.00,689.75,136
2014.03.17,19:00,689.50,690.00,686.50,686.75,226
2014.03.17,20:00,687.00,688.25,685.00,685.00,63
2014.03.18,15:00,687.50,693.75,687.50,693.75,160
2014.03.18,16:00,693.50,697.75,692.50,696.25,313
2014.03.18,17:00,696.50,697.50,690.75,696.25,304
2014.03.18,18:00,696.50,701.75,695.00,700.25,274
2014.03.18,19:00,700.50,702.75,697.75,702.75,200
2014.03.18,20:00,703.00,703.25,700.50,701.75,80
2014.03.19,15:00,698.00,701.25,695.75,701.00,148
2014.03.19,16:00,701.25,714.75,700.00,713.25,460
2014.03.19,17:00,713.75,718.00,712.00,717.00,389
2014.03.19,18:00,717.25,725.25,713.50,721.50,356
2014.03.19,19:00,721.25,725.00,720.00,722.00,391
2014.03.19,20:00,721.75,724.50,720.75,723.25,128
2014.03.20,15:00,720.25,728.25,720.25,725.00,353
2014.03.20,16:00,724.50,730.75,717.25,717.25,615
2014.03.20,17:00,717.00,722.75,701.50,709.25,680
2014.03.20,18:00,709.00,710.00,704.00,710.00,382
2014.03.20,19:00,710.25,711.25,707.00,708.75,259
2014.03.20,20:00,708.50,714.00,704.50,714.00,124
2014.03.21,15:00,708.00,712.25,705.25,708.50,289
2014.03.21,16:00,708.75,709.50,700.50,701.75,393
2014.03.21,17:00,702.25,706.25,701.75,705.75,218
2014.03.21,18:00,705.50,707.25,705.25,706.00,112
2014.03.21,19:00,705.75,707.00,705.25,705.75,92
2014.03.21,20:00,705.50,705.75,700.75,700.75,99
2014.03.24,15:00,712.25,715.25,706.75,715.00,294
2014.03.24,16:00,715.25,717.50,711.25,717.50,339
2014.03.24,17:00,717.75,722.75,716.75,720.25,378
2014.03.24,18:00,720.50,723.50,719.25,719.75,167
2014.03.24,19:00,720.00,723.50,720.00,722.75,195
2014.03.24,20:00,722.50,726.50,721.50,721.50,124
2014.03.25,15:00,716.25,720.50,714.75,718.50,236
2014.03.25,16:00,718.75,722.00,716.00,721.00,299
2014.03.25,17:00,720.75,723.50,719.75,722.00,309
2014.03.25,18:00,721.75,722.75,716.75,720.50,335
2014.03.25,19:00,720.25,722.00,718.50,719.50,235
2014.03.25,20:00,719.25,720.25,716.75,719.00,85
2014.03.26,15:00,713.00,717.25,712.75,715.75,217
2014.03.26,16:00,716.00,716.75,710.50,712.75,356
2014.03.26,17:00,712.50,713.50,708.50,710.00,323
2014.03.26,18:00,709.75,711.25,707.50,710.75,281
2014.03.26,19:00,710.50,710.50,706.25,707.00,222
2014.03.26,20:00,706.75,709.00,706.00,708.00,77
2014.03.27,15:00,704.00,708.00,704.00,706.50,189
2014.03.27,16:00,706.25,715.25,706.00,715.00,317
2014.03.27,17:00,714.75,718.25,712.75,717.25,256
2014.03.27,18:00,717.00,721.50,714.50,720.75,252
2014.03.27,19:00,720.50,724.25,719.75,722.75,257
2014.03.27,20:00,723.00,723.50,721.00,721.50,72
2014.03.28,15:00,715.25,715.50,708.75,712.00,219
2014.03.28,16:00,712.50,717.00,704.50,706.25,375
2014.03.28,17:00,706.50,710.50,706.25,708.50,227
2014.03.28,18:00,708.75,709.00,704.75,707.50,165
2014.03.28,19:00,707.25,709.00,706.00,706.25,195
2014.03.28,20:00,706.00,707.75,705.25,705.50,75
2014.03.31,16:00,697.25,702.75,697.25,701.75,191
2014.03.31,17:00,701.50,703.75,699.25,701.75,262
2014.03.31,18:00,702.00,702.75,687.75,694.00,339
2014.03.31,19:00,696.50,712.75,693.75,703.25,909
2014.03.31,20:00,703.00,709.25,700.00,709.00,333
2014.03.31,21:00,709.25,710.25,706.25,707.75,164
2014.04.01,16:00,703.50,706.25,698.75,698.75,227
2014.04.01,17:00,698.50,701.50,695.50,699.50,342
2014.04.01,18:00,699.25,701.75,698.25,698.75,258
2014.04.01,19:00,699.00,700.25,697.00,700.00,112
2014.04.01,20:00,700.25,704.75,699.25,699.50,169
2014.04.01,21:00,699.25,700.50,696.75,697.00,74
2014.04.02,16:00,687.50,691.00,686.25,686.75,156
2014.04.02,17:00,686.50,688.00,684.50,685.50,248
2014.04.02,18:00,685.25,686.50,678.25,681.50,339
2014.04.02,19:00,681.75,682.50,679.50,680.75,264
2014.04.02,20:00,681.00,682.00,679.75,680.50,162
2014.04.02,21:00,680.75,684.25,678.75,682.00,110
2014.04.03,16:00,685.25,690.50,684.00,688.25,217
2014.04.03,17:00,688.50,690.25,686.50,687.50,271
2014.04.03,18:00,687.25,687.75,681.00,687.50,285
2014.04.03,19:00,687.25,689.00,684.25,685.50,220
2014.04.03,20:00,685.75,688.25,685.50,687.75,237
2014.04.03,21:00,687.50,690.25,687.00,688.50,44
2014.04.04,16:00,680.50,682.75,676.50,677.50,256
2014.04.04,17:00,677.75,678.00,674.00,676.75,249
2014.04.04,18:00,677.00,679.00,676.75,677.25,141
2014.04.04,19:00,677.50,681.25,677.25,680.50,161
2014.04.04,20:00,680.25,681.75,678.25,680.75,151
2014.04.04,21:00,681.00,685.75,680.25,685.25,84
2014.04.07,16:00,692.25,693.75,687.75,689.00,223
2014.04.07,17:00,688.50,689.75,682.50,685.25,322
2014.04.07,18:00,685.50,686.75,681.75,682.75,277
2014.04.07,19:00,683.00,688.50,681.00,685.75,256
2014.04.07,20:00,686.00,690.50,684.50,689.75,227
2014.04.07,21:00,690.00,692.50,689.50,692.25,78
2014.04.08,16:00,690.50,695.00,689.75,693.25,171
2014.04.08,17:00,693.00,693.50,684.75,686.50,302
2014.04.08,18:00,686.25,689.00,685.75,688.00,320
2014.04.08,19:00,688.25,701.25,687.75,699.50,291
2014.04.08,20:00,700.00,700.25,693.75,695.75,229
2014.04.09,16:00,701.50,702.00,698.75,699.25,103
2014.04.09,17:00,699.00,699.00,692.25,692.75,215
2014.04.09,18:00,692.50,694.00,690.00,691.75,188
2014.04.09,19:00,692.25,698.25,680.75,683.50,888
2014.04.09,20:00,683.25,688.25,682.75,686.00,382
2014.04.09,21:00,685.50,687.25,683.75,685.75,107
2014.04.10,16:00,685.50,686.00,678.00,680.25,143
2014.04.10,17:00,680.00,682.25,678.75,680.00,182
2014.04.10,18:00,679.75,679.75,672.75,678.25,217
2014.04.10,19:00,678.50,679.75,676.25,678.75,145
2014.04.10,20:00,678.50,681.75,677.75,679.50,171
2014.04.10,21:00,679.75,680.50,678.50,679.00,89
2014.04.11,16:00,674.25,677.75,673.50,676.75,137
2014.04.11,17:00,676.50,683.25,676.25,679.75,251
2014.04.11,18:00,679.50,680.50,677.75,680.50,146
2014.04.11,19:00,680.75,682.75,679.50,680.00,142
2014.04.11,20:00,680.25,681.50,678.00,678.00,130
2014.04.11,21:00,678.25,679.00,676.25,676.50,73
2014.04.14,16:00,692.50,696.50,690.25,695.00,233
2014.04.14,17:00,695.25,702.75,695.25,699.75,312
2014.04.14,18:00,699.50,702.75,697.25,702.00,262
2014.04.14,19:00,702.25,702.25,695.50,697.50,235
2014.04.14,20:00,698.25,699.00,695.75,698.50,259
2014.04.14,21:00,698.25,698.50,694.50,695.25,76
2014.04.15,16:00,695.50,696.50,690.75,695.25,141
2014.04.15,17:00,695.50,702.75,693.75,695.50,305
2014.04.15,18:00,695.25,702.25,694.50,701.75,154
2014.04.15,19:00,702.00,718.00,701.50,709.75,449
2014.04.15,20:00,709.50,716.75,709.50,714.75,352
2014.04.15,21:00,715.00,719.25,714.75,717.75,141
2014.04.16,16:00,718.75,726.50,718.75,724.25,245
2014.04.16,17:00,724.00,724.25,712.00,717.00,372
2014.04.16,18:00,717.25,718.50,717.00,717.50,140
2014.04.16,19:00,717.75,718.00,708.25,710.00,240
2014.04.16,20:00,709.75,709.75,699.25,702.25,398
2014.04.16,21:00,702.50,704.75,701.75,703.50,89
2014.04.17,16:00,712.00,717.50,709.00,709.50,221
2014.04.17,17:00,709.75,714.50,709.75,713.00,246
2014.04.17,18:00,712.75,713.00,707.50,709.75,251
2014.04.17,19:00,710.00,713.25,709.25,709.75,239
2014.04.17,20:00,710.00,710.75,706.00,706.75,307
2014.04.17,21:00,706.50,708.75,705.25,706.25,94
2014.04.21,16:00,695.75,695.75,686.00,687.00,144
2014.04.21,17:00,686.75,689.50,681.50,683.25,254
2014.04.21,18:00,683.50,683.75,679.00,679.75,177
2014.04.21,19:00,680.00,683.75,679.25,683.00,169
2014.04.21,20:00,682.75,684.75,682.25,684.00,163
2014.04.21,21:00,684.25,685.75,684.00,685.00,64
2014.04.22,16:00,687.75,689.00,685.25,686.00,181
2014.04.22,17:00,685.75,687.00,678.25,679.75,327
2014.04.22,18:00,679.50,686.25,679.00,684.75,309
2014.04.22,19:00,684.50,689.00,684.25,687.75,245
2014.04.22,20:00,688.00,691.75,687.25,691.00,258
2014.04.22,21:00,691.25,692.50,687.75,687.75,67
2014.04.23,16:00,683.00,687.00,682.50,686.00,197
2014.04.23,17:00,686.25,688.25,685.00,687.50,249
2014.04.23,18:00,687.25,692.50,687.00,692.00,282
2014.04.23,19:00,692.25,694.00,689.50,692.75,253
2014.04.23,20:00,693.00,693.25,690.00,692.00,285
2014.04.23,21:00,692.25,692.75,690.25,691.00,68
2014.04.24,16:00,701.25,703.25,695.75,699.00,234
2014.04.24,17:00,698.75,708.00,697.75,706.75,312
2014.04.24,18:00,707.00,711.00,703.75,704.25,346
2014.04.24,19:00,704.50,709.25,704.25,705.00,290
2014.04.24,20:00,704.50,705.75,702.25,704.00,243
2014.04.24,21:00,703.75,706.00,703.50,706.00,79
2014.04.25,16:00,712.75,713.00,707.25,709.00,174
2014.04.25,17:00,709.25,713.50,709.00,712.50,299
2014.04.25,18:00,712.75,715.50,712.00,715.50,202
2014.04.25,19:00,715.25,717.25,714.25,716.00,196
2014.04.25,20:00,716.25,717.25,714.75,715.50,241
2014.04.25,21:00,715.75,716.75,715.25,716.75,62
2014.04.28,16:00,719.50,719.50,709.00,711.25,288
2014.04.28,17:00,711.00,715.50,705.00,707.25,364
2014.04.28,18:00,707.00,713.25,707.00,708.75,333
2014.04.28,19:00,708.25,712.75,708.00,711.25,267
2014.04.28,20:00,711.00,714.75,710.75,713.00,244
2014.04.28,21:00,713.25,717.00,712.75,716.50,86
2014.04.29,16:00,713.50,718.25,713.00,713.50,170
2014.04.29,17:00,713.25,721.50,711.75,719.75,248
2014.04.29,18:00,720.00,723.25,720.00,721.50,238
2014.04.29,19:00,721.75,722.50,719.75,720.00,205
2014.04.29,20:00,719.75,722.25,718.00,721.00,161
2014.04.29,21:00,720.75,723.75,720.75,722.50,63
2014.04.30,16:00,721.00,725.75,718.50,720.00,261
2014.04.30,17:00,719.75,724.25,719.25,722.00,315
2014.04.30,18:00,721.50,729.25,721.50,727.75,237
2014.04.30,19:00,728.25,731.00,727.75,729.25,216
2014.04.30,20:00,729.00,731.00,728.75,730.50,191
2014.04.30,21:00,730.75,732.00,728.25,729.25,128
2014.05.01,16:00,725.50,728.75,720.00,724.75,254
2014.05.01,17:00,724.50,724.75,709.25,714.75,394
2014.05.01,18:00,715.00,717.25,713.00,715.75,247
2014.05.01,19:00,716.00,721.00,714.50,719.00,189
2014.05.01,20:00,719.25,720.00,712.00,713.00,325
2014.05.01,21:00,712.75,716.75,711.50,716.75,78
2014.05.02,16:00,722.00,722.25,714.25,718.75,262
2014.05.02,17:00,719.25,728.50,717.75,722.75,429
2014.05.02,18:00,723.00,723.25,718.75,723.00,223
2014.05.02,19:00,723.25,725.00,722.50,724.00,143
2014.05.02,20:00,723.75,725.00,723.75,724.75,74
2014.05.02,21:00,725.00,725.00,723.00,723.75,73
2014.05.05,16:00,738.25,739.50,729.25,732.50,263
2014.05.05,17:00,732.75,735.00,728.75,733.50,301
2014.05.05,18:00,733.25,740.25,732.50,739.50,285
2014.05.05,19:00,739.25,742.25,739.00,739.75,202
2014.05.05,20:00,740.00,741.75,739.50,740.00,151
2014.05.05,21:00,740.25,740.75,734.00,734.75,99
2014.05.06,16:00,733.50,740.25,732.50,739.25,215
2014.05.06,17:00,738.50,742.00,737.25,741.50,307
2014.05.06,18:00,741.75,747.00,740.75,746.00,267
2014.05.06,19:00,746.25,751.25,744.00,747.50,317
2014.05.06,20:00,746.75,750.25,745.00,745.25,215
2014.05.06,21:00,745.00,748.00,744.50,746.50,80
2014.05.07,16:00,741.25,742.25,737.00,739.50,275
2014.05.07,17:00,739.25,743.75,735.00,743.25,453
2014.05.07,18:00,743.50,745.25,742.50,745.25,324
2014.05.07,19:00,745.50,747.25,741.00,743.50,179
2014.05.07,20:00,743.25,745.50,742.00,742.75,93
2014.05.07,21:00,742.50,746.50,742.50,746.50,79
2014.05.08,16:00,739.25,741.75,738.25,740.50,161
2014.05.08,17:00,740.75,742.25,735.75,735.75,432
2014.05.08,18:00,736.00,743.75,735.75,743.25,255
2014.05.08,19:00,743.00,745.25,742.00,742.50,236
2014.05.08,20:00,742.25,745.00,741.75,742.25,141
2014.05.08,21:00,742.00,743.25,741.25,742.50,65
2014.05.09,16:00,736.50,736.75,734.00,734.75,184
2014.05.09,17:00,734.50,738.25,733.50,737.50,596
2014.05.09,18:00,737.75,740.25,734.25,735.50,257
2014.05.09,19:00,737.75,746.75,732.00,740.00,1015
2014.05.09,20:00,740.25,742.25,734.50,734.75,307
2014.05.09,21:00,734.50,734.50,730.25,730.75,133
2014.05.12,16:00,718.25,718.50,712.25,713.75,186
2014.05.12,17:00,713.50,716.25,712.00,715.25,221
2014.05.12,18:00,715.00,719.25,714.25,717.75,232
2014.05.12,19:00,718.00,721.75,717.50,721.25,157
2014.05.12,20:00,721.50,723.25,720.50,721.25,137
2014.05.12,21:00,721.50,724.00,721.50,723.25,73
2014.05.13,16:00,722.25,723.25,712.50,714.25,184
2014.05.13,17:00,714.00,717.50,713.25,714.75,241
2014.05.13,18:00,714.50,715.25,713.25,714.50,158
2014.05.13,19:00,714.25,715.75,713.75,714.50,90
2014.05.13,20:00,714.75,715.75,712.50,712.50,175
2014.05.13,21:00,712.25,718.25,712.25,718.00,58
2014.05.14,16:00,712.00,712.00,699.25,701.50,282
2014.05.14,17:00,701.75,703.25,699.50,702.75,220
2014.05.14,18:00,702.50,703.75,696.00,698.75,253
2014.05.14,19:00,698.50,700.25,696.50,698.75,172
2014.05.14,20:00,699.00,700.00,696.25,697.75,223
2014.05.14,21:00,698.00,700.25,697.75,698.75,71
2014.05.15,16:00,694.50,695.25,688.00,689.75,226
2014.05.15,17:00,690.00,690.75,686.75,686.75,190
2014.05.15,18:00,686.50,689.25,685.50,688.50,152
2014.05.15,19:00,688.00,689.50,685.50,686.50,141
2014.05.15,20:00,686.25,689.00,685.25,688.00,249
2014.05.15,21:00,687.75,689.00,686.00,686.00,44
2014.05.16,16:00,687.50,687.50,681.25,681.50,185
2014.05.16,17:00,682.00,683.25,679.75,681.75,160
2014.05.16,18:00,681.50,683.00,681.25,681.50,114
2014.05.16,19:00,681.75,682.00,679.00,679.25,104
2014.05.16,20:00,679.50,681.75,679.25,681.75,69
2014.05.16,21:00,681.50,683.25,680.75,683.25,46
2014.05.19,16:00,682.25,686.25,678.50,679.25,275
2014.05.19,17:00,679.00,684.00,671.75,675.50,324
2014.05.19,18:00,675.75,680.25,672.75,679.75,199
2014.05.19,19:00,680.00,681.50,678.75,680.50,196
2014.05.19,20:00,680.25,682.25,679.50,682.25,117
2014.05.19,21:00,682.50,684.25,681.00,684.00,94
2014.05.20,16:00,690.00,692.75,687.50,691.50,183
2014.05.20,17:00,691.75,694.00,685.75,687.25,321
2014.05.20,18:00,687.00,687.00,677.75,678.75,241
2014.05.20,19:00,679.00,684.00,675.25,684.00,260
2014.05.20,20:00,684.50,686.50,679.25,680.50,195
2014.05.20,21:00,680.25,681.25,678.25,678.25,63
2014.05.21,16:00,681.00,684.00,680.25,683.75,166
2014.05.21,17:00,684.25,685.00,678.50,680.00,226
2014.05.21,18:00,679.75,681.25,673.25,679.75,266
2014.05.21,19:00,679.50,679.75,675.00,677.75,138
2014.05.21,20:00,677.50,677.50,675.25,676.50,130
2014.05.21,21:00,676.25,677.50,673.75,673.75,55
2014.05.22,16:00,678.00,679.75,668.75,668.75,224
2014.05.22,17:00,668.25,673.00,664.25,667.25,405
2014.05.22,18:00,667.00,668.75,664.75,668.75,245
2014.05.22,19:00,668.50,669.50,666.50,667.00,178
2014.05.22,20:00,667.25,670.25,667.00,669.00,260
2014.05.22,21:00,669.25,671.25,667.50,670.00,93
2014.05.23,16:00,672.75,673.00,667.25,667.25,200
2014.05.23,17:00,667.50,668.50,662.25,663.25,240
2014.05.23,18:00,663.50,665.00,662.25,662.50,255
2014.05.23,19:00,662.75,664.00,662.00,663.00,198
2014.05.23,20:00,662.75,664.00,662.00,663.00,164
2014.05.23,21:00,663.25,665.75,662.00,662.25,85
2014.05.26,17:00,662.50,662.50,662.50,662.50,1
2014.05.27,16:00,654.25,656.25,653.00,655.50,187
2014.05.27,17:00,655.75,659.25,653.50,653.75,237
2014.05.27,18:00,654.25,654.75,653.75,654.50,174
2014.05.27,19:00,654.75,656.50,654.00,655.50,215
2014.05.27,20:00,655.75,655.75,654.00,654.50,92
2014.05.27,21:00,654.75,655.25,651.75,652.25,65
2014.05.28,16:00,648.75,652.00,647.00,648.00,155
2014.05.28,17:00,648.25,649.50,644.75,645.25,340
2014.05.28,18:00,645.50,648.50,644.50,648.25,168
2014.05.28,19:00,648.50,650.75,648.00,648.25,145
2014.05.28,20:00,648.50,650.75,647.75,650.00,155
2014.05.28,21:00,650.25,650.75,649.50,649.50,67
2014.05.29,16:00,652.25,653.50,645.00,648.50,193
2014.05.29,17:00,648.75,650.50,645.50,646.75,228
2014.05.29,18:00,646.50,646.75,641.50,642.75,186
2014.05.29,19:00,642.50,642.50,640.75,642.25,128
2014.05.29,20:00,642.00,643.50,642.00,643.00,125
2014.05.29,21:00,642.75,644.75,642.50,643.50,106
2014.05.30,16:00,642.75,648.25,642.50,645.75,103
2014.05.30,17:00,645.50,646.50,639.75,642.00,196
2014.05.30,18:00,641.50,642.25,640.00,641.00,116
2014.05.30,19:00,641.25,643.00,641.00,641.50,86
2014.05.30,20:00,641.75,642.00,640.00,641.25,126
2014.05.30,21:00,641.50,642.50,637.25,639.50,154
2014.06.02,16:00,634.50,634.50,628.50,629.25,159
2014.06.02,17:00,629.00,632.50,628.50,630.75,215
2014.06.02,18:00,631.00,633.75,629.50,632.75,247
2014.06.02,19:00,633.00,635.25,630.25,631.25,153
2014.06.02,20:00,631.00,634.25,630.25,633.50,199
2014.06.02,21:00,633.25,634.50,629.25,630.75,95
2014.06.03,16:00,629.25,630.50,628.00,629.00,154
2014.06.03,17:00,629.25,629.75,625.75,625.75,149
2014.06.03,18:00,625.50,626.00,621.25,623.25,194
2014.06.03,19:00,623.50,624.25,622.25,622.75,97
2014.06.03,20:00,623.00,623.00,621.00,621.25,98
2014.06.03,21:00,621.50,623.25,621.50,622.00,69
2014.06.04,16:00,627.50,627.50,622.25,623.75,115
2014.06.04,17:00,624.00,628.25,623.25,626.25,251
2014.06.04,18:00,626.50,629.50,626.00,627.25,181
2014.06.04,19:00,627.50,627.50,624.75,626.25,120
2014.06.04,20:00,626.00,627.25,624.50,627.25,118
2014.06.04,21:00,627.50,627.50,623.75,623.75,58
2014.06.05,16:00,625.00,625.00,616.00,620.25,160
2014.06.05,17:00,620.00,625.00,617.25,617.75,270
2014.06.05,18:00,617.50,618.75,616.75,618.00,65
2014.06.05,19:00,617.75,618.25,615.75,616.25,58
2014.06.05,20:00,616.00,617.50,615.25,615.75,116
2014.06.05,21:00,615.50,617.25,615.25,615.25,50
2014.06.06,16:00,619.75,623.75,619.00,623.75,165
2014.06.06,17:00,623.50,625.00,621.75,624.00,244
2014.06.06,18:00,624.25,624.50,622.00,622.25,116
2014.06.06,19:00,622.00,625.50,621.50,622.25,141
2014.06.06,20:00,622.50,624.25,621.25,623.50,154
2014.06.06,21:00,623.25,630.75,623.25,630.75,75
2014.06.09,16:00,628.25,628.25,621.75,622.00,142
2014.06.09,17:00,621.75,623.25,619.25,622.75,359
2014.06.09,18:00,623.00,623.00,620.00,621.25,159
2014.06.09,19:00,621.00,622.50,619.75,620.25,157
2014.06.09,20:00,620.00,623.00,619.50,621.75,79
2014.06.09,21:00,622.50,626.00,622.25,625.75,79
2014.06.10,16:00,623.25,625.25,622.25,622.25,125
2014.06.10,17:00,622.50,622.75,617.00,618.25,193
2014.06.10,18:00,618.00,618.00,612.25,612.75,222
2014.06.10,19:00,612.50,614.75,610.75,612.75,126
2014.06.10,20:00,612.50,612.50,610.75,611.50,92
2014.06.10,21:00,611.75,612.75,611.50,612.00,67
2014.06.11,16:00,616.75,617.75,616.00,617.00,117
2014.06.11,17:00,617.25,619.25,616.00,617.50,148
2014.06.11,18:00,617.75,617.75,612.25,613.50,229
2014.06.11,19:00,613.25,613.50,600.50,602.75,435
2014.06.11,20:00,602.50,603.00,601.25,602.75,121
2014.06.11,21:00,602.50,602.75,600.00,600.50,75
2014.06.12,16:00,601.50,604.00,600.75,603.25,98
2014.06.12,17:00,603.50,603.50,597.75,598.50,199
2014.06.12,18:00,598.25,599.00,597.50,597.75,102
2014.06.12,19:00,597.50,600.50,597.50,600.50,151
2014.06.12,20:00,600.25,600.25,596.00,596.50,179
2014.06.12,21:00,596.25,596.75,596.00,596.00,31
2014.06.13,16:00,599.50,600.50,596.25,596.50,137
2014.06.13,17:00,597.00,601.25,594.50,599.75,239
2014.06.13,18:00,600.00,604.50,597.50,598.75,210
2014.06.13,19:00,599.00,599.00,595.25,595.25,153
2014.06.13,20:00,595.50,598.00,595.25,596.00,151
2014.06.13,21:00,595.75,599.00,594.25,595.25,81
2014.06.16,16:00,601.75,601.75,597.25,598.25,103
2014.06.16,17:00,598.50,599.75,597.00,597.25,152
2014.06.16,18:00,597.50,597.50,592.50,592.75,129
2014.06.16,19:00,593.00,593.25,590.50,590.75,157
2014.06.16,20:00,591.25,592.25,589.50,591.75,173
2014.06.16,21:00,591.50,591.75,590.25,590.25,55
2014.06.17,16:00,592.50,592.50,586.00,588.25,131
2014.06.17,17:00,588.00,593.75,587.75,592.00,258
2014.06.17,18:00,591.75,592.25,590.25,591.00,178
2014.06.17,19:00,591.25,592.50,589.75,592.25,150
2014.06.17,20:00,592.00,592.00,589.50,590.00,88
2014.06.17,21:00,589.75,591.00,589.75,590.25,86
2014.06.18,16:00,596.00,597.25,593.50,595.00,117
2014.06.18,17:00,595.25,598.50,594.50,597.00,160
2014.06.18,18:00,597.25,606.25,595.50,601.00,239
2014.06.18,19:00,600.75,602.00,597.25,597.50,159
2014.06.18,20:00,597.25,598.00,596.00,597.75,117
2014.06.18,21:00,598.00,600.25,594.50,594.50,105
2014.06.19,16:00,601.25,604.00,599.50,599.50,127
2014.06.19,17:00,599.75,600.00,596.00,596.00,186
2014.06.19,18:00,595.75,596.75,594.25,596.25,178
2014.06.19,19:00,596.00,596.25,594.50,595.75,149
2014.06.19,20:00,595.50,597.25,594.75,597.25,138
2014.06.19,21:00,597.50,602.00,597.50,602.00,59
2014.06.20,16:00,598.25,599.50,596.75,598.50,132
2014.06.20,17:00,598.25,598.75,595.75,597.75,126
2014.06.20,18:00,598.00,598.50,597.50,597.75,89
2014.06.20,19:00,597.50,597.50,596.00,596.00,55
2014.06.20,20:00,595.75,596.00,591.25,592.00,151
2014.06.20,21:00,592.25,593.50,591.75,592.25,82
2014.06.23,16:00,596.00,596.00,591.75,593.00,96
2014.06.23,17:00,592.75,595.25,588.50,589.25,210
2014.06.23,18:00,589.50,590.25,586.75,590.25,136
2014.06.23,19:00,590.50,592.00,587.50,588.25,117
2014.06.23,20:00,588.00,590.00,587.50,589.25,136
2014.06.23,21:00,589.50,590.00,587.75,588.50,76
2014.06.24,16:00,586.75,586.75,583.50,583.50,127
2014.06.24,17:00,583.25,583.50,578.75,579.50,137
2014.06.24,18:00,579.25,581.75,579.00,579.75,112
2014.06.24,19:00,579.50,581.00,578.75,579.25,106
2014.06.24,20:00,579.50,581.00,579.25,580.50,137
2014.06.24,21:00,580.25,580.75,579.50,579.50,30
2014.06.25,16:00,577.00,581.00,577.00,580.75,143
2014.06.25,17:00,581.00,582.75,576.75,581.50,227
2014.06.25,18:00,581.75,582.25,580.75,581.50,95
2014.06.25,19:00,581.25,583.25,580.75,582.75,80
2014.06.25,20:00,583.00,583.25,582.25,583.00,89
2014.06.25,21:00,583.25,584.00,582.25,583.75,31
2014.06.26,16:00,584.50,585.00,580.25,581.50,174
2014.06.26,17:00,581.25,583.75,579.25,581.25,252
2014.06.26,18:00,581.50,585.25,581.50,585.00,167
2014.06.26,19:00,585.25,588.50,585.00,586.75,189
2014.06.26,20:00,587.00,589.25,586.00,586.75,158
2014.06.26,21:00,587.00,587.00,583.75,583.75,83
2014.06.27,16:00,585.00,591.00,584.75,588.50,187
2014.06.27,17:00,588.25,591.50,585.25,591.25,270
2014.06.27,18:00,591.50,595.00,590.25,594.25,215
2014.06.27,19:00,594.00,594.25,592.50,594.25,125
2014.06.27,20:00,594.00,596.75,593.00,593.25,139
2014.06.27,21:00,593.50,594.25,592.00,592.25,75
2014.06.30,16:00,588.75,589.75,584.75,586.25,127
2014.06.30,17:00,586.00,587.50,583.50,585.75,191
2014.06.30,18:00,585.50,588.25,584.75,587.25,147
2014.06.30,19:00,587.00,587.00,568.00,578.50,895
2014.06.30,20:00,578.00,579.25,576.75,578.00,343
2014.06.30,21:00,577.75,578.25,575.50,576.25,74
2014.07.01,16:00,574.75,576.00,571.00,571.75,246
2014.07.01,17:00,572.00,572.25,568.75,569.25,319
2014.07.01,18:00,569.00,570.75,568.75,570.50,133
2014.07.01,19:00,570.75,571.25,569.75,571.25,132
2014.07.01,20:00,571.50,572.75,571.25,572.25,118
2014.07.01,21:00,572.00,573.00,570.75,572.50,69
2014.07.02,16:00,570.75,571.75,569.00,570.25,137
2014.07.02,17:00,570.50,571.00,568.25,570.75,236
2014.07.02,18:00,571.00,576.25,570.00,572.50,296
2014.07.02,19:00,572.75,572.75,570.75,571.25,90
2014.07.02,20:00,571.50,575.25,571.50,575.00,143
2014.07.02,21:00,575.25,576.00,573.25,576.00,71
2014.07.03,16:00,577.50,577.75,571.50,572.50,182
2014.07.03,17:00,572.25,578.25,572.00,577.75,314
2014.07.03,18:00,577.50,580.25,577.50,578.50,253
2014.07.03,19:00,578.25,580.00,578.00,578.75,265
2014.07.03,20:00,579.00,579.00,578.00,578.00,5
2014.07.03,21:00,578.75,578.75,578.75,578.75,1
2014.07.07,16:00,575.25,576.25,565.25,565.50,283
2014.07.07,17:00,565.25,566.75,564.75,565.75,237
2014.07.07,18:00,565.50,565.75,560.00,560.50,306
2014.07.07,19:00,560.25,560.50,555.75,556.75,243
2014.07.07,20:00,556.50,561.25,556.50,559.00,263
2014.07.07,21:00,559.25,559.50,555.50,557.75,87
2014.07.08,16:00,558.00,560.25,557.00,558.00,151
2014.07.08,17:00,557.75,558.25,555.25,557.50,214
2014.07.08,18:00,557.25,557.50,555.00,557.50,223
2014.07.08,19:00,557.25,559.00,557.25,558.00,199
2014.07.08,20:00,558.25,558.25,556.00,556.25,161
2014.07.08,21:00,556.50,556.50,555.00,555.25,97
2014.07.09,16:00,552.75,554.00,552.00,552.50,185
2014.07.09,17:00,552.25,555.50,549.25,552.00,335
2014.07.09,18:00,551.75,553.25,548.75,549.25,265
2014.07.09,19:00,549.00,549.75,547.75,548.00,181
2014.07.09,20:00,548.25,548.50,547.00,547.50,182
2014.07.09,21:00,547.25,550.75,547.00,550.75,76
2014.07.10,16:00,555.00,555.00,552.75,553.00,93
2014.07.10,17:00,552.75,553.75,549.50,549.75,155
2014.07.10,18:00,550.00,550.00,546.75,547.25,189
2014.07.10,19:00,547.00,548.75,545.75,547.75,157
2014.07.10,20:00,547.50,549.00,546.00,547.25,171
2014.07.10,21:00,547.00,548.75,546.00,548.00,83
2014.07.11,16:00,548.50,548.50,540.50,541.25,175
2014.07.11,17:00,541.50,541.75,537.00,539.75,285
2014.07.11,18:00,539.50,540.75,538.75,538.75,123
2014.07.11,19:00,535.75,537.00,528.50,529.75,688
2014.07.11,20:00,530.00,530.50,524.50,525.25,267
2014.07.11,21:00,525.50,527.25,524.75,525.25,154
2014.07.14,16:00,526.50,529.25,525.00,528.25,201
2014.07.14,17:00,528.50,532.25,527.00,532.25,211
2014.07.14,18:00,532.50,532.75,528.25,531.25,169
2014.07.14,19:00,531.50,534.00,531.50,533.00,121
2014.07.14,20:00,533.25,536.75,533.25,535.25,108
2014.07.14,21:00,535.50,538.25,534.75,537.75,53
2014.07.15,16:00,534.25,534.50,531.25,532.75,180
2014.07.15,17:00,533.00,534.00,530.00,530.75,190
2014.07.15,18:00,531.25,533.25,530.75,531.25,229
2014.07.15,19:00,531.00,539.00,530.50,538.75,179
2014.07.15,20:00,538.50,538.50,532.50,534.25,256
2014.07.15,21:00,534.50,537.75,533.75,537.75,60
2014.07.16,16:00,542.75,544.00,540.25,540.75,231
2014.07.16,17:00,541.00,541.75,535.25,536.75,200
2014.07.16,18:00,537.00,538.50,536.75,538.00,107
2014.07.16,19:00,538.25,541.25,537.75,537.75,129
2014.07.16,20:00,538.00,539.75,537.50,537.75,107
2014.07.16,21:00,538.00,538.75,537.00,537.50,47
2014.07.17,16:00,537.25,539.25,536.00,537.75,168
2014.07.17,17:00,537.50,539.00,530.25,530.75,235
2014.07.17,18:00,531.00,558.00,530.75,553.25,666
2014.07.17,19:00,553.50,560.75,550.75,551.50,659
2014.07.17,20:00,551.75,551.75,546.75,549.50,347
2014.07.17,21:00,550.00,551.25,549.25,550.50,127
2014.07.18,16:00,548.25,549.25,539.75,540.50,154
2014.07.18,17:00,540.75,542.50,535.75,536.00,199
2014.07.18,18:00,535.75,536.50,533.00,535.00,210
2014.07.18,19:00,534.75,535.50,531.50,531.50,132
2014.07.18,20:00,531.75,535.00,531.50,532.25,210
2014.07.18,21:00,532.00,534.25,530.50,531.25,90
2014.07.21,16:00,527.75,528.25,524.00,525.25,217
2014.07.21,17:00,525.00,530.25,523.25,529.75,317
2014.07.21,18:00,530.00,530.00,524.75,526.00,155
2014.07.21,19:00,526.25,529.50,525.50,526.00,175
2014.07.21,20:00,526.25,529.25,526.00,527.50,158
2014.07.21,21:00,527.75,530.00,527.75,529.75,95
2014.07.22,16:00,534.75,536.00,531.00,532.00,135
2014.07.22,17:00,532.25,532.75,526.00,526.75,233
2014.07.22,18:00,526.50,528.00,524.50,527.25,222
2014.07.22,19:00,527.00,528.25,525.25,526.75,90
2014.07.22,20:00,527.00,527.00,524.50,525.00,156
2014.07.22,21:00,525.25,526.25,523.50,524.25,79
2014.07.23,16:00,526.00,527.75,523.25,524.75,187
2014.07.23,17:00,524.50,528.00,524.00,526.75,263
2014.07.23,18:00,527.00,527.50,524.00,524.25,171
2014.07.23,19:00,524.00,527.25,524.00,525.50,94
2014.07.23,20:00,525.75,530.25,525.75,528.25,201
2014.07.23,21:00,528.00,530.25,527.75,529.25,68
2014.07.24,16:00,539.00,540.00,532.75,534.75,290
2014.07.24,17:00,534.50,535.00,525.50,527.75,348
2014.07.24,18:00,527.50,534.50,527.50,533.50,366
2014.07.24,19:00,533.75,534.25,530.75,531.00,157
2014.07.24,20:00,531.25,531.25,528.00,529.00,119
2014.07.24,21:00,529.25,530.50,527.75,528.50,71
2014.07.25,16:00,528.25,529.25,526.00,528.75,140
2014.07.25,17:00,528.50,533.50,527.75,531.75,264
2014.07.25,18:00,532.00,537.25,532.00,535.50,257
2014.07.25,19:00,535.75,535.75,533.75,534.50,155
2014.07.25,20:00,534.75,537.75,534.25,537.00,213
2014.07.25,21:00,536.75,537.75,536.50,537.00,92
2014.07.28,16:00,533.75,535.75,532.00,534.00,143
2014.07.28,17:00,534.25,538.25,533.50,536.00,214
2014.07.28,18:00,535.75,536.25,532.75,535.00,170
2014.07.28,19:00,534.75,537.00,533.50,535.25,159
2014.07.28,20:00,535.50,536.50,534.25,535.25,138
2014.07.28,21:00,535.00,536.00,533.75,534.75,62
2014.07.29,16:00,532.25,532.25,524.00,524.75,185
2014.07.29,17:00,524.50,524.50,518.75,521.25,325
2014.07.29,18:00,521.00,521.25,518.75,520.00,217
2014.07.29,19:00,519.75,522.50,518.50,520.50,171
2014.07.29,20:00,520.75,521.00,518.00,518.75,181
2014.07.29,21:00,519.00,520.25,518.25,520.00,84
2014.07.30,16:00,520.25,522.75,519.00,521.50,138
2014.07.30,17:00,521.25,528.25,521.25,527.75,304
2014.07.30,18:00,528.00,528.25,522.25,523.75,254
2014.07.30,19:00,524.25,524.25,522.75,524.00,202
2014.07.30,20:00,524.25,526.25,523.50,525.75,123
2014.07.30,21:00,526.00,527.50,525.00,527.50,72
2014.07.31,16:00,525.25,530.00,523.00,528.00,223
2014.07.31,17:00,528.25,530.00,525.75,525.75,204
2014.07.31,18:00,525.50,528.25,524.25,526.25,173
2014.07.31,19:00,526.50,527.25,525.25,527.25,130
2014.07.31,20:00,527.50,535.50,527.50,533.25,284
2014.07.31,21:00,533.00,533.25,529.00,529.75,143
2014.08.01,16:00,535.50,540.50,535.00,539.00,227
2014.08.01,17:00,539.25,543.25,537.75,540.50,311
2014.08.01,18:00,540.25,540.50,535.00,536.25,253
2014.08.01,19:00,536.00,536.25,531.50,533.00,290
2014.08.01,20:00,533.25,535.25,532.75,535.00,192
2014.08.01,21:00,534.75,535.50,532.00,533.25,104
2014.08.04,16:00,544.75,547.75,542.50,547.00,192
2014.08.04,17:00,546.75,552.50,545.00,548.00,380
2014.08.04,18:00,547.75,550.00,545.25,545.75,206
2014.08.04,19:00,546.00,547.00,543.25,545.25,148
2014.08.04,20:00,545.50,546.50,543.00,544.25,188
2014.08.04,21:00,544.50,544.50,542.50,544.25,74
2014.08.05,16:00,540.75,542.00,537.50,541.50,207
2014.08.05,17:00,541.25,545.50,540.50,540.50,305
2014.08.05,18:00,540.75,543.25,539.75,542.25,151
2014.08.05,19:00,542.50,546.50,542.50,546.50,165
2014.08.05,20:00,546.25,551.25,546.00,550.00,194
2014.08.05,21:00,550.25,553.50,549.50,551.50,121
2014.08.06,16:00,557.75,561.25,555.00,558.75,289
2014.08.06,17:00,559.00,562.50,556.25,562.50,311
2014.08.06,18:00,562.75,570.25,562.00,570.25,435
2014.08.06,19:00,570.00,571.25,567.75,567.75,283
2014.08.06,20:00,567.50,568.25,565.75,566.50,193
2014.08.06,21:00,566.25,568.25,566.00,567.00,58
2014.08.07,16:00,561.75,562.25,558.75,561.50,188
2014.08.07,17:00,561.25,563.25,558.00,559.50,268
2014.08.07,18:00,559.75,565.50,559.50,564.75,272
2014.08.07,19:00,564.50,565.50,562.75,563.25,148
2014.08.07,20:00,563.00,563.75,560.00,560.50,97
2014.08.07,21:00,560.25,562.00,559.50,561.00,104
2014.08.08,16:00,556.25,560.00,555.75,557.00,154
2014.08.08,17:00,556.75,557.25,550.50,552.25,294
2014.08.08,18:00,552.00,552.50,546.50,550.25,243
2014.08.08,19:00,550.00,550.50,547.50,550.00,142
2014.08.08,20:00,549.75,551.75,549.00,551.25,152
2014.08.08,21:00,551.00,552.25,547.50,548.25,86
2014.08.11,16:00,545.00,548.25,542.75,543.00,209
2014.08.11,17:00,543.25,555.75,543.00,554.00,371
2014.08.11,18:00,553.75,555.25,542.75,546.00,347
2014.08.11,19:00,545.75,549.50,544.75,546.75,172
2014.08.11,20:00,547.00,548.75,545.00,546.00,136
2014.08.11,21:00,545.75,546.50,544.50,545.75,112
2014.08.12,16:00,540.50,541.50,534.50,537.25,175
2014.08.12,17:00,537.50,538.00,536.00,536.75,159
2014.08.12,18:00,537.00,541.75,535.75,539.00,125
2014.08.12,19:00,540.50,542.50,533.00,541.75,778
2014.08.12,20:00,542.00,544.00,540.00,543.25,186
2014.08.12,21:00,543.50,544.00,536.50,537.50,149
2014.08.13,16:00,542.00,543.75,539.50,540.50,232
2014.08.13,17:00,540.75,540.75,533.75,535.00,236
2014.08.13,18:00,534.75,536.00,532.50,533.25,163
2014.08.13,19:00,533.00,535.75,532.50,532.50,133
2014.08.13,20:00,532.75,532.75,528.75,528.75,126
2014.08.13,21:00,529.00,529.75,526.75,527.25,83
2014.08.14,16:00,529.25,532.50,528.75,531.75,133
2014.08.14,17:00,532.00,533.00,531.00,532.00,156
2014.08.14,18:00,532.25,533.50,531.75,532.00,94
2014.08.14,19:00,531.75,533.75,531.50,533.75,62
2014.08.14,20:00,533.50,537.00,533.50,536.00,119
2014.08.14,21:00,536.25,538.50,535.25,535.75,60
2014.08.15,16:00,541.75,541.75,536.50,536.50,129
2014.08.15,17:00,536.25,555.00,533.00,554.75,444
2014.08.15,18:00,555.25,555.50,543.50,548.25,468
2014.08.15,19:00,548.00,551.25,547.75,549.75,182
2014.08.15,20:00,550.00,552.25,550.00,551.25,161
2014.08.15,21:00,551.00,551.50,549.50,551.00,95
2014.08.18,16:00,543.75,544.00,541.00,542.25,154
2014.08.18,17:00,542.50,544.25,540.00,544.00,214
2014.08.18,18:00,543.75,546.25,542.25,544.25,170
2014.08.18,19:00,544.00,546.50,543.25,543.75,146
2014.08.18,20:00,543.50,544.00,540.25,540.50,150
2014.08.18,21:00,540.25,542.50,540.00,541.75,81
2014.08.19,16:00,538.50,544.25,537.75,539.50,292
2014.08.19,17:00,539.25,543.50,538.75,543.50,232
2014.08.19,18:00,543.25,555.25,541.50,553.25,385
2014.08.19,19:00,553.50,553.50,549.50,549.50,229
2014.08.19,20:00,549.00,549.75,546.50,546.75,159
2014.08.19,21:00,547.00,549.25,544.25,546.00,135
2014.08.20,16:00,547.25,547.25,539.75,539.75,208
2014.08.20,17:00,540.75,544.00,537.75,538.50,280
2014.08.20,18:00,538.25,538.50,535.25,536.25,109
2014.08.20,19:00,536.50,539.25,534.00,534.25,121
2014.08.20,20:00,534.00,537.00,534.00,536.25,86
2014.08.20,21:00,536.50,539.25,536.50,539.00,53
2014.08.21,16:00,540.00,544.25,539.25,540.00,218
2014.08.21,17:00,539.75,546.50,539.00,545.75,244
2014.08.21,18:00,546.50,548.50,545.75,546.50,187
2014.08.21,19:00,546.75,549.00,542.75,545.00,261
2014.08.21,20:00,544.75,548.25,544.25,547.75,133
2014.08.21,21:00,547.25,548.00,545.50,545.75,78
2014.08.22,16:00,552.00,554.75,550.50,553.00,185
2014.08.22,17:00,552.75,557.75,552.75,556.25,205
2014.08.22,18:00,556.50,556.75,551.00,552.50,157
2014.08.22,19:00,552.25,560.00,552.00,559.75,209
2014.08.22,20:00,560.00,561.75,555.25,560.25,237
2014.08.22,21:00,560.00,560.25,547.00,549.00,184
