2013.06.24,17:00,7.91,7.91,7.80,7.81,51
2013.06.24,18:00,7.80,7.81,7.70,7.75,68
2013.06.24,19:00,7.76,7.76,7.71,7.72,77
2013.06.24,20:00,7.71,7.75,7.71,7.75,53
2013.06.24,21:00,7.76,7.82,7.76,7.78,43
2013.06.24,22:00,7.79,7.80,7.73,7.77,83
2013.06.25,16:00,7.85,7.91,7.84,7.87,51
2013.06.25,17:00,7.86,7.86,7.82,7.84,29
2013.06.25,18:00,7.83,7.89,7.83,7.89,23
2013.06.25,19:00,7.88,7.89,7.85,7.85,20
2013.06.25,20:00,7.86,7.87,7.85,7.85,14
2013.06.25,21:00,7.84,7.90,7.83,7.87,24
2013.06.25,22:00,7.88,7.92,7.87,7.91,92
2013.06.26,16:00,7.94,7.95,7.89,7.90,25
2013.06.26,17:00,7.89,7.90,7.83,7.83,62
2013.06.26,18:00,7.84,7.84,7.74,7.74,61
2013.06.26,19:00,7.75,7.79,7.75,7.77,41
2013.06.26,20:00,7.78,7.79,7.76,7.77,36
2013.06.26,21:00,7.76,7.77,7.71,7.71,76
2013.06.26,22:00,7.72,7.75,7.72,7.74,123
2013.06.27,16:00,7.79,7.82,7.75,7.79,41
2013.06.27,17:00,7.80,7.85,7.78,7.81,36
2013.06.27,18:00,7.80,7.83,7.80,7.83,34
2013.06.27,19:00,7.82,7.84,7.81,7.84,23
2013.06.27,20:00,7.85,7.86,7.80,7.80,42
2013.06.27,21:00,7.81,7.85,7.80,7.85,13
2013.06.27,22:00,7.84,7.86,7.84,7.86,71
2013.06.28,16:00,7.81,7.85,7.77,7.78,46
2013.06.28,17:00,7.79,7.85,7.78,7.85,37
2013.06.28,18:00,7.84,7.87,7.82,7.82,61
2013.06.28,19:00,7.83,7.83,7.78,7.81,51
2013.06.28,20:00,7.80,7.86,7.80,7.86,17
2013.06.28,21:00,7.85,7.86,7.84,7.85,23
2013.06.28,22:00,7.84,7.86,7.82,7.82,79
2013.07.01,16:00,7.83,7.84,7.77,7.79,39
2013.07.01,17:00,7.78,7.84,7.78,7.83,62
2013.07.01,18:00,7.82,7.84,7.82,7.83,32
2013.07.01,19:00,7.82,7.88,7.82,7.88,33
2013.07.01,20:00,7.87,7.90,7.84,7.84,30
2013.07.01,21:00,7.85,7.87,7.84,7.87,45
2013.07.01,22:00,7.88,7.88,7.83,7.85,56
2013.07.02,16:00,7.80,7.88,7.80,7.85,35
2013.07.02,17:00,7.84,7.84,7.81,7.84,57
2013.07.02,18:00,7.83,7.86,7.83,7.84,24
2013.07.02,19:00,7.85,7.85,7.81,7.83,23
2013.07.02,20:00,7.82,7.83,7.80,7.82,21
2013.07.02,21:00,7.81,7.81,7.73,7.78,22
2013.07.02,22:00,7.79,7.79,7.75,7.78,62
2013.07.03,16:00,7.67,7.68,7.63,7.64,58
2013.07.03,17:00,7.65,7.67,7.63,7.64,30
2013.07.03,18:00,7.65,7.70,7.65,7.69,23
2013.07.03,19:00,7.70,7.71,7.69,7.69,48
2013.07.03,20:00,7.70,7.71,7.70,7.70,5
2013.07.05,16:00,7.76,7.76,7.68,7.70,39
2013.07.05,17:00,7.69,7.70,7.66,7.67,23
2013.07.05,18:00,7.66,7.70,7.66,7.69,20
2013.07.05,19:00,7.70,7.72,7.68,7.71,16
2013.07.05,20:00,7.72,7.73,7.71,7.71,22
2013.07.05,21:00,7.70,7.74,7.70,7.74,11
2013.07.05,22:00,7.73,7.80,7.73,7.80,54
2013.07.08,16:00,7.87,7.91,7.79,7.82,66
2013.07.08,17:00,7.83,7.86,7.82,7.85,27
2013.07.08,18:00,7.84,7.87,7.84,7.86,21
2013.07.08,19:00,7.87,7.88,7.85,7.86,22
2013.07.08,20:00,7.85,7.88,7.84,7.87,21
2013.07.08,21:00,7.88,7.91,7.88,7.89,22
2013.07.08,22:00,7.88,7.93,7.88,7.91,84
2013.07.09,16:00,7.98,7.99,7.79,7.79,118
2013.07.09,17:00,7.80,7.85,7.77,7.82,64
2013.07.09,18:00,7.81,7.91,7.81,7.84,48
2013.07.09,19:00,7.83,7.91,7.83,7.89,25
2013.07.09,20:00,7.90,7.90,7.86,7.86,32
2013.07.09,21:00,7.87,7.89,7.86,7.89,31
2013.07.09,22:00,7.88,7.90,7.87,7.89,70
2013.07.10,16:00,7.91,7.91,7.87,7.88,35
2013.07.10,17:00,7.87,7.87,7.84,7.85,35
2013.07.10,18:00,7.86,7.89,7.84,7.87,18
2013.07.10,19:00,7.88,7.90,7.87,7.89,12
2013.07.10,20:00,7.90,7.90,7.87,7.89,18
2013.07.10,21:00,7.88,7.92,7.86,7.88,50
2013.07.10,22:00,7.89,7.91,7.86,7.90,40
2013.07.11,16:00,8.01,8.02,7.98,8.00,32
2013.07.11,17:00,8.01,8.02,7.98,8.02,48
2013.07.11,18:00,8.03,8.04,8.01,8.03,19
2013.07.11,19:00,8.02,8.04,8.01,8.03,46
2013.07.11,20:00,8.04,8.04,8.02,8.04,47
2013.07.11,21:00,8.03,8.06,8.03,8.06,44
2013.07.11,22:00,8.05,8.10,8.05,8.09,503
2013.07.12,16:00,8.06,8.13,8.06,8.10,49
2013.07.12,17:00,8.11,8.11,8.06,8.11,31
2013.07.12,18:00,8.12,8.13,8.08,8.09,32
2013.07.12,19:00,8.08,8.11,8.08,8.09,24
2013.07.12,20:00,8.08,8.09,8.05,8.06,31
2013.07.12,21:00,8.05,8.07,8.01,8.07,29
2013.07.12,22:00,8.06,8.10,8.06,8.08,49
2013.07.15,16:00,8.07,8.13,8.07,8.13,34
2013.07.15,17:00,8.14,8.17,8.12,8.15,36
2013.07.15,18:00,8.16,8.17,8.14,8.16,27
2013.07.15,19:00,8.17,8.17,8.16,8.16,24
2013.07.15,20:00,8.15,8.16,8.15,8.16,30
2013.07.15,21:00,8.15,8.16,8.15,8.16,16
2013.07.15,22:00,8.15,8.16,8.15,8.15,45
2013.07.16,16:00,8.17,8.17,8.11,8.14,41
2013.07.16,17:00,8.15,8.16,8.11,8.11,25
2013.07.16,18:00,8.10,8.10,8.07,8.09,20
2013.07.16,19:00,8.10,8.10,8.08,8.08,9
2013.07.16,20:00,8.07,8.08,8.06,8.08,14
2013.07.16,21:00,8.07,8.09,8.07,8.08,16
2013.07.16,22:00,8.09,8.11,8.07,8.10,48
2013.07.17,16:00,8.13,8.14,8.11,8.14,28
2013.07.17,17:00,8.15,8.19,8.13,8.18,38
2013.07.17,18:00,8.17,8.19,8.15,8.15,23
2013.07.17,19:00,8.14,8.18,8.14,8.18,15
2013.07.17,20:00,8.17,8.18,8.17,8.18,28
2013.07.17,21:00,8.17,8.20,8.17,8.20,24
2013.07.17,22:00,8.19,8.20,8.18,8.19,63
2013.07.18,16:00,8.18,8.22,8.17,8.20,17
2013.07.18,17:00,8.21,8.24,8.20,8.23,19
2013.07.18,18:00,8.22,8.23,8.19,8.22,27
2013.07.18,19:00,8.23,8.23,8.21,8.22,14
2013.07.18,20:00,8.23,8.23,8.20,8.20,24
2013.07.18,21:00,8.21,8.22,8.19,8.21,15
2013.07.18,22:00,8.20,8.20,8.18,8.19,32
2013.07.19,16:00,8.22,8.22,8.17,8.19,26
2013.07.19,17:00,8.20,8.20,8.12,8.13,32
2013.07.19,18:00,8.12,8.13,8.07,8.10,31
2013.07.19,19:00,8.11,8.11,8.06,8.07,17
2013.07.19,20:00,8.06,8.08,8.05,8.05,6
2013.07.19,21:00,8.06,8.07,8.05,8.07,12
2013.07.19,22:00,8.06,8.07,8.03,8.06,61
2013.07.22,16:00,8.11,8.11,8.07,8.09,21
2013.07.22,17:00,8.08,8.09,8.07,8.08,29
2013.07.22,18:00,8.09,8.10,8.09,8.10,48
2013.07.22,19:00,8.09,8.10,8.09,8.09,33
2013.07.22,20:00,8.10,8.10,8.09,8.10,55
2013.07.22,21:00,8.09,8.12,8.09,8.11,55
2013.07.22,22:00,8.10,8.11,8.10,8.11,48
2013.07.23,16:00,8.14,8.19,8.13,8.18,25
2013.07.23,17:00,8.17,8.20,8.12,8.12,42
2013.07.23,18:00,8.13,8.13,8.09,8.11,51
2013.07.23,19:00,8.12,8.13,8.11,8.13,52
2013.07.23,20:00,8.12,8.14,8.12,8.12,43
2013.07.23,21:00,8.13,8.13,8.12,8.12,28
2013.07.23,22:00,8.13,8.15,8.12,8.13,81
2013.07.24,16:00,8.11,8.13,8.05,8.05,33
2013.07.24,17:00,8.04,8.07,8.03,8.06,53
2013.07.24,18:00,8.07,8.07,8.04,8.06,52
2013.07.24,19:00,8.07,8.07,8.03,8.03,39
2013.07.24,20:00,8.04,8.04,8.00,8.01,34
2013.07.24,21:00,8.02,8.05,8.01,8.01,32
2013.07.24,22:00,8.02,8.04,8.01,8.04,59
2013.07.25,16:00,8.03,8.10,8.01,8.02,38
2013.07.25,17:00,8.03,8.04,8.00,8.01,23
2013.07.25,18:00,8.00,8.02,7.92,7.95,20
2013.07.25,19:00,7.94,8.01,7.94,8.00,23
2013.07.25,20:00,7.99,8.01,7.99,7.99,13
2013.07.25,21:00,8.00,8.01,7.98,8.00,9
2013.07.25,22:00,7.99,8.05,7.99,8.02,46
2013.07.26,16:00,7.97,8.02,7.96,8.02,26
2013.07.26,17:00,8.03,8.05,7.97,7.97,45
2013.07.26,18:00,7.98,8.03,7.96,8.03,30
2013.07.26,19:00,8.04,8.05,8.03,8.04,13
2013.07.26,20:00,8.03,8.05,8.03,8.04,12
2013.07.26,21:00,8.03,8.06,8.03,8.06,20
2013.07.26,22:00,8.07,8.07,8.05,8.05,39
2013.07.29,16:00,8.03,8.05,8.01,8.02,31
2013.07.29,17:00,8.03,8.04,8.00,8.03,25
2013.07.29,18:00,8.02,8.02,7.99,8.02,19
2013.07.29,19:00,8.01,8.02,8.00,8.02,16
2013.07.29,20:00,8.01,8.03,7.99,8.02,26
2013.07.29,21:00,8.01,8.04,8.01,8.04,28
2013.07.29,22:00,8.03,8.04,8.01,8.02,52
2013.07.30,16:00,8.01,8.01,7.97,7.99,17
2013.07.30,17:00,7.98,8.04,7.98,8.02,25
2013.07.30,18:00,8.01,8.03,7.98,8.02,20
2013.07.30,19:00,8.01,8.02,7.99,8.00,14
2013.07.30,20:00,7.99,8.02,7.98,8.02,26
2013.07.30,21:00,8.01,8.02,8.01,8.01,5
2013.07.30,22:00,8.02,8.05,8.02,8.02,51
2013.07.31,16:00,8.01,8.03,7.99,8.02,24
2013.07.31,17:00,8.03,8.06,8.03,8.03,15
2013.07.31,18:00,8.04,8.04,7.99,7.99,28
2013.07.31,19:00,8.00,8.01,7.98,7.98,19
2013.07.31,20:00,7.99,7.99,7.93,7.94,26
2013.07.31,21:00,7.95,8.00,7.93,7.98,40
2013.07.31,22:00,7.99,8.00,7.93,7.94,34
2013.08.01,16:00,8.00,8.01,7.97,8.00,33
2013.08.01,17:00,7.99,7.99,7.96,7.99,21
2013.08.01,18:00,8.00,8.02,7.97,7.97,20
2013.08.01,19:00,7.98,7.98,7.96,7.96,21
2013.08.01,20:00,7.97,7.97,7.95,7.97,19
2013.08.01,21:00,7.96,7.98,7.96,7.97,24
2013.08.01,22:00,7.96,7.98,7.93,7.94,47
2013.08.02,16:00,7.93,7.98,7.90,7.97,27
2013.08.02,17:00,7.98,8.01,7.95,7.99,20
2013.08.02,18:00,7.98,7.99,7.95,7.95,14
2013.08.02,19:00,7.96,7.98,7.95,7.97,12
2013.08.02,20:00,7.96,7.97,7.92,7.92,14
2013.08.02,21:00,7.91,7.95,7.91,7.93,13
2013.08.02,22:00,7.94,7.96,7.92,7.96,39
2013.08.05,16:00,7.93,7.95,7.90,7.94,28
2013.08.05,17:00,7.95,7.97,7.95,7.95,23
2013.08.05,18:00,7.96,7.97,7.95,7.95,8
2013.08.05,19:00,7.96,7.98,7.96,7.96,7
2013.08.05,20:00,7.95,7.99,7.95,7.99,17
2013.08.05,21:00,7.98,7.99,7.98,7.99,8
2013.08.05,22:00,7.98,8.00,7.98,7.99,22
2013.08.06,16:00,7.95,8.01,7.95,8.00,34
2013.08.06,17:00,8.01,8.02,7.92,7.93,55
2013.08.06,18:00,7.92,7.95,7.91,7.94,27
2013.08.06,19:00,7.95,7.96,7.93,7.94,20
2013.08.06,20:00,7.95,7.95,7.91,7.91,11
2013.08.06,21:00,7.92,7.93,7.91,7.91,14
2013.08.06,22:00,7.90,7.91,7.90,7.90,49
2013.08.07,16:00,7.87,7.90,7.85,7.87,47
2013.08.07,17:00,7.86,7.89,7.84,7.84,37
2013.08.07,18:00,7.85,7.86,7.84,7.84,18
2013.08.07,19:00,7.85,7.86,7.83,7.83,13
2013.08.07,20:00,7.84,7.84,7.80,7.81,22
2013.08.07,21:00,7.82,7.82,7.77,7.78,21
2013.08.07,22:00,7.77,7.78,7.77,7.77,53
2013.08.08,16:00,7.83,7.87,7.78,7.80,52
2013.08.08,17:00,7.81,7.81,7.76,7.79,35
2013.08.08,18:00,7.80,7.88,7.78,7.88,37
2013.08.08,19:00,7.87,7.88,7.85,7.85,23
2013.08.08,20:00,7.86,7.88,7.84,7.88,23
2013.08.08,21:00,7.89,7.91,7.88,7.90,24
2013.08.08,22:00,7.89,7.91,7.89,7.90,36
2013.08.09,16:00,7.93,8.01,7.93,7.99,39
2013.08.09,17:00,7.98,8.02,7.96,7.96,33
2013.08.09,18:00,7.97,8.04,7.92,8.03,50
2013.08.09,19:00,8.04,8.04,8.02,8.03,18
2013.08.09,20:00,8.04,8.07,8.03,8.06,13
2013.08.09,21:00,8.05,8.20,8.05,8.19,37
2013.08.09,22:00,8.20,8.21,8.17,8.20,79
2013.08.12,16:00,8.22,8.27,8.18,8.18,77
2013.08.12,17:00,8.19,8.24,8.19,8.21,59
2013.08.12,18:00,8.22,8.24,8.20,8.21,46
2013.08.12,19:00,8.22,8.23,8.19,8.23,44
2013.08.12,20:00,8.24,8.25,8.21,8.21,32
2013.08.12,21:00,8.22,8.23,8.21,8.23,24
2013.08.12,22:00,8.22,8.25,8.22,8.24,61
2013.08.13,16:00,8.27,8.28,8.22,8.22,32
2013.08.13,17:00,8.23,8.23,8.16,8.20,32
2013.08.13,18:00,8.19,8.21,8.15,8.19,33
2013.08.13,19:00,8.18,8.21,8.17,8.18,21
2013.08.13,20:00,8.19,8.20,8.16,8.16,18
2013.08.13,21:00,8.17,8.17,8.11,8.12,18
2013.08.13,22:00,8.13,8.16,8.12,8.14,40
2013.08.14,16:00,8.13,8.16,8.06,8.15,51
2013.08.14,17:00,8.16,8.21,8.14,8.15,42
2013.08.14,18:00,8.14,8.23,8.14,8.23,38
2013.08.14,19:00,8.22,8.23,8.22,8.23,16
2013.08.14,20:00,8.22,8.23,8.19,8.20,23
2013.08.14,21:00,8.19,8.21,8.18,8.19,33
2013.08.14,22:00,8.20,8.20,8.15,8.16,59
2013.08.15,16:00,8.04,8.12,8.02,8.08,45
2013.08.15,17:00,8.09,8.10,8.03,8.05,31
2013.08.15,18:00,8.06,8.06,8.00,8.00,37
2013.08.15,19:00,8.01,8.06,8.01,8.06,18
2013.08.15,20:00,8.07,8.14,8.07,8.12,38
2013.08.15,21:00,8.13,8.17,8.12,8.16,24
2013.08.15,22:00,8.15,8.16,8.12,8.16,58
2013.08.16,16:00,8.03,8.04,7.94,7.97,55
2013.08.16,17:00,7.96,8.04,7.94,8.04,65
2013.08.16,18:00,8.05,8.07,8.02,8.06,38
2013.08.16,19:00,8.07,8.08,8.04,8.06,18
2013.08.16,20:00,8.05,8.07,8.03,8.04,24
2013.08.16,21:00,8.05,8.07,8.04,8.07,23
2013.08.16,22:00,8.06,8.11,8.05,8.10,77
2013.08.19,16:00,8.07,8.08,7.98,8.01,122
2013.08.19,17:00,8.00,8.03,7.99,8.03,104
2013.08.19,18:00,8.02,8.03,8.01,8.02,77
2013.08.19,19:00,8.03,8.04,8.01,8.01,121
2013.08.19,20:00,8.02,8.02,7.94,7.95,122
2013.08.19,21:00,7.96,7.97,7.94,7.96,91
2013.08.19,22:00,7.97,7.97,7.92,7.93,81
2013.08.20,16:00,7.94,7.97,7.91,7.97,41
2013.08.20,17:00,7.98,7.99,7.94,7.97,26
2013.08.20,18:00,7.98,7.98,7.96,7.98,19
2013.08.20,19:00,7.97,7.99,7.97,7.99,23
2013.08.20,20:00,7.98,7.99,7.96,7.99,28
2013.08.20,21:00,7.98,8.00,7.98,7.98,9
2013.08.20,22:00,7.99,8.01,7.98,7.98,118
2013.08.21,16:00,7.95,7.99,7.93,7.98,56
2013.08.21,17:00,7.97,7.98,7.91,7.92,30
2013.08.21,18:00,7.91,7.93,7.91,7.92,18
2013.08.21,19:00,7.91,7.92,7.89,7.91,17
2013.08.21,20:00,7.90,7.92,7.90,7.90,21
2013.08.21,21:00,7.91,7.93,7.88,7.89,61
2013.08.21,22:00,7.90,7.90,7.82,7.82,49
2013.08.22,16:00,7.90,7.97,7.90,7.94,35
2013.08.22,17:00,7.95,8.03,7.94,7.98,50
2013.08.22,18:00,7.99,8.01,7.96,7.99,73
2013.08.22,19:00,8.00,8.01,7.99,7.99,28
2013.08.22,20:00,8.00,8.02,8.00,8.02,11
2013.08.22,21:00,8.03,8.03,7.99,8.01,19
2013.08.22,22:00,8.02,8.04,8.01,8.03,58
2013.08.23,16:00,8.02,8.06,8.02,8.03,20
2013.08.23,17:00,8.02,8.11,8.00,8.10,27
2013.08.23,18:00,8.11,8.11,8.03,8.03,45
2013.08.23,19:00,8.04,8.06,8.03,8.06,33
2013.08.23,20:00,8.05,8.05,8.02,8.04,42
2013.08.23,21:00,8.03,8.06,8.02,8.06,50
2013.08.23,22:00,8.05,8.06,8.04,8.04,62
2013.08.26,16:00,8.07,8.10,8.03,8.05,40
2013.08.26,17:00,8.04,8.08,8.04,8.07,42
2013.08.26,18:00,8.06,8.10,8.05,8.06,37
2013.08.26,19:00,8.05,8.07,8.04,8.07,55
2013.08.26,20:00,8.08,8.08,8.05,8.05,66
2013.08.26,21:00,8.06,8.08,8.05,8.07,42
2013.08.26,22:00,8.08,8.08,8.05,8.05,78
2013.08.27,16:00,7.99,8.00,7.94,7.97,51
2013.08.27,17:00,7.96,8.02,7.95,8.02,65
2013.08.27,18:00,8.01,8.02,7.97,7.99,29
2013.08.27,19:00,7.98,7.99,7.96,7.98,17
2013.08.27,20:00,7.97,7.98,7.95,7.96,44
2013.08.27,21:00,7.97,7.97,7.92,7.94,56
2013.08.27,22:00,7.95,7.95,7.89,7.91,85
2013.08.28,16:00,7.92,7.94,7.91,7.92,21
2013.08.28,17:00,7.91,7.97,7.90,7.97,23
2013.08.28,18:00,7.96,7.99,7.95,7.98,21
2013.08.28,19:00,7.99,8.00,7.98,7.99,9
2013.08.28,20:00,7.98,8.00,7.98,7.98,12
2013.08.28,21:00,7.97,7.97,7.90,7.93,19
2013.08.28,22:00,7.92,7.96,7.91,7.92,43
2013.08.29,16:00,7.90,7.93,7.87,7.90,42
2013.08.29,17:00,7.89,7.90,7.88,7.89,25
2013.08.29,18:00,7.88,7.93,7.86,7.89,20
2013.08.29,19:00,7.90,7.91,7.88,7.88,15
2013.08.29,20:00,7.89,7.89,7.82,7.82,20
2013.08.29,21:00,7.81,7.82,7.78,7.79,31
2013.08.29,22:00,7.80,7.83,7.78,7.80,55
2013.08.30,16:00,7.79,7.82,7.79,7.81,33
2013.08.30,17:00,7.80,7.81,7.77,7.77,26
2013.08.30,18:00,7.76,7.79,7.73,7.73,52
2013.08.30,19:00,7.74,7.75,7.73,7.74,25
2013.08.30,20:00,7.73,7.74,7.71,7.71,37
2013.08.30,21:00,7.72,7.73,7.67,7.70,39
2013.08.30,22:00,7.69,7.70,7.68,7.68,44
2013.09.03,16:00,7.79,7.83,7.75,7.75,43
2013.09.03,17:00,7.76,7.77,7.72,7.73,26
2013.09.03,18:00,7.74,7.76,7.70,7.73,30
2013.09.03,19:00,7.72,7.74,7.70,7.71,45
2013.09.03,20:00,7.72,7.72,7.70,7.70,21
2013.09.03,21:00,7.71,7.73,7.70,7.72,30
2013.09.03,22:00,7.73,7.74,7.70,7.71,43
2013.09.04,16:00,7.77,7.78,7.73,7.74,44
2013.09.04,17:00,7.75,7.75,7.72,7.73,41
2013.09.04,18:00,7.74,7.77,7.74,7.74,33
2013.09.04,19:00,7.75,7.78,7.74,7.78,26
2013.09.04,20:00,7.77,7.79,7.76,7.77,17
2013.09.04,21:00,7.78,7.79,7.77,7.79,30
2013.09.04,22:00,7.78,7.83,7.77,7.83,58
2013.09.05,16:00,7.82,7.86,7.80,7.84,24
2013.09.05,17:00,7.85,7.86,7.83,7.85,25
2013.09.05,18:00,7.84,7.87,7.84,7.86,15
2013.09.05,19:00,7.85,7.89,7.85,7.88,18
2013.09.05,20:00,7.87,7.90,7.86,7.89,33
2013.09.05,21:00,7.90,7.90,7.87,7.88,17
2013.09.05,22:00,7.89,7.89,7.84,7.85,57
2013.09.06,16:00,7.89,7.92,7.86,7.90,40
2013.09.06,17:00,7.89,7.90,7.85,7.90,28
2013.09.06,18:00,7.89,7.92,7.89,7.91,35
2013.09.06,19:00,7.90,7.91,7.89,7.91,12
2013.09.06,20:00,7.92,7.93,7.90,7.92,21
2013.09.06,21:00,7.91,7.92,7.91,7.92,40
2013.09.06,22:00,7.91,7.92,7.89,7.90,196
2013.09.09,16:00,7.95,8.00,7.93,7.99,28
2013.09.09,17:00,8.00,8.04,7.99,8.03,32
2013.09.09,18:00,8.02,8.08,8.02,8.06,53
2013.09.09,19:00,8.05,8.07,8.02,8.03,61
2013.09.09,20:00,8.02,8.08,8.02,8.08,23
2013.09.09,21:00,8.09,8.10,8.08,8.10,30
2013.09.09,22:00,8.11,8.13,8.07,8.08,142
2013.09.10,16:00,8.05,8.08,7.95,8.06,103
2013.09.10,17:00,8.05,8.09,8.05,8.09,33
2013.09.10,18:00,8.08,8.09,8.03,8.04,53
2013.09.10,19:00,8.05,8.05,8.03,8.04,20
2013.09.10,20:00,8.05,8.05,8.01,8.02,39
2013.09.10,21:00,8.03,8.05,8.02,8.05,31
2013.09.10,22:00,8.04,8.06,8.03,8.04,115
2013.09.11,16:00,8.03,8.06,8.00,8.02,50
2013.09.11,17:00,8.01,8.05,8.00,8.05,31
2013.09.11,18:00,8.06,8.12,8.05,8.12,44
2013.09.11,19:00,8.09,8.13,8.08,8.13,23
2013.09.11,20:00,8.14,8.18,8.14,8.15,34
2013.09.11,21:00,8.14,8.18,8.13,8.16,23
2013.09.11,22:00,8.15,8.18,8.12,8.18,64
2013.09.12,16:00,8.10,8.18,8.09,8.18,25
2013.09.12,17:00,8.17,8.17,8.11,8.13,23
2013.09.12,18:00,8.12,8.14,8.11,8.14,13
2013.09.12,19:00,8.13,8.14,8.11,8.14,14
2013.09.12,20:00,8.13,8.14,8.11,8.11,31
2013.09.12,21:00,8.12,8.16,8.11,8.16,21
2013.09.12,22:00,8.15,8.16,8.12,8.15,27
2013.09.13,16:00,8.14,8.17,8.07,8.08,35
2013.09.13,17:00,8.09,8.13,8.08,8.10,22
2013.09.13,18:00,8.11,8.11,8.07,8.08,12
2013.09.13,19:00,8.07,8.08,8.06,8.06,14
2013.09.13,20:00,8.05,8.07,8.05,8.07,15
2013.09.13,21:00,8.06,8.09,8.05,8.09,16
2013.09.13,22:00,8.08,8.08,8.06,8.07,34
2013.09.16,16:00,8.15,8.16,8.11,8.14,34
2013.09.16,17:00,8.13,8.17,8.12,8.14,38
2013.09.16,18:00,8.15,8.15,8.12,8.12,24
2013.09.16,19:00,8.13,8.16,8.12,8.15,13
2013.09.16,20:00,8.16,8.16,8.10,8.11,22
2013.09.16,21:00,8.12,8.15,8.11,8.12,29
2013.09.16,22:00,8.13,8.13,8.08,8.10,62
2013.09.17,16:00,8.11,8.24,8.11,8.23,41
2013.09.17,17:00,8.22,8.29,8.18,8.27,32
2013.09.17,18:00,8.28,8.28,8.21,8.23,36
2013.09.17,19:00,8.22,8.24,8.20,8.23,26
2013.09.17,20:00,8.24,8.26,8.22,8.23,38
2013.09.17,21:00,8.24,8.25,8.23,8.25,22
2013.09.17,22:00,8.24,8.25,8.24,8.25,50
2013.09.18,16:00,8.24,8.31,8.22,8.29,40
2013.09.18,17:00,8.30,8.32,8.26,8.32,42
2013.09.18,18:00,8.31,8.32,8.30,8.31,27
2013.09.18,19:00,8.30,8.31,8.28,8.29,38
2013.09.18,20:00,8.28,8.33,8.28,8.33,20
2013.09.18,21:00,8.34,8.54,8.34,8.54,105
2013.09.18,22:00,8.53,8.60,8.51,8.55,105
2013.09.19,16:00,8.61,8.67,8.53,8.57,86
2013.09.19,17:00,8.58,8.62,8.55,8.56,59
2013.09.19,18:00,8.57,8.59,8.52,8.52,30
2013.09.19,19:00,8.53,8.53,8.42,8.45,43
2013.09.19,20:00,8.46,8.47,8.41,8.41,24
2013.09.19,21:00,8.42,8.47,8.40,8.43,46
2013.09.19,22:00,8.44,8.44,8.39,8.43,62
2013.09.20,16:00,8.41,8.41,8.26,8.28,52
2013.09.20,17:00,8.29,8.34,8.25,8.34,50
2013.09.20,18:00,8.35,8.36,8.28,8.31,21
2013.09.20,19:00,8.32,8.32,8.29,8.31,16
2013.09.20,20:00,8.30,8.31,8.29,8.30,15
2013.09.20,21:00,8.29,8.31,8.28,8.29,26
2013.09.20,22:00,8.28,8.33,8.27,8.29,58
2013.09.23,16:00,8.25,8.34,8.24,8.31,46
2013.09.23,17:00,8.32,8.36,8.31,8.31,36
2013.09.23,18:00,8.32,8.33,8.29,8.32,30
2013.09.23,19:00,8.33,8.33,8.29,8.30,22
2013.09.23,20:00,8.31,8.31,8.27,8.29,17
2013.09.23,21:00,8.28,8.29,8.27,8.28,19
2013.09.23,22:00,8.29,8.29,8.27,8.28,42
2013.09.24,16:00,8.27,8.31,8.25,8.28,18
2013.09.24,17:00,8.29,8.37,8.28,8.37,38
2013.09.24,18:00,8.38,8.38,8.32,8.34,21
2013.09.24,19:00,8.33,8.34,8.32,8.33,11
2013.09.24,20:00,8.32,8.33,8.32,8.33,16
2013.09.24,21:00,8.32,8.33,8.30,8.33,14
2013.09.24,22:00,8.32,8.33,8.29,8.30,33
2013.09.25,16:00,8.32,8.35,8.29,8.31,28
2013.09.25,17:00,8.32,8.34,8.30,8.34,17
2013.09.25,18:00,8.35,8.36,8.33,8.35,14
2013.09.25,19:00,8.36,8.38,8.35,8.38,11
2013.09.25,20:00,8.39,8.39,8.34,8.35,23
2013.09.25,21:00,8.36,8.36,8.32,8.33,22
2013.09.25,22:00,8.32,8.33,8.31,8.32,33
2013.09.26,16:00,8.31,8.32,8.29,8.31,17
2013.09.26,17:00,8.32,8.34,8.29,8.30,35
2013.09.26,18:00,8.31,8.31,8.25,8.26,26
2013.09.26,19:00,8.27,8.27,8.26,8.27,25
2013.09.26,20:00,8.26,8.28,8.25,8.25,32
2013.09.26,21:00,8.26,8.26,8.24,8.26,27
2013.09.26,22:00,8.25,8.27,8.25,8.26,24
2013.09.27,16:00,8.25,8.26,8.22,8.24,29
2013.09.27,17:00,8.25,8.25,8.19,8.20,28
2013.09.27,18:00,8.19,8.22,8.18,8.22,20
2013.09.27,19:00,8.23,8.24,8.20,8.20,12
2013.09.27,20:00,8.21,8.21,8.19,8.19,19
2013.09.27,21:00,8.18,8.22,8.18,8.22,9
2013.09.27,22:00,8.21,8.21,8.18,8.19,29
2013.09.30,16:00,8.08,8.15,8.06,8.13,32
2013.09.30,17:00,8.14,8.19,8.13,8.14,35
2013.09.30,18:00,8.15,8.15,8.14,8.14,44
2013.09.30,19:00,8.15,8.15,8.12,8.14,26
2013.09.30,20:00,8.13,8.14,8.09,8.10,30
2013.09.30,21:00,8.09,8.14,8.09,8.12,36
2013.09.30,22:00,8.11,8.11,8.07,8.11,75
2013.10.01,16:00,8.08,8.08,8.03,8.03,53
2013.10.01,17:00,8.06,8.11,8.03,8.10,45
2013.10.01,18:00,8.09,8.18,8.09,8.17,37
2013.10.01,19:00,8.16,8.17,8.12,8.13,28
2013.10.01,20:00,8.14,8.14,8.11,8.12,38
2013.10.01,21:00,8.11,8.13,8.10,8.11,25
2013.10.01,22:00,8.12,8.17,8.10,8.16,92
2013.10.02,16:00,7.93,8.02,7.88,8.01,161
2013.10.02,17:00,8.00,8.06,7.97,8.01,85
2013.10.02,18:00,8.00,8.02,7.99,8.00,50
2013.10.02,19:00,7.99,8.03,7.99,8.02,42
2013.10.02,20:00,8.03,8.03,8.00,8.00,54
2013.10.02,21:00,7.99,8.03,7.95,7.96,60
2013.10.02,22:00,7.99,8.02,7.95,8.02,136
2013.10.03,16:00,7.98,7.99,7.96,7.98,48
2013.10.03,17:00,7.99,8.00,7.91,7.91,63
2013.10.03,18:00,7.92,7.92,7.88,7.88,49
2013.10.03,19:00,7.89,7.94,7.87,7.94,58
2013.10.03,20:00,7.93,7.94,7.89,7.91,68
2013.10.03,21:00,7.90,7.91,7.82,7.85,98
2013.10.03,22:00,7.84,7.87,7.84,7.85,121
2013.10.04,16:00,7.88,7.93,7.88,7.90,51
2013.10.04,17:00,7.91,7.97,7.90,7.97,40
2013.10.04,18:00,7.98,7.98,7.95,7.98,68
2013.10.04,19:00,7.97,8.01,7.97,8.01,113
2013.10.04,20:00,8.00,8.03,7.98,8.02,162
2013.10.04,21:00,8.03,8.05,8.00,8.01,110
2013.10.04,22:00,8.00,8.02,7.92,7.96,108
2013.10.07,16:00,7.87,7.92,7.84,7.85,69
2013.10.07,17:00,7.84,7.92,7.84,7.91,70
2013.10.07,18:00,7.92,7.95,7.87,7.89,50
2013.10.07,19:00,7.87,7.90,7.85,7.86,38
2013.10.07,20:00,7.88,7.88,7.85,7.86,32
2013.10.07,21:00,7.85,7.87,7.83,7.84,46
2013.10.07,22:00,7.86,7.99,7.83,7.97,126
2013.10.08,16:00,7.99,7.99,7.91,7.94,56
2013.10.08,17:00,7.96,7.97,7.90,7.92,80
2013.10.08,18:00,7.91,7.94,7.88,7.89,44
2013.10.08,19:00,7.90,7.93,7.88,7.91,56
2013.10.08,20:00,7.90,7.93,7.89,7.90,75
2013.10.08,21:00,7.91,7.94,7.90,7.90,74
2013.10.08,22:00,7.92,7.93,7.89,7.93,157
2013.10.09,16:00,8.15,8.27,8.14,8.26,287
2013.10.09,17:00,8.20,8.27,8.19,8.23,114
2013.10.09,18:00,8.22,8.26,8.15,8.15,63
2013.10.09,19:00,8.16,8.23,8.16,8.23,36
2013.10.09,20:00,8.24,8.29,8.20,8.28,47
2013.10.09,21:00,8.27,8.29,8.25,8.25,67
2013.10.09,22:00,8.28,8.28,8.08,8.09,146
2013.10.10,16:00,8.21,8.24,8.16,8.20,83
2013.10.10,17:00,8.23,8.25,8.19,8.24,48
2013.10.10,18:00,8.25,8.37,8.24,8.29,115
2013.10.10,19:00,8.30,8.33,8.28,8.32,59
2013.10.10,20:00,8.33,8.41,8.31,8.41,60
2013.10.10,21:00,8.40,8.41,8.30,8.33,77
2013.10.10,22:00,8.31,8.38,8.30,8.35,97
2013.10.11,16:00,8.33,8.41,8.32,8.35,41
2013.10.11,17:00,8.36,8.41,8.23,8.29,102
2013.10.11,18:00,8.30,8.37,8.26,8.35,52
2013.10.11,19:00,8.36,8.38,8.35,8.38,20
2013.10.11,20:00,8.37,8.38,8.30,8.33,46
2013.10.11,21:00,8.34,8.36,8.30,8.35,44
2013.10.11,22:00,8.33,8.35,8.28,8.32,99
2013.10.14,16:00,8.29,8.36,8.28,8.34,61
2013.10.14,17:00,8.33,8.37,8.29,8.37,62
2013.10.14,18:00,8.33,8.37,8.33,8.36,29
2013.10.14,19:00,8.35,8.40,8.35,8.40,30
2013.10.14,20:00,8.41,8.45,8.38,8.44,43
2013.10.14,21:00,8.45,8.47,8.42,8.45,37
2013.10.14,22:00,8.46,8.48,8.42,8.44,58
2013.10.15,16:00,8.46,8.48,8.40,8.44,95
2013.10.15,17:00,8.45,8.49,8.44,8.46,55
2013.10.15,18:00,8.45,8.50,8.43,8.46,98
2013.10.15,19:00,8.45,8.46,8.43,8.45,47
2013.10.15,20:00,8.44,8.47,8.41,8.42,70
2013.10.15,21:00,8.43,8.44,8.39,8.43,109
2013.10.15,22:00,8.42,8.45,8.34,8.37,106
2013.10.16,16:00,8.39,8.46,8.37,8.46,55
2013.10.16,17:00,8.40,8.48,8.40,8.48,105
2013.10.16,18:00,8.46,8.48,8.41,8.46,67
2013.10.16,19:00,8.45,8.48,8.44,8.46,57
2013.10.16,20:00,8.47,8.49,8.45,8.46,60
2013.10.16,21:00,8.45,8.51,8.45,8.51,63
2013.10.16,22:00,8.49,8.53,8.49,8.52,92
2013.10.17,16:00,8.50,8.52,8.46,8.50,94
2013.10.17,17:00,8.51,8.54,8.49,8.54,110
2013.10.17,18:00,8.52,8.58,8.51,8.58,47
2013.10.17,19:00,8.57,8.58,8.54,8.58,68
2013.10.17,20:00,8.57,8.58,8.55,8.56,63
2013.10.17,21:00,8.57,8.58,8.55,8.57,61
2013.10.17,22:00,8.56,8.59,8.54,8.57,93
2013.10.18,16:00,8.65,8.66,8.57,8.59,42
2013.10.18,17:00,8.60,8.61,8.52,8.53,85
2013.10.18,18:00,8.54,8.61,8.53,8.59,44
2013.10.18,19:00,8.60,8.61,8.58,8.59,18
2013.10.18,20:00,8.60,8.61,8.55,8.56,19
2013.10.18,21:00,8.57,8.60,8.56,8.59,33
2013.10.18,22:00,8.60,8.63,8.59,8.61,46
2013.10.21,16:00,8.63,8.66,8.62,8.64,28
2013.10.21,17:00,8.65,8.65,8.53,8.57,45
2013.10.21,18:00,8.56,8.59,8.55,8.58,23
2013.10.21,19:00,8.59,8.61,8.58,8.61,35
2013.10.21,20:00,8.60,8.61,8.58,8.61,20
2013.10.21,21:00,8.60,8.60,8.56,8.56,17
2013.10.21,22:00,8.57,8.60,8.56,8.59,39
2013.10.22,16:00,8.64,8.83,8.63,8.82,61
2013.10.22,17:00,8.83,8.86,8.79,8.82,58
2013.10.22,18:00,8.81,8.85,8.81,8.82,42
2013.10.22,19:00,8.83,8.98,8.82,8.95,69
2013.10.22,20:00,8.96,9.09,8.94,9.06,81
2013.10.22,21:00,9.05,9.41,9.05,9.41,233
2013.10.22,22:00,9.42,9.62,9.30,9.36,316
2013.10.23,16:00,9.20,9.21,9.03,9.03,147
2013.10.23,17:00,9.02,9.19,8.99,9.13,116
2013.10.23,18:00,9.12,9.16,9.09,9.13,62
2013.10.23,19:00,9.12,9.16,9.09,9.10,55
2013.10.23,20:00,9.11,9.12,9.09,9.10,46
2013.10.23,21:00,9.11,9.18,9.11,9.16,48
2013.10.23,22:00,9.17,9.28,9.15,9.27,95
2013.10.24,16:00,9.28,9.32,9.16,9.22,84
2013.10.24,17:00,9.21,9.21,9.05,9.10,73
2013.10.24,18:00,9.09,9.23,9.09,9.22,42
2013.10.24,19:00,9.23,9.23,9.15,9.21,40
2013.10.24,20:00,9.20,9.20,9.14,9.14,25
2013.10.24,21:00,9.15,9.21,9.14,9.20,22
2013.10.24,22:00,9.21,9.24,9.18,9.24,48
2013.10.25,16:00,9.25,9.26,9.14,9.19,66
2013.10.25,17:00,9.20,9.22,9.17,9.19,28
2013.10.25,18:00,9.18,9.20,9.13,9.15,48
2013.10.25,19:00,9.14,9.16,9.13,9.14,33
2013.10.25,20:00,9.15,9.21,9.14,9.21,31
2013.10.25,21:00,9.22,9.30,9.20,9.22,39
2013.10.25,22:00,9.23,9.25,9.21,9.23,101
2013.10.28,15:00,9.21,9.36,9.20,9.35,76
2013.10.28,16:00,9.34,9.61,9.34,9.49,130
2013.10.28,17:00,9.50,9.54,9.44,9.45,60
2013.10.28,18:00,9.46,9.52,9.41,9.52,35
2013.10.28,19:00,9.51,9.53,9.49,9.50,28
2013.10.28,20:00,9.51,9.54,9.48,9.54,28
2013.10.28,21:00,9.53,9.55,9.50,9.55,73
2013.10.29,15:00,9.56,9.61,9.46,9.49,52
2013.10.29,16:00,9.48,9.58,9.45,9.56,57
2013.10.29,17:00,9.55,9.56,9.48,9.50,26
2013.10.29,18:00,9.52,9.55,9.50,9.53,32
2013.10.29,19:00,9.52,9.52,9.47,9.49,26
2013.10.29,20:00,9.48,9.52,9.48,9.52,19
2013.10.29,21:00,9.51,9.54,9.48,9.53,69
2013.10.30,15:00,9.48,9.55,9.42,9.54,68
2013.10.30,16:00,9.53,9.57,9.44,9.48,48
2013.10.30,17:00,9.49,9.52,9.41,9.48,35
2013.10.30,18:00,9.47,9.47,9.40,9.47,31
2013.10.30,19:00,9.46,9.47,9.43,9.45,18
2013.10.30,20:00,9.44,9.46,9.35,9.42,52
2013.10.30,21:00,9.41,9.46,9.39,9.45,51
2013.10.31,15:00,9.41,9.50,9.39,9.41,60
2013.10.31,16:00,9.40,9.43,9.38,9.41,44
2013.10.31,17:00,9.40,9.43,9.34,9.34,29
2013.10.31,18:00,9.33,9.34,9.24,9.34,86
2013.10.31,19:00,9.35,9.37,9.30,9.33,49
2013.10.31,20:00,9.34,9.36,9.32,9.32,31
2013.10.31,21:00,9.31,9.34,9.24,9.27,151
2013.11.01,15:00,9.29,9.35,9.26,9.26,74
2013.11.01,16:00,9.27,9.31,9.20,9.24,79
2013.11.01,17:00,9.23,9.26,9.14,9.15,51
2013.11.01,18:00,9.14,9.23,9.14,9.23,34
2013.11.01,19:00,9.22,9.24,9.19,9.24,23
2013.11.01,20:00,9.23,9.26,9.19,9.25,41
2013.11.01,21:00,9.26,9.29,9.25,9.27,50
2013.11.04,16:00,9.34,9.51,9.34,9.50,19
2013.11.04,17:00,9.51,9.69,9.49,9.63,86
2013.11.04,18:00,9.64,9.73,9.62,9.69,61
2013.11.04,19:00,9.70,9.73,9.67,9.72,51
2013.11.04,20:00,9.73,9.96,9.72,9.95,115
2013.11.04,21:00,9.94,9.95,9.81,9.90,107
2013.11.04,22:00,9.87,9.92,9.87,9.91,61
2013.11.05,16:00,9.84,9.84,9.63,9.65,119
2013.11.05,17:00,9.64,9.82,9.64,9.76,83
2013.11.05,18:00,9.77,9.79,9.71,9.75,61
2013.11.05,19:00,9.76,9.82,9.75,9.77,34
2013.11.05,20:00,9.78,9.87,9.77,9.83,36
2013.11.05,21:00,9.82,9.86,9.78,9.83,38
2013.11.05,22:00,9.84,9.86,9.76,9.77,80
2013.11.06,16:00,9.82,9.85,9.74,9.84,78
2013.11.06,17:00,9.85,9.85,9.68,9.68,78
2013.11.06,18:00,9.67,9.73,9.63,9.70,42
2013.11.06,19:00,9.71,9.71,9.67,9.69,21
2013.11.06,20:00,9.68,9.69,9.64,9.65,24
2013.11.06,21:00,9.66,9.68,9.64,9.65,16
2013.11.06,22:00,9.66,9.68,9.61,9.65,66
2013.11.07,16:00,9.36,9.36,8.98,9.17,415
2013.11.07,17:00,9.18,9.19,9.00,9.01,103
2013.11.07,18:00,9.00,9.03,8.90,8.95,124
2013.11.07,19:00,8.96,9.10,8.95,9.06,53
2013.11.07,20:00,9.05,9.05,8.98,9.00,30
2013.11.07,21:00,8.99,8.99,8.87,8.96,64
2013.11.07,22:00,8.95,9.02,8.90,8.92,76
2013.11.08,16:00,9.00,9.01,8.77,8.89,116
2013.11.08,17:00,8.88,9.06,8.87,9.01,123
2013.11.08,18:00,9.02,9.05,8.99,9.02,46
2013.11.08,19:00,9.03,9.04,9.01,9.03,17
2013.11.08,20:00,9.04,9.05,9.01,9.03,28
2013.11.08,21:00,9.02,9.07,9.02,9.02,19
2013.11.08,22:00,9.03,9.05,9.00,9.05,55
2013.11.11,16:00,9.04,9.22,9.04,9.20,76
2013.11.11,17:00,9.19,9.21,9.12,9.13,67
2013.11.11,18:00,9.14,9.14,9.04,9.08,65
2013.11.11,19:00,9.07,9.09,9.04,9.07,35
2013.11.11,20:00,9.06,9.08,9.04,9.08,41
2013.11.11,21:00,9.07,9.07,9.02,9.04,30
2013.11.11,22:00,9.03,9.06,9.01,9.02,52
2013.11.12,16:00,8.99,9.05,8.96,8.97,44
2013.11.12,17:00,8.96,8.99,8.94,8.95,42
2013.11.12,18:00,8.96,8.98,8.92,8.93,28
2013.11.12,19:00,8.92,8.92,8.88,8.90,37
2013.11.12,20:00,8.89,8.91,8.88,8.90,20
2013.11.12,21:00,8.89,8.90,8.84,8.90,24
2013.11.12,22:00,8.91,8.91,8.88,8.91,49
2013.11.13,16:00,8.84,8.88,8.77,8.83,47
2013.11.13,17:00,8.84,8.98,8.82,8.97,40
2013.11.13,18:00,8.96,8.96,8.89,8.92,35
2013.11.13,19:00,8.93,8.95,8.90,8.94,26
2013.11.13,20:00,8.93,8.97,8.92,8.95,21
2013.11.13,21:00,8.94,8.95,8.92,8.93,16
2013.11.13,22:00,8.94,8.99,8.93,8.99,42
2013.11.14,16:00,9.03,9.03,8.94,8.94,32
2013.11.14,17:00,8.93,8.98,8.91,8.94,44
2013.11.14,18:00,8.93,8.93,8.89,8.91,43
2013.11.14,19:00,8.90,8.92,8.89,8.89,30
2013.11.14,20:00,8.90,8.92,8.88,8.92,27
2013.11.14,21:00,8.91,8.99,8.91,8.98,24
2013.11.14,22:00,8.99,9.02,8.94,8.96,52
2013.11.15,16:00,8.99,9.03,8.99,9.02,26
2013.11.15,17:00,9.03,9.06,8.99,9.05,27
2013.11.15,18:00,9.06,9.08,9.00,9.01,38
2013.11.15,19:00,9.02,9.02,8.98,8.98,17
2013.11.15,20:00,8.99,9.01,8.98,9.00,14
2013.11.15,21:00,9.01,9.01,9.00,9.01,15
2013.11.15,22:00,9.02,9.04,9.01,9.02,45
2013.11.18,16:00,9.04,9.08,9.04,9.04,41
2013.11.18,17:00,9.03,9.03,8.98,9.03,35
2013.11.18,18:00,9.02,9.02,9.00,9.02,13
2013.11.18,19:00,9.01,9.04,9.01,9.03,9
2013.11.18,20:00,9.04,9.04,9.01,9.03,54
2013.11.18,21:00,9.04,9.07,9.00,9.00,19
2013.11.18,22:00,8.99,8.99,8.92,8.94,42
2013.11.19,16:00,8.95,9.06,8.95,9.03,42
2013.11.19,17:00,9.04,9.25,9.04,9.22,84
2013.11.19,18:00,9.23,9.29,9.13,9.17,72
2013.11.19,19:00,9.18,9.19,9.13,9.14,47
2013.11.19,20:00,9.13,9.13,9.01,9.05,43
2013.11.19,21:00,9.06,9.16,9.05,9.11,34
2013.11.19,22:00,9.10,9.13,9.07,9.12,53
2013.11.20,16:00,9.08,9.13,9.02,9.05,68
2013.11.20,17:00,9.04,9.10,9.02,9.07,66
2013.11.20,18:00,9.06,9.10,9.04,9.09,36
2013.11.20,19:00,9.10,9.12,9.08,9.08,15
2013.11.20,20:00,9.07,9.13,9.07,9.13,12
2013.11.20,21:00,9.12,9.12,9.05,9.11,62
2013.11.20,22:00,9.10,9.11,9.04,9.04,69
2013.11.21,16:00,9.10,9.16,9.09,9.10,35
2013.11.21,17:00,9.11,9.18,9.07,9.12,72
2013.11.21,18:00,9.13,9.13,9.08,9.09,27
2013.11.21,19:00,9.08,9.11,9.08,9.10,25
2013.11.21,20:00,9.09,9.12,9.09,9.11,21
2013.11.21,21:00,9.10,9.12,9.09,9.10,17
2013.11.21,22:00,9.11,9.12,9.08,9.11,55
2013.11.22,16:00,9.10,9.15,9.07,9.14,43
2013.11.22,17:00,9.15,9.26,9.13,9.21,61
2013.11.22,18:00,9.20,9.22,9.17,9.21,47
2013.11.22,19:00,9.20,9.23,9.19,9.21,38
2013.11.22,20:00,9.20,9.21,9.19,9.20,27
2013.11.22,21:00,9.19,9.22,9.19,9.22,23
2013.11.22,22:00,9.21,9.23,9.19,9.23,51
2013.11.25,16:00,9.71,9.72,9.61,9.66,249
2013.11.25,17:00,9.65,9.74,9.57,9.58,126
2013.11.25,18:00,9.57,9.59,9.51,9.58,76
2013.11.25,19:00,9.57,9.69,9.55,9.64,64
2013.11.25,20:00,9.63,9.63,9.53,9.60,64
2013.11.25,21:00,9.61,9.65,9.59,9.63,39
2013.11.25,22:00,9.62,9.62,9.53,9.59,100
2013.11.26,16:00,9.53,9.55,9.44,9.45,71
2013.11.26,17:00,9.46,9.57,9.42,9.53,58
2013.11.26,18:00,9.54,9.55,9.50,9.52,57
2013.11.26,19:00,9.53,9.58,9.53,9.55,41
2013.11.26,20:00,9.54,9.58,9.53,9.58,32
2013.11.26,21:00,9.59,9.61,9.58,9.60,46
2013.11.26,22:00,9.59,9.66,9.59,9.65,81
2013.11.27,16:00,9.66,9.76,9.63,9.75,80
2013.11.27,17:00,9.74,9.76,9.71,9.74,56
2013.11.27,18:00,9.73,9.73,9.68,9.68,20
2013.11.27,19:00,9.69,9.71,9.66,9.67,21
2013.11.27,20:00,9.68,9.70,9.62,9.62,29
2013.11.27,21:00,9.63,9.65,9.63,9.64,34
2013.11.27,22:00,9.63,9.65,9.62,9.63,101
2013.11.29,16:00,9.69,9.71,9.62,9.65,57
2013.11.29,17:00,9.66,9.69,9.63,9.66,73
2013.11.29,18:00,9.65,9.71,9.64,9.66,36
2013.11.29,19:00,9.67,9.67,9.59,9.60,48
2013.12.02,16:00,9.61,9.62,9.55,9.60,44
2013.12.02,17:00,9.59,9.59,9.51,9.54,68
2013.12.02,18:00,9.53,9.60,9.53,9.60,24
2013.12.02,19:00,9.59,9.64,9.57,9.62,30
2013.12.02,20:00,9.61,9.62,9.53,9.55,47
2013.12.02,21:00,9.56,9.57,9.53,9.55,40
2013.12.02,22:00,9.54,9.56,9.50,9.54,99
2013.12.03,16:00,9.50,9.56,9.45,9.54,69
2013.12.03,17:00,9.55,9.55,9.47,9.48,45
2013.12.03,18:00,9.49,9.51,9.45,9.49,57
2013.12.03,19:00,9.48,9.52,9.48,9.50,19
2013.12.03,20:00,9.49,9.50,9.40,9.41,56
2013.12.03,21:00,9.40,9.44,9.32,9.44,61
2013.12.03,22:00,9.43,9.51,9.39,9.40,94
2013.12.04,16:00,9.37,9.40,9.32,9.32,47
2013.12.04,17:00,9.33,9.44,9.33,9.42,64
2013.12.04,18:00,9.41,9.46,9.40,9.45,55
2013.12.04,19:00,9.44,9.50,9.40,9.47,62
2013.12.04,20:00,9.46,9.47,9.36,9.36,37
2013.12.04,21:00,9.37,9.37,9.34,9.36,38
2013.12.04,22:00,9.35,9.40,9.34,9.35,49
2013.12.05,16:00,9.34,9.39,9.31,9.35,65
2013.12.05,17:00,9.36,9.37,9.33,9.33,40
2013.12.05,18:00,9.34,9.39,9.32,9.35,52
2013.12.05,19:00,9.34,9.37,9.33,9.36,17
2013.12.05,20:00,9.37,9.37,9.34,9.35,25
2013.12.05,21:00,9.36,9.37,9.33,9.34,17
2013.12.05,22:00,9.35,9.36,9.33,9.34,40
2013.12.06,16:00,9.45,9.45,9.38,9.41,39
2013.12.06,17:00,9.42,9.43,9.35,9.41,46
2013.12.06,18:00,9.40,9.41,9.38,9.40,23
2013.12.06,19:00,9.41,9.43,9.39,9.40,22
2013.12.06,20:00,9.39,9.42,9.36,9.36,20
2013.12.06,21:00,9.37,9.39,9.37,9.38,10
2013.12.06,22:00,9.37,9.39,9.34,9.34,54
2013.12.09,16:00,9.39,9.50,9.37,9.50,38
2013.12.09,17:00,9.51,9.51,9.44,9.47,31
2013.12.09,18:00,9.46,9.46,9.43,9.44,15
2013.12.09,19:00,9.45,9.45,9.42,9.44,12
2013.12.09,20:00,9.45,9.48,9.43,9.45,29
2013.12.09,21:00,9.46,9.49,9.46,9.49,44
2013.12.09,22:00,9.48,9.49,9.45,9.46,247
2013.12.10,16:00,9.50,9.57,9.47,9.52,49
2013.12.10,17:00,9.53,9.60,9.53,9.58,32
2013.12.10,18:00,9.57,9.58,9.51,9.51,25
2013.12.10,19:00,9.50,9.56,9.45,9.54,45
2013.12.10,20:00,9.55,9.59,9.53,9.54,28
2013.12.10,21:00,9.53,9.57,9.52,9.56,32
2013.12.10,22:00,9.55,9.57,9.54,9.54,124
2013.12.11,16:00,9.58,9.59,9.45,9.49,35
2013.12.11,17:00,9.48,9.49,9.40,9.44,39
2013.12.11,18:00,9.45,9.45,9.37,9.40,30
2013.12.11,19:00,9.41,9.41,9.37,9.37,23
2013.12.11,20:00,9.36,9.39,9.35,9.37,28
2013.12.11,21:00,9.38,9.38,9.34,9.34,31
2013.12.11,22:00,9.35,9.35,9.30,9.32,131
2013.12.12,16:00,9.30,9.34,9.28,9.31,36
2013.12.12,17:00,9.30,9.43,9.28,9.41,80
2013.12.12,18:00,9.42,9.42,9.31,9.35,41
2013.12.12,19:00,9.34,9.35,9.32,9.34,55
2013.12.12,20:00,9.35,9.35,9.33,9.34,18
2013.12.12,21:00,9.35,9.41,9.35,9.40,80
2013.12.12,22:00,9.41,9.41,9.34,9.36,122
2013.12.13,16:00,9.37,9.46,9.36,9.44,73
2013.12.13,17:00,9.43,9.46,9.38,9.40,52
2013.12.13,18:00,9.41,9.45,9.38,9.44,32
2013.12.13,19:00,9.45,9.48,9.44,9.46,42
2013.12.13,20:00,9.45,9.48,9.43,9.44,38
2013.12.13,21:00,9.45,9.49,9.44,9.47,35
2013.12.13,22:00,9.48,9.50,9.47,9.49,114
2013.12.16,16:00,9.52,9.60,9.50,9.56,73
2013.12.16,17:00,9.57,9.58,9.54,9.57,27
2013.12.16,18:00,9.56,9.58,9.55,9.55,26
2013.12.16,19:00,9.56,9.57,9.55,9.56,13
2013.12.16,20:00,9.55,9.57,9.54,9.57,23
2013.12.16,21:00,9.58,9.58,9.55,9.56,27
2013.12.16,22:00,9.57,9.58,9.53,9.56,52
2013.12.17,16:00,9.53,9.63,9.51,9.62,37
2013.12.17,17:00,9.63,9.64,9.59,9.63,35
2013.12.17,18:00,9.62,9.68,9.59,9.68,53
2013.12.17,19:00,9.67,9.71,9.64,9.71,29
2013.12.17,20:00,9.70,9.73,9.68,9.72,29
2013.12.17,21:00,9.73,9.74,9.69,9.69,39
2013.12.17,22:00,9.70,9.70,9.67,9.69,98
2013.12.18,16:00,9.67,9.78,9.67,9.78,46
2013.12.18,17:00,9.77,9.79,9.75,9.78,44
2013.12.18,18:00,9.77,9.78,9.72,9.72,38
2013.12.18,19:00,9.71,9.72,9.68,9.71,41
2013.12.18,20:00,9.70,9.74,9.68,9.71,40
2013.12.18,21:00,9.70,9.84,9.66,9.81,126
2013.12.18,22:00,9.80,9.83,9.75,9.82,109
2013.12.19,16:00,9.79,9.89,9.76,9.88,65
2013.12.19,17:00,9.89,9.96,9.80,9.90,97
2013.12.19,18:00,9.89,9.93,9.87,9.89,49
2013.12.19,19:00,9.88,9.91,9.86,9.91,38
2013.12.19,20:00,9.92,10.02,9.91,10.02,39
2013.12.19,21:00,10.03,10.04,9.91,9.96,68
2013.12.19,22:00,9.97,9.99,9.93,9.96,90
2013.12.20,16:00,10.00,10.06,9.99,10.00,38
2013.12.20,17:00,10.01,10.07,9.99,10.01,60
2013.12.20,18:00,10.00,10.02,9.98,9.98,35
2013.12.20,19:00,9.99,9.99,9.96,9.99,19
2013.12.20,20:00,9.98,9.98,9.91,9.94,21
2013.12.20,21:00,9.95,9.95,9.93,9.93,13
2013.12.20,22:00,9.94,9.95,9.91,9.93,44
2013.12.23,16:00,9.98,10.06,9.94,10.04,43
2013.12.23,17:00,10.05,10.16,10.04,10.08,78
2013.12.23,18:00,10.07,10.09,10.05,10.07,31
2013.12.23,19:00,10.06,10.09,10.04,10.04,43
2013.12.23,20:00,10.05,10.16,10.05,10.13,33
2013.12.23,21:00,10.12,10.14,10.10,10.12,15
2013.12.23,22:00,10.13,10.14,10.11,10.13,53
2013.12.24,16:00,10.19,10.26,10.17,10.25,45
2013.12.24,17:00,10.26,10.34,10.26,10.32,61
2013.12.24,18:00,10.31,10.39,10.29,10.32,70
2013.12.26,16:00,10.40,10.40,10.33,10.33,39
2013.12.26,17:00,10.34,10.38,10.32,10.37,30
2013.12.26,18:00,10.36,10.39,10.32,10.34,23
2013.12.26,19:00,10.35,10.35,10.33,10.35,15
2013.12.26,20:00,10.34,10.39,10.32,10.39,14
2013.12.26,21:00,10.38,10.46,10.38,10.46,23
2013.12.26,22:00,10.47,10.48,10.40,10.42,50
2013.12.27,16:00,10.41,10.49,10.41,10.45,32
2013.12.27,17:00,10.46,10.64,10.45,10.58,65
2013.12.27,18:00,10.57,10.61,10.52,10.58,56
2013.12.27,19:00,10.59,10.61,10.58,10.58,14
2013.12.27,20:00,10.59,10.64,10.59,10.63,19
2013.12.27,21:00,10.64,10.68,10.64,10.65,22
2013.12.27,22:00,10.64,10.68,10.63,10.68,61
2013.12.30,16:00,10.67,10.76,10.65,10.68,76
2013.12.30,17:00,10.67,10.68,10.53,10.55,39
2013.12.30,18:00,10.56,10.62,10.55,10.57,42
2013.12.30,19:00,10.58,10.59,10.55,10.55,18
2013.12.30,20:00,10.56,10.59,10.56,10.58,19
2013.12.30,21:00,10.57,10.58,10.55,10.56,12
2013.12.30,22:00,10.57,10.57,10.50,10.52,96
2013.12.31,16:00,10.53,10.63,10.52,10.63,44
2013.12.31,17:00,10.64,10.69,10.64,10.67,42
2013.12.31,18:00,10.66,10.67,10.58,10.59,28
2014.01.02,16:00,10.52,10.57,10.46,10.48,68
2014.01.02,17:00,10.47,10.47,10.30,10.43,100
2014.01.02,18:00,10.42,10.49,10.42,10.46,41
2014.01.02,19:00,10.45,10.48,10.41,10.46,31
2014.01.02,20:00,10.47,10.50,10.47,10.50,31
2014.01.02,21:00,10.49,10.54,10.48,10.52,22
2014.01.02,22:00,10.53,10.55,10.47,10.51,65
2014.01.03,16:00,10.54,10.66,10.51,10.62,69
2014.01.03,17:00,10.63,10.63,10.54,10.60,46
2014.01.03,18:00,10.61,10.61,10.50,10.52,30
2014.01.03,19:00,10.51,10.58,10.50,10.55,21
2014.01.03,20:00,10.54,10.54,10.47,10.49,22
2014.01.03,21:00,10.50,10.55,10.49,10.54,19
2014.01.03,22:00,10.55,10.57,10.54,10.56,80
2014.01.06,16:00,10.64,10.66,10.57,10.61,73
2014.01.06,17:00,10.60,10.60,10.50,10.52,71
2014.01.06,18:00,10.51,10.53,10.46,10.51,63
2014.01.06,19:00,10.50,10.52,10.46,10.47,30
2014.01.06,20:00,10.48,10.55,10.46,10.55,40
2014.01.06,21:00,10.54,10.56,10.52,10.55,46
2014.01.06,22:00,10.54,10.55,10.52,10.52,85
2014.01.07,16:00,10.51,10.56,10.42,10.49,70
2014.01.07,17:00,10.50,10.52,10.49,10.51,28
2014.01.07,18:00,10.50,10.53,10.49,10.51,24
2014.01.07,19:00,10.50,10.51,10.50,10.51,2
2014.01.07,20:00,10.50,10.58,10.50,10.58,13
2014.01.07,21:00,10.57,10.58,10.53,10.56,14
2014.01.07,22:00,10.57,10.57,10.51,10.53,67
2014.01.08,16:00,10.48,10.62,10.47,10.56,77
2014.01.08,17:00,10.55,10.68,10.53,10.64,54
2014.01.08,18:00,10.65,10.65,10.58,10.65,41
2014.01.08,19:00,10.64,10.74,10.64,10.72,40
2014.01.08,20:00,10.71,10.80,10.71,10.75,35
2014.01.08,21:00,10.74,10.86,10.73,10.78,82
2014.01.08,22:00,10.79,10.83,10.74,10.81,109
2014.01.09,16:00,10.83,10.88,10.62,10.64,170
2014.01.09,17:00,10.65,10.66,10.49,10.56,149
2014.01.09,18:00,10.55,10.58,10.51,10.54,64
2014.01.09,19:00,10.55,10.65,10.53,10.63,55
2014.01.09,20:00,10.64,10.68,10.61,10.64,43
2014.01.09,21:00,10.65,10.67,10.62,10.62,36
2014.01.09,22:00,10.63,10.71,10.59,10.68,156
2014.01.10,16:00,9.96,10.04,9.82,9.99,417
2014.01.10,17:00,9.98,10.15,9.97,10.06,177
2014.01.10,18:00,10.05,10.19,10.03,10.17,133
2014.01.10,19:00,10.18,10.18,10.09,10.09,72
2014.01.10,20:00,10.08,10.13,10.06,10.07,52
2014.01.10,21:00,10.08,10.16,10.07,10.11,58
2014.01.10,22:00,10.10,10.15,10.05,10.10,139
2014.01.13,16:00,10.17,10.24,10.12,10.23,93
2014.01.13,17:00,10.22,10.23,10.14,10.15,50
2014.01.13,18:00,10.16,10.17,10.12,10.13,34
2014.01.13,19:00,10.12,10.17,10.09,10.14,51
2014.01.13,20:00,10.13,10.15,10.11,10.14,34
2014.01.13,21:00,10.13,10.14,10.08,10.09,49
2014.01.13,22:00,10.08,10.11,10.04,10.09,96
2014.01.14,16:00,10.16,10.25,10.15,10.20,107
2014.01.14,17:00,10.21,10.35,10.20,10.28,128
2014.01.14,18:00,10.29,10.30,10.19,10.22,64
2014.01.14,19:00,10.23,10.27,10.22,10.23,55
2014.01.14,20:00,10.24,10.25,10.21,10.22,43
2014.01.14,21:00,10.21,10.26,10.21,10.24,50
2014.01.14,22:00,10.23,10.31,10.23,10.30,138
2014.01.15,16:00,10.36,10.49,10.35,10.46,102
2014.01.15,17:00,10.45,10.54,10.45,10.48,62
2014.01.15,18:00,10.49,10.51,10.45,10.47,157
2014.01.15,19:00,10.48,10.51,10.47,10.48,109
2014.01.15,20:00,10.49,10.56,10.49,10.56,24
2014.01.15,21:00,10.57,10.59,10.55,10.58,24
2014.01.15,22:00,10.57,10.58,10.54,10.58,96
2014.01.16,16:00,10.61,10.74,10.58,10.73,83
2014.01.16,17:00,10.72,10.80,10.69,10.78,92
2014.01.16,18:00,10.79,10.90,10.79,10.89,59
2014.01.16,19:00,10.90,10.99,10.89,10.99,43
2014.01.16,20:00,10.98,10.98,10.90,10.92,111
2014.01.16,21:00,10.91,10.99,10.91,10.98,126
2014.01.16,22:00,10.97,11.03,10.95,11.03,91
2014.01.17,16:00,11.04,11.19,11.03,11.08,128
2014.01.17,17:00,11.09,11.36,11.07,11.36,174
2014.01.17,18:00,11.37,11.48,11.36,11.47,108
2014.01.17,19:00,11.48,11.51,11.39,11.41,61
2014.01.17,20:00,11.40,11.44,11.39,11.42,29
2014.01.17,21:00,11.41,11.41,11.31,11.33,81
2014.01.17,22:00,11.32,11.41,11.31,11.34,81
2014.01.21,16:00,11.79,12.21,11.76,12.16,337
2014.01.21,17:00,12.17,12.18,11.82,12.10,310
2014.01.21,18:00,12.11,12.17,12.01,12.15,131
2014.01.21,19:00,12.14,12.25,12.10,12.23,84
2014.01.21,20:00,12.24,12.30,12.22,12.24,105
2014.01.21,21:00,12.23,12.25,12.04,12.11,137
2014.01.21,22:00,12.12,12.15,12.00,12.11,155
2014.01.22,16:00,12.19,12.31,12.11,12.27,202
2014.01.22,17:00,12.26,12.31,12.02,12.06,166
2014.01.22,18:00,12.05,12.17,12.05,12.09,97
2014.01.22,19:00,12.08,12.12,12.04,12.10,65
2014.01.22,20:00,12.11,12.19,12.11,12.14,70
2014.01.22,21:00,12.13,12.20,12.13,12.19,37
2014.01.22,22:00,12.20,12.25,12.16,12.21,118
2014.01.23,16:00,12.04,12.21,12.00,12.10,176
2014.01.23,17:00,12.11,12.13,12.04,12.04,105
2014.01.23,18:00,12.05,12.09,12.02,12.08,54
2014.01.23,19:00,12.09,12.13,12.06,12.06,51
2014.01.23,20:00,12.05,12.05,11.99,12.00,30
2014.01.23,21:00,12.01,12.05,11.98,12.04,40
2014.01.23,22:00,12.03,12.06,12.00,12.05,59
2014.01.24,16:00,11.90,11.96,11.72,11.73,113
2014.01.24,17:00,11.74,11.83,11.50,11.56,155
2014.01.24,18:00,11.55,11.62,11.51,11.57,150
2014.01.24,19:00,11.58,11.58,11.50,11.57,60
2014.01.24,20:00,11.56,11.58,11.48,11.52,59
2014.01.24,21:00,11.51,11.51,11.39,11.47,75
2014.01.24,22:00,11.46,11.55,11.40,11.43,135
2014.01.27,16:00,11.52,11.64,11.52,11.60,101
2014.01.27,17:00,11.59,11.66,11.51,11.60,106
2014.01.27,18:00,11.59,11.63,11.47,11.48,80
2014.01.27,19:00,11.47,11.49,11.37,11.46,76
2014.01.27,20:00,11.47,11.65,11.47,11.63,62
2014.01.27,21:00,11.64,11.81,11.63,11.78,64
2014.01.27,22:00,11.77,11.78,11.61,11.62,104
2014.01.28,16:00,11.74,11.83,11.70,11.77,91
2014.01.28,17:00,11.78,11.87,11.78,11.85,79
2014.01.28,18:00,11.86,11.88,11.78,11.83,58
2014.01.28,19:00,11.84,11.85,11.77,11.80,38
2014.01.28,20:00,11.81,11.85,11.79,11.81,40
2014.01.28,21:00,11.80,11.84,11.80,11.82,29
2014.01.28,22:00,11.84,11.88,11.81,11.85,68
2014.01.29,16:00,11.57,11.93,11.57,11.89,133
2014.01.29,17:00,11.90,11.98,11.83,11.96,107
2014.01.29,18:00,11.97,12.18,11.95,12.13,210
2014.01.29,19:00,12.15,12.22,12.09,12.18,108
2014.01.29,20:00,12.19,12.21,12.10,12.18,108
2014.01.29,21:00,12.17,12.20,12.04,12.04,215
2014.01.29,22:00,12.03,12.07,11.94,11.98,117
2014.01.30,16:00,12.03,12.06,11.84,11.84,64
2014.01.30,17:00,11.85,11.89,11.82,11.85,94
2014.01.30,18:00,11.86,12.03,11.82,11.98,66
2014.01.30,19:00,11.99,11.99,11.90,11.95,43
2014.01.30,20:00,11.96,11.98,11.90,11.92,39
2014.01.30,21:00,11.91,11.94,11.87,11.94,34
2014.01.30,22:00,11.95,11.98,11.92,11.94,73
2014.01.31,16:00,11.50,11.66,11.50,11.56,109
2014.01.31,17:00,11.55,11.60,11.45,11.49,123
2014.01.31,18:00,11.50,11.67,11.50,11.66,64
2014.01.31,19:00,11.67,11.71,11.62,11.69,49
2014.01.31,20:00,11.70,11.76,11.67,11.75,44
2014.01.31,21:00,11.76,11.78,11.73,11.73,36
2014.01.31,22:00,11.74,11.74,11.45,11.50,195
2014.02.03,16:00,11.51,11.71,11.49,11.54,95
2014.02.03,17:00,11.53,11.53,11.31,11.35,119
2014.02.03,18:00,11.36,11.40,11.28,11.33,80
2014.02.03,19:00,11.32,11.40,11.29,11.37,48
2014.02.03,20:00,11.36,11.36,11.22,11.27,52
2014.02.03,21:00,11.28,11.29,11.19,11.19,42
2014.02.03,22:00,11.20,11.27,11.19,11.21,86
2014.02.04,16:00,11.25,11.38,11.22,11.35,100
2014.02.04,17:00,11.36,11.44,11.31,11.43,121
2014.02.04,18:00,11.42,11.47,11.40,11.47,74
2014.02.04,19:00,11.46,11.48,11.41,11.43,40
2014.02.04,20:00,11.44,11.47,11.40,11.40,55
2014.02.04,21:00,11.45,11.48,11.38,11.48,59
2014.02.04,22:00,11.49,11.50,11.40,11.45,85
2014.02.05,16:00,11.40,11.41,11.20,11.22,91
2014.02.05,17:00,11.23,11.33,10.92,11.00,253
2014.02.05,18:00,11.01,11.09,10.97,11.03,108
2014.02.05,19:00,11.04,11.06,10.98,11.00,51
2014.02.05,20:00,11.01,11.12,11.01,11.11,61
2014.02.05,21:00,11.10,11.14,11.07,11.07,48
2014.02.05,22:00,11.06,11.10,10.99,11.02,67
2014.02.06,16:00,11.06,11.25,11.06,11.17,74
2014.02.06,17:00,11.16,11.23,11.10,11.16,67
2014.02.06,18:00,11.15,11.21,11.15,11.18,40
2014.02.06,19:00,11.19,11.22,11.18,11.19,23
2014.02.06,20:00,11.18,11.18,11.12,11.14,27
2014.02.06,21:00,11.13,11.18,11.11,11.12,34
2014.02.06,22:00,11.11,11.12,10.98,11.04,66
2014.02.07,16:00,11.07,11.17,11.07,11.16,124
2014.02.07,17:00,11.15,11.18,11.04,11.16,148
2014.02.07,18:00,11.15,11.20,11.12,11.16,120
2014.02.07,19:00,11.15,11.15,11.10,11.12,68
2014.02.07,20:00,11.13,11.14,11.10,11.13,49
2014.02.07,21:00,11.14,11.15,11.11,11.15,68
2014.02.07,22:00,11.16,11.19,11.13,11.18,81
2014.02.10,16:00,11.19,11.27,11.17,11.21,68
2014.02.10,17:00,11.22,11.22,10.97,10.97,90
2014.02.10,18:00,10.98,11.06,10.82,11.00,111
2014.02.10,19:00,10.99,11.01,10.92,11.01,57
2014.02.10,20:00,11.00,11.05,10.95,11.05,65
2014.02.10,21:00,11.06,11.06,11.00,11.06,27
2014.02.10,22:00,11.05,11.05,10.99,11.05,39
2014.02.11,16:00,11.22,11.32,11.14,11.14,115
2014.02.11,17:00,11.15,11.21,11.12,11.17,78
2014.02.11,18:00,11.18,11.24,11.17,11.21,50
2014.02.11,19:00,11.22,11.27,11.17,11.22,23
2014.02.11,20:00,11.23,11.35,11.23,11.35,73
2014.02.11,21:00,11.34,11.37,11.32,11.33,86
2014.02.11,22:00,11.34,11.37,11.31,11.32,91
2014.02.12,16:00,11.33,11.47,11.31,11.42,76
2014.02.12,17:00,11.43,11.45,11.36,11.37,63
2014.02.12,18:00,11.36,11.40,11.30,11.31,48
2014.02.12,19:00,11.30,11.36,11.30,11.31,30
2014.02.12,20:00,11.30,11.31,11.28,11.29,28
2014.02.12,21:00,11.28,11.30,11.21,11.25,24
2014.02.12,22:00,11.26,11.30,11.24,11.25,50
2014.02.13,16:00,11.15,11.28,11.12,11.27,67
2014.02.13,17:00,11.28,11.30,11.23,11.27,60
2014.02.13,18:00,11.26,11.29,11.24,11.28,21
2014.02.13,19:00,11.27,11.34,11.27,11.34,12
2014.02.13,20:00,11.35,11.44,11.34,11.44,26
2014.02.13,21:00,11.43,11.44,11.37,11.39,31
2014.02.13,22:00,11.38,11.42,11.37,11.39,32
2014.02.14,16:00,11.36,11.48,11.36,11.41,78
2014.02.14,17:00,11.40,11.42,11.31,11.31,67
2014.02.14,18:00,11.32,11.38,11.30,11.31,32
2014.02.14,19:00,11.30,11.36,11.30,11.35,20
2014.02.14,20:00,11.34,11.39,11.34,11.39,12
2014.02.14,21:00,11.38,11.38,11.37,11.38,11
2014.02.14,22:00,11.37,11.38,11.34,11.36,36
2014.02.18,16:00,11.34,11.41,11.20,11.26,90
2014.02.18,17:00,11.25,11.40,11.23,11.31,81
2014.02.18,18:00,11.30,11.39,11.28,11.38,27
2014.02.18,19:00,11.39,11.42,11.36,11.41,31
2014.02.18,20:00,11.42,11.42,11.37,11.39,24
2014.02.18,21:00,11.40,11.41,11.38,11.38,23
2014.02.18,22:00,11.37,11.42,11.36,11.39,53
2014.02.19,16:00,11.36,11.58,11.34,11.58,90
2014.02.19,17:00,11.59,11.94,11.57,11.94,132
2014.02.19,18:00,11.95,11.98,11.78,11.78,86
2014.02.19,19:00,11.77,11.86,11.71,11.81,73
2014.02.19,20:00,11.82,11.89,11.82,11.85,32
2014.02.19,21:00,11.84,11.89,11.79,11.84,93
2014.02.19,22:00,11.83,11.86,11.75,11.75,85
2014.02.20,16:00,11.74,11.83,11.59,11.77,127
2014.02.20,17:00,11.76,11.82,11.70,11.79,116
2014.02.20,18:00,11.80,11.80,11.72,11.74,63
2014.02.20,19:00,11.73,11.76,11.72,11.72,34
2014.02.20,20:00,11.73,11.79,11.71,11.75,33
2014.02.20,21:00,11.76,11.79,11.72,11.79,32
2014.02.20,22:00,11.78,11.79,11.76,11.76,52
2014.02.21,16:00,11.83,11.88,11.79,11.86,82
2014.02.21,17:00,11.85,11.89,11.81,11.88,80
2014.02.21,18:00,11.89,11.91,11.82,11.84,30
2014.02.21,19:00,11.83,11.85,11.78,11.80,22
2014.02.21,20:00,11.81,11.84,11.79,11.81,25
2014.02.21,21:00,11.82,11.83,11.75,11.78,35
2014.02.21,22:00,11.79,11.80,11.72,11.72,60
2014.02.24,16:00,11.70,11.76,11.63,11.66,97
2014.02.24,17:00,11.67,11.75,11.63,11.72,56
2014.02.24,18:00,11.73,11.80,11.68,11.73,57
2014.02.24,19:00,11.74,11.77,11.73,11.77,38
2014.02.24,20:00,11.78,11.81,11.76,11.78,19
2014.02.24,21:00,11.79,11.79,11.73,11.76,24
2014.02.24,22:00,11.77,11.78,11.73,11.75,71
2014.02.25,16:00,11.73,11.78,11.66,11.67,76
2014.02.25,17:00,11.68,11.68,11.55,11.66,118
2014.02.25,18:00,11.65,11.77,11.65,11.74,72
2014.02.25,19:00,11.73,11.75,11.64,11.66,56
2014.02.25,20:00,11.65,11.71,11.63,11.66,42
2014.02.25,21:00,11.65,11.68,11.61,11.66,80
2014.02.25,22:00,11.65,11.65,11.57,11.62,82
2014.02.26,16:00,11.65,11.73,11.53,11.73,140
2014.02.26,17:00,11.74,11.92,11.72,11.89,203
2014.02.26,18:00,11.90,11.98,11.89,11.90,75
2014.02.26,19:00,11.91,12.08,11.88,12.04,68
2014.02.26,20:00,12.03,12.15,12.01,12.09,73
2014.02.26,21:00,12.08,12.08,11.92,11.97,67
2014.02.26,22:00,11.98,12.06,11.91,12.04,81
2014.02.27,16:00,12.01,12.14,11.92,12.10,118
2014.02.27,17:00,12.09,12.10,11.96,11.97,109
2014.02.27,18:00,11.98,12.03,11.95,12.01,74
2014.02.27,19:00,12.00,12.02,11.97,11.99,49
2014.02.27,20:00,11.98,11.99,11.95,11.97,52
2014.02.27,21:00,11.96,12.00,11.90,11.98,87
2014.02.27,22:00,11.99,12.03,11.97,12.02,52
2014.02.28,16:00,11.98,12.00,11.91,11.98,70
2014.02.28,17:00,11.99,12.01,11.92,11.95,60
2014.02.28,18:00,11.96,11.98,11.95,11.96,25
2014.02.28,19:00,11.97,11.97,11.86,11.87,34
2014.02.28,20:00,11.86,11.90,11.84,11.85,34
2014.02.28,21:00,11.84,11.86,11.71,11.72,81
2014.02.28,22:00,11.73,11.78,11.69,11.73,127
2014.03.03,16:00,11.54,11.68,11.46,11.68,156
2014.03.03,17:00,11.67,11.75,11.63,11.69,125
2014.03.03,18:00,11.70,11.70,11.59,11.60,71
2014.03.03,19:00,11.59,11.65,11.56,11.63,49
2014.03.03,20:00,11.64,11.68,11.60,11.62,32
2014.03.03,21:00,11.61,11.63,11.57,11.58,50
2014.03.03,22:00,11.57,11.62,11.54,11.61,99
2014.03.04,16:00,11.71,11.77,11.69,11.73,87
2014.03.04,17:00,11.74,11.88,11.69,11.86,61
2014.03.04,18:00,11.85,11.88,11.83,11.83,37
2014.03.04,19:00,11.84,11.84,11.80,11.82,23
2014.03.04,20:00,11.83,11.83,11.65,11.71,65
2014.03.04,21:00,11.70,11.72,11.67,11.69,46
2014.03.04,22:00,11.70,11.79,11.69,11.78,65
2014.03.05,16:00,11.76,11.94,11.71,11.86,78
2014.03.05,17:00,11.87,12.09,11.84,12.07,81
2014.03.05,18:00,12.08,12.11,12.03,12.03,44
2014.03.05,19:00,12.04,12.10,12.03,12.09,24
2014.03.05,20:00,12.08,12.09,12.02,12.03,50
2014.03.05,21:00,12.04,12.13,12.04,12.10,25
2014.03.05,22:00,12.09,12.10,12.05,12.10,52
2014.03.06,16:00,12.17,12.35,12.15,12.31,96
2014.03.06,17:00,12.30,12.31,12.14,12.19,70
2014.03.06,18:00,12.20,12.22,12.09,12.14,79
2014.03.06,19:00,12.15,12.23,12.13,12.21,85
2014.03.06,20:00,12.20,12.22,12.05,12.06,81
2014.03.06,21:00,12.05,12.10,12.05,12.07,67
2014.03.06,22:00,12.08,12.12,12.05,12.06,111
2014.03.07,16:00,12.07,12.09,11.86,11.96,70
2014.03.07,17:00,11.95,12.00,11.91,11.97,55
2014.03.07,18:00,11.96,12.07,11.93,12.06,135
2014.03.07,19:00,12.07,12.21,12.05,12.18,202
2014.03.07,20:00,12.17,12.17,12.09,12.14,116
2014.03.07,21:00,12.15,12.20,12.10,12.15,95
2014.03.07,22:00,12.16,12.18,12.12,12.15,102
2014.03.10,15:00,11.99,11.99,11.74,11.93,171
2014.03.10,16:00,11.94,11.94,11.72,11.73,91
2014.03.10,17:00,11.74,11.81,11.71,11.79,96
2014.03.10,18:00,11.80,11.89,11.79,11.89,84
2014.03.10,19:00,11.88,11.89,11.80,11.83,68
2014.03.10,20:00,11.82,11.89,11.80,11.86,117
2014.03.10,21:00,11.87,11.95,11.85,11.94,160
2014.03.11,15:00,11.98,12.08,11.95,12.04,77
2014.03.11,16:00,12.05,12.34,12.04,12.28,123
2014.03.11,17:00,12.27,12.34,12.14,12.14,103
2014.03.11,18:00,12.15,12.19,12.03,12.15,56
2014.03.11,19:00,12.14,12.28,12.10,12.27,76
2014.03.11,20:00,12.26,12.26,12.10,12.16,68
2014.03.11,21:00,12.15,12.24,12.12,12.19,100
2014.03.12,15:00,12.09,12.26,12.05,12.26,94
2014.03.12,16:00,12.27,12.37,12.10,12.19,116
2014.03.12,17:00,12.18,12.28,12.16,12.21,60
2014.03.12,18:00,12.20,12.24,12.15,12.18,36
2014.03.12,19:00,12.19,12.20,12.13,12.14,18
2014.03.12,20:00,12.15,12.18,12.13,12.16,24
2014.03.12,21:00,12.15,12.19,12.11,12.15,41
2014.03.13,15:00,12.19,12.22,12.11,12.17,58
2014.03.13,16:00,12.16,12.19,12.05,12.06,59
2014.03.13,17:00,12.05,12.09,12.01,12.03,65
2014.03.13,18:00,12.02,12.04,11.89,11.90,49
2014.03.13,19:00,11.89,11.91,11.81,11.86,67
2014.03.13,20:00,11.87,11.88,11.78,11.79,55
2014.03.13,21:00,11.78,11.89,11.77,11.86,57
2014.03.14,15:00,11.91,11.93,11.80,11.86,90
2014.03.14,16:00,11.87,11.89,11.67,11.72,91
2014.03.14,17:00,11.71,11.74,11.60,11.74,116
2014.03.14,18:00,11.73,11.77,11.67,11.74,54
2014.03.14,19:00,11.75,11.81,11.72,11.81,33
2014.03.14,20:00,11.80,11.83,11.76,11.76,31
2014.03.14,21:00,11.77,11.84,11.77,11.83,53
2014.03.17,15:00,11.91,12.04,11.89,12.01,64
2014.03.17,16:00,12.00,12.02,11.89,11.93,74
2014.03.17,17:00,11.94,11.94,11.83,11.86,49
2014.03.17,18:00,11.85,11.89,11.85,11.89,17
2014.03.17,19:00,11.88,11.93,11.86,11.89,22
2014.03.17,20:00,11.90,11.90,11.87,11.89,20
2014.03.17,21:00,11.90,11.93,11.87,11.89,46
2014.03.18,15:00,11.91,11.93,11.84,11.85,62
2014.03.18,16:00,11.86,11.98,11.85,11.95,63
2014.03.18,17:00,11.96,11.99,11.94,11.99,32
2014.03.18,18:00,11.98,12.01,11.97,12.00,33
2014.03.18,19:00,12.01,12.02,11.96,11.98,24
2014.03.18,20:00,11.99,11.99,11.95,11.97,19
2014.03.18,21:00,11.98,12.00,11.97,11.99,36
2014.03.19,15:00,11.98,11.99,11.85,11.97,112
2014.03.19,16:00,11.96,11.96,11.85,11.86,45
2014.03.19,17:00,11.87,11.89,11.84,11.87,31
2014.03.19,18:00,11.88,11.93,11.87,11.90,35
2014.03.19,19:00,11.89,11.93,11.89,11.90,22
2014.03.19,20:00,11.89,11.89,11.84,11.86,65
2014.03.19,21:00,11.87,11.87,11.76,11.82,105
2014.03.20,15:00,11.75,11.82,11.71,11.79,78
2014.03.20,16:00,11.80,11.96,11.79,11.87,72
2014.03.20,17:00,11.88,11.96,11.85,11.95,44
2014.03.20,18:00,11.94,11.98,11.93,11.93,26
2014.03.20,19:00,11.94,11.97,11.90,11.97,24
2014.03.20,20:00,11.96,11.97,11.90,11.91,32
2014.03.20,21:00,11.90,11.93,11.88,11.90,49
2014.03.21,15:00,12.05,12.05,11.94,11.98,80
2014.03.21,16:00,11.99,12.08,11.96,12.02,76
2014.03.21,17:00,12.03,12.06,11.99,12.05,75
2014.03.21,18:00,12.06,12.06,12.02,12.02,37
2014.03.21,19:00,12.03,12.05,11.99,12.00,61
2014.03.21,20:00,11.99,12.00,11.94,11.98,52
2014.03.21,21:00,11.99,12.02,11.96,12.00,74
2014.03.24,15:00,12.06,12.22,12.05,12.19,130
2014.03.24,16:00,12.18,12.19,12.07,12.13,98
2014.03.24,17:00,12.12,12.12,11.98,12.00,97
2014.03.24,18:00,12.01,12.02,11.93,11.97,61
2014.03.24,19:00,11.98,12.01,11.97,11.98,50
2014.03.24,20:00,11.99,12.03,11.97,11.98,56
2014.03.24,21:00,11.99,12.04,11.96,11.99,83
2014.03.25,15:00,12.04,12.19,12.04,12.12,99
2014.03.25,16:00,12.13,12.14,12.01,12.03,101
2014.03.25,17:00,12.02,12.09,12.02,12.04,57
2014.03.25,18:00,12.05,12.07,12.03,12.07,37
2014.03.25,19:00,12.06,12.10,12.04,12.04,37
2014.03.25,20:00,12.05,12.08,12.00,12.00,40
2014.03.25,21:00,12.01,12.06,12.01,12.02,48
2014.03.26,15:00,12.10,12.13,12.02,12.10,74
2014.03.26,16:00,12.11,12.13,12.01,12.02,88
2014.03.26,17:00,12.03,12.08,12.01,12.05,47
2014.03.26,18:00,12.04,12.05,11.99,12.03,40
2014.03.26,19:00,12.04,12.04,11.91,11.96,51
2014.03.26,20:00,11.95,11.95,11.89,11.93,41
2014.03.26,21:00,11.94,11.94,11.84,11.85,56
2014.03.27,15:00,12.18,12.40,12.11,12.30,289
2014.03.27,16:00,12.29,12.67,12.29,12.58,226
2014.03.27,17:00,12.57,12.57,12.39,12.44,93
2014.03.27,18:00,12.45,12.61,12.44,12.60,72
2014.03.27,19:00,12.61,12.64,12.52,12.56,70
2014.03.27,20:00,12.55,12.63,12.54,12.61,45
2014.03.27,21:00,12.60,12.61,12.56,12.59,114
2014.03.28,15:00,12.69,12.74,12.51,12.61,235
2014.03.28,16:00,12.60,12.61,12.49,12.53,115
2014.03.28,17:00,12.54,12.54,12.49,12.52,43
2014.03.28,18:00,12.51,12.58,12.51,12.56,26
2014.03.28,19:00,12.57,12.57,12.52,12.55,60
2014.03.28,20:00,12.54,12.56,12.39,12.46,126
2014.03.28,21:00,12.47,12.49,12.44,12.47,73
2014.03.31,16:00,12.52,12.70,12.50,12.65,182
2014.03.31,17:00,12.66,12.73,12.56,12.69,216
2014.03.31,18:00,12.68,12.79,12.65,12.77,108
2014.03.31,19:00,12.78,12.96,12.77,12.90,183
2014.03.31,20:00,12.89,12.89,12.79,12.80,111
2014.03.31,21:00,12.81,12.88,12.78,12.86,79
2014.03.31,22:00,12.85,12.89,12.82,12.86,100
2014.04.01,16:00,12.94,13.17,12.90,13.04,179
2014.04.01,17:00,13.05,13.07,12.86,12.87,124
2014.04.01,18:00,12.88,12.89,12.79,12.82,87
2014.04.01,19:00,12.83,12.88,12.80,12.84,44
2014.04.01,20:00,12.83,12.89,12.83,12.88,40
2014.04.01,21:00,12.89,12.96,12.87,12.90,48
2014.04.01,22:00,12.91,13.03,12.91,13.02,68
2014.04.02,16:00,12.78,12.89,12.72,12.75,208
2014.04.02,17:00,12.76,12.82,12.70,12.75,94
2014.04.02,18:00,12.74,12.80,12.71,12.79,46
2014.04.02,19:00,12.78,12.81,12.74,12.80,45
2014.04.02,20:00,12.81,12.86,12.79,12.85,57
2014.04.02,21:00,12.84,12.86,12.79,12.82,35
2014.04.02,22:00,12.83,12.88,12.83,12.84,54
2014.04.03,16:00,12.83,12.88,12.73,12.77,61
2014.04.03,17:00,12.78,12.85,12.76,12.79,60
2014.04.03,18:00,12.78,12.80,12.68,12.74,69
2014.04.03,19:00,12.73,12.77,12.72,12.75,53
2014.04.03,20:00,12.76,12.78,12.72,12.77,38
2014.04.03,21:00,12.76,12.78,12.74,12.75,36
2014.04.03,22:00,12.76,12.78,12.71,12.72,57
2014.04.04,16:00,12.79,12.92,12.76,12.92,80
2014.04.04,17:00,12.91,13.06,12.87,12.97,125
2014.04.04,18:00,12.98,12.98,12.78,12.81,84
2014.04.04,19:00,12.82,12.82,12.72,12.75,91
2014.04.04,20:00,12.76,12.80,12.73,12.75,66
2014.04.04,21:00,12.76,12.77,12.61,12.67,88
2014.04.04,22:00,12.68,12.68,12.61,12.63,100
2014.04.07,16:00,12.61,12.79,12.53,12.73,123
2014.04.07,17:00,12.72,12.75,12.53,12.54,183
2014.04.07,18:00,12.53,12.56,12.48,12.49,89
2014.04.07,19:00,12.48,12.50,12.40,12.48,69
2014.04.07,20:00,12.49,12.50,12.36,12.40,89
2014.04.07,21:00,12.41,12.52,12.38,12.52,76
2014.04.07,22:00,12.51,12.55,12.46,12.46,152
2014.04.08,16:00,12.50,12.77,12.47,12.71,164
2014.04.08,17:00,12.72,12.73,12.52,12.59,138
2014.04.08,18:00,12.60,12.62,12.53,12.57,130
2014.04.08,19:00,12.56,12.60,12.47,12.48,73
2014.04.08,20:00,12.49,12.57,12.48,12.54,68
2014.04.08,21:00,12.53,12.56,12.51,12.56,64
2014.04.08,22:00,12.55,12.60,12.52,12.52,104
2014.04.09,16:00,13.05,13.12,12.82,12.88,311
2014.04.09,17:00,12.89,13.15,12.88,13.03,246
2014.04.09,18:00,13.02,13.04,12.92,12.97,153
2014.04.09,19:00,12.96,12.99,12.87,12.95,104
2014.04.09,20:00,12.96,12.98,12.87,12.90,63
2014.04.09,21:00,12.91,13.01,12.89,12.95,117
2014.04.09,22:00,12.94,13.00,12.88,12.99,114
2014.04.10,16:00,13.00,13.03,12.82,12.89,148
2014.04.10,17:00,12.88,12.98,12.88,12.90,109
2014.04.10,18:00,12.89,12.90,12.74,12.74,96
2014.04.10,19:00,12.75,12.78,12.70,12.71,65
2014.04.10,20:00,12.72,12.80,12.72,12.80,67
2014.04.10,21:00,12.81,12.86,12.71,12.72,48
2014.04.10,22:00,12.71,12.77,12.67,12.69,87
2014.04.11,16:00,12.55,12.58,12.40,12.56,198
2014.04.11,17:00,12.55,12.56,12.38,12.46,114
2014.04.11,18:00,12.47,12.49,12.41,12.45,88
2014.04.11,19:00,12.44,12.51,12.42,12.42,125
2014.04.11,20:00,12.43,12.50,12.34,12.47,147
2014.04.11,21:00,12.48,12.55,12.42,12.54,201
2014.04.11,22:00,12.53,12.59,12.50,12.53,105
2014.04.14,16:00,12.55,12.67,12.50,12.66,105
2014.04.14,17:00,12.67,12.75,12.65,12.71,111
2014.04.14,18:00,12.72,12.76,12.70,12.76,55
2014.04.14,19:00,12.77,12.84,12.76,12.82,70
2014.04.14,20:00,12.81,12.91,12.80,12.80,124
2014.04.14,21:00,12.79,12.83,12.75,12.81,78
2014.04.14,22:00,12.80,12.86,12.71,12.85,90
2014.04.15,16:00,12.79,12.89,12.78,12.89,71
2014.04.15,17:00,12.88,12.97,12.79,12.91,138
2014.04.15,18:00,12.90,12.93,12.81,12.86,141
2014.04.15,19:00,12.85,12.86,12.72,12.73,143
2014.04.15,20:00,12.72,12.88,12.71,12.88,102
2014.04.15,21:00,12.89,13.03,12.89,13.00,71
2014.04.15,22:00,12.99,13.07,12.99,13.04,164
2014.04.16,16:00,13.11,13.29,13.10,13.23,102
2014.04.16,17:00,13.22,13.28,13.18,13.26,110
2014.04.16,18:00,13.25,13.34,13.24,13.27,92
2014.04.16,19:00,13.26,13.31,13.21,13.22,111
2014.04.16,20:00,13.21,13.31,13.19,13.31,67
2014.04.16,21:00,13.30,13.36,13.28,13.36,31
2014.04.16,22:00,13.37,13.43,13.34,13.42,78
2014.04.17,16:00,13.49,13.67,13.42,13.49,181
2014.04.17,17:00,13.50,13.56,13.45,13.55,116
2014.04.17,18:00,13.56,13.57,13.41,13.43,96
2014.04.17,19:00,13.42,13.44,13.35,13.37,46
2014.04.17,20:00,13.38,13.47,13.37,13.45,22
2014.04.17,21:00,13.46,13.49,13.46,13.49,16
2014.04.17,22:00,13.48,13.55,13.47,13.53,122
2014.04.21,16:00,13.54,13.54,13.46,13.53,82
2014.04.21,17:00,13.54,13.58,13.52,13.53,67
2014.04.21,18:00,13.54,13.58,13.53,13.56,43
2014.04.21,19:00,13.55,13.57,13.48,13.50,72
2014.04.21,20:00,13.49,13.53,13.47,13.49,43
2014.04.21,21:00,13.48,13.52,13.47,13.52,49
2014.04.21,22:00,13.51,13.51,13.47,13.48,66
2014.04.22,16:00,13.49,13.51,13.37,13.44,91
2014.04.22,17:00,13.45,13.47,13.40,13.40,59
2014.04.22,18:00,13.43,13.44,13.40,13.42,42
2014.04.22,19:00,13.41,13.55,13.41,13.55,25
2014.04.22,20:00,13.56,13.59,13.55,13.56,63
2014.04.22,21:00,13.57,13.59,13.54,13.57,31
2014.04.22,22:00,13.56,13.58,13.50,13.51,84
2014.04.23,16:00,13.48,13.52,13.42,13.50,82
2014.04.23,17:00,13.49,13.53,13.45,13.51,72
2014.04.23,18:00,13.52,13.62,13.48,13.57,98
2014.04.23,19:00,13.56,13.60,13.56,13.60,33
2014.04.23,20:00,13.61,13.62,13.59,13.60,20
2014.04.23,21:00,13.61,13.63,13.58,13.60,40
2014.04.23,22:00,13.59,13.62,13.58,13.62,66
2014.04.24,16:00,13.64,13.69,13.58,13.61,117
2014.04.24,17:00,13.60,13.66,13.56,13.59,127
2014.04.24,18:00,13.58,13.67,13.58,13.63,53
2014.04.24,19:00,13.64,13.67,13.63,13.65,26
2014.04.24,20:00,13.66,13.66,13.58,13.59,22
2014.04.24,21:00,13.60,13.61,13.57,13.57,28
2014.04.24,22:00,13.58,13.59,13.57,13.57,34
2014.04.25,16:00,13.49,13.49,13.21,13.44,137
2014.04.25,17:00,13.43,13.46,13.31,13.34,92
2014.04.25,18:00,13.35,13.44,13.28,13.41,151
2014.04.25,19:00,13.40,13.41,13.29,13.30,93
2014.04.25,20:00,13.29,13.31,13.25,13.30,56
2014.04.25,21:00,13.29,13.29,13.23,13.25,41
2014.04.25,22:00,13.26,13.35,13.26,13.33,50
2014.04.28,16:00,13.34,13.36,13.17,13.31,101
2014.04.28,17:00,13.32,13.35,13.22,13.23,97
2014.04.28,18:00,13.22,13.26,13.16,13.17,96
2014.04.28,19:00,13.16,13.27,13.16,13.21,91
2014.04.28,20:00,13.20,13.20,13.05,13.12,69
2014.04.28,21:00,13.11,13.19,13.06,13.16,52
2014.04.28,22:00,13.17,13.29,13.17,13.23,73
2014.04.29,16:00,13.27,13.31,13.18,13.28,72
2014.04.29,17:00,13.29,13.35,13.27,13.32,74
2014.04.29,18:00,13.33,13.35,13.27,13.32,50
2014.04.29,19:00,13.31,13.39,13.31,13.38,27
2014.04.29,20:00,13.39,13.39,13.34,13.37,23
2014.04.29,21:00,13.36,13.42,13.35,13.42,37
2014.04.29,22:00,13.43,13.44,13.41,13.44,34
2014.04.30,16:00,13.42,13.46,13.36,13.44,86
2014.04.30,17:00,13.43,13.45,13.37,13.39,90
2014.04.30,18:00,13.40,13.40,13.37,13.38,45
2014.04.30,19:00,13.39,13.41,13.38,13.39,35
2014.04.30,20:00,13.38,13.39,13.37,13.39,32
2014.04.30,21:00,13.38,13.48,13.38,13.44,81
2014.04.30,22:00,13.45,13.46,13.36,13.46,86
2014.05.01,16:00,13.44,13.56,13.37,13.49,73
2014.05.01,17:00,13.50,13.59,13.48,13.59,51
2014.05.01,18:00,13.58,13.63,13.58,13.61,38
2014.05.01,19:00,13.62,13.62,13.58,13.61,34
2014.05.01,20:00,13.62,13.63,13.60,13.61,30
2014.05.01,21:00,13.62,13.63,13.59,13.61,37
2014.05.01,22:00,13.62,13.63,13.59,13.63,50
2014.05.02,16:00,13.66,13.73,13.61,13.73,67
2014.05.02,17:00,13.72,13.87,13.72,13.80,114
2014.05.02,18:00,13.79,13.85,13.79,13.84,72
2014.05.02,19:00,13.85,13.86,13.77,13.79,25
2014.05.02,20:00,13.80,13.80,13.77,13.78,25
2014.05.02,21:00,13.77,13.78,13.71,13.72,28
2014.05.02,22:00,13.71,13.72,13.68,13.71,29
2014.05.05,16:00,13.59,13.66,13.53,13.61,97
2014.05.05,17:00,13.62,13.64,13.54,13.59,64
2014.05.05,18:00,13.58,13.61,13.56,13.58,47
2014.05.05,19:00,13.57,13.59,13.52,13.52,20
2014.05.05,20:00,13.53,13.53,13.48,13.50,14
2014.05.05,21:00,13.51,13.55,13.50,13.52,20
2014.05.05,22:00,13.53,13.53,13.51,13.51,43
2014.05.06,16:00,13.50,13.50,13.37,13.38,57
2014.05.06,17:00,13.37,13.42,13.33,13.33,80
2014.05.06,18:00,13.32,13.50,13.32,13.46,109
2014.05.06,19:00,13.45,13.45,13.41,13.41,29
2014.05.06,20:00,13.42,13.42,13.34,13.35,46
2014.05.06,21:00,13.36,13.38,13.30,13.33,50
2014.05.06,22:00,13.32,13.32,13.29,13.30,117
2014.05.07,16:00,13.31,13.40,13.29,13.30,65
2014.05.07,17:00,13.29,13.31,13.24,13.29,77
2014.05.07,18:00,13.28,13.32,13.19,13.30,81
2014.05.07,19:00,13.29,13.33,13.27,13.28,40
2014.05.07,20:00,13.27,13.28,13.24,13.25,27
2014.05.07,21:00,13.23,13.30,13.23,13.29,27
2014.05.07,22:00,13.28,13.32,13.22,13.32,47
2014.05.08,16:00,13.27,13.45,13.27,13.44,52
2014.05.08,17:00,13.45,13.47,13.38,13.39,92
2014.05.08,18:00,13.38,13.42,13.34,13.37,66
2014.05.08,19:00,13.38,13.40,13.36,13.36,29
2014.05.08,20:00,13.35,13.35,13.28,13.31,47
2014.05.08,21:00,13.30,13.31,13.25,13.26,55
2014.05.08,22:00,13.25,13.30,13.22,13.28,60
2014.05.09,16:00,13.31,13.36,13.23,13.24,63
2014.05.09,17:00,13.25,13.26,13.21,13.21,69
2014.05.09,18:00,13.22,13.25,13.17,13.23,60
2014.05.09,19:00,13.24,13.32,13.22,13.30,46
2014.05.09,20:00,13.29,13.31,13.24,13.25,27
2014.05.09,21:00,13.26,13.26,13.22,13.26,25
2014.05.09,22:00,13.27,13.28,13.23,13.25,61
2014.05.12,16:00,13.45,13.68,13.42,13.67,103
2014.05.12,17:00,13.66,13.78,13.65,13.68,135
2014.05.12,18:00,13.69,13.71,13.65,13.70,82
2014.05.12,19:00,13.71,13.75,13.70,13.73,57
2014.05.12,20:00,13.72,13.76,13.71,13.76,33
2014.05.12,21:00,13.75,13.80,13.75,13.78,26
2014.05.12,22:00,13.79,13.81,13.77,13.79,59
2014.05.13,16:00,13.89,13.93,13.86,13.88,50
2014.05.13,17:00,13.89,13.89,13.79,13.81,55
2014.05.13,18:00,13.80,13.81,13.71,13.74,39
2014.05.13,19:00,13.73,13.75,13.71,13.73,22
2014.05.13,20:00,13.74,13.81,13.74,13.79,38
2014.05.13,21:00,13.80,13.81,13.78,13.81,12
2014.05.13,22:00,13.80,13.80,13.75,13.78,57
2014.05.14,16:00,13.76,13.77,13.64,13.65,49
2014.05.14,17:00,13.66,13.69,13.59,13.59,48
2014.05.14,18:00,13.58,13.60,13.56,13.60,15
2014.05.14,19:00,13.61,13.61,13.58,13.60,8
2014.05.14,20:00,13.61,13.64,13.60,13.64,8
2014.05.14,21:00,13.63,13.63,13.52,13.53,35
2014.05.14,22:00,13.54,13.58,13.52,13.56,61
2014.05.15,16:00,13.49,13.52,13.40,13.41,88
2014.05.15,17:00,13.40,13.41,13.36,13.36,61
2014.05.15,18:00,13.37,13.37,13.18,13.19,65
2014.05.15,19:00,13.18,13.23,13.09,13.23,56
2014.05.15,20:00,13.22,13.22,13.14,13.22,39
2014.05.15,21:00,13.23,13.32,13.23,13.32,26
2014.05.15,22:00,13.31,13.32,13.26,13.32,34
2014.05.16,16:00,13.29,13.29,13.18,13.27,75
2014.05.16,17:00,13.28,13.31,13.20,13.30,109
2014.05.16,18:00,13.29,13.46,13.28,13.40,110
2014.05.16,19:00,13.39,13.43,13.38,13.40,46
2014.05.16,20:00,13.39,13.43,13.38,13.41,29
2014.05.16,21:00,13.40,13.45,13.37,13.45,36
2014.05.16,22:00,13.46,13.46,13.42,13.45,54
2014.05.19,16:00,13.39,13.47,13.39,13.47,51
2014.05.19,17:00,13.48,13.49,13.40,13.43,42
2014.05.19,18:00,13.44,13.47,13.44,13.47,10
2014.05.19,19:00,13.46,13.46,13.42,13.44,11
2014.05.19,20:00,13.45,13.51,13.45,13.48,40
2014.05.19,21:00,13.49,13.51,13.47,13.49,55
2014.05.19,22:00,13.50,13.52,13.47,13.50,37
2014.05.20,16:00,13.41,13.41,13.27,13.27,45
2014.05.20,17:00,13.26,13.29,13.19,13.24,83
2014.05.20,18:00,13.23,13.27,13.21,13.23,91
2014.05.20,19:00,13.22,13.22,13.11,13.13,103
2014.05.20,20:00,13.12,13.17,13.01,13.09,124
2014.05.20,21:00,13.10,13.17,13.07,13.07,100
2014.05.20,22:00,13.08,13.17,13.07,13.14,55
2014.05.21,16:00,13.22,13.37,13.15,13.17,81
2014.05.21,17:00,13.18,13.19,13.09,13.09,50
2014.05.21,18:00,13.08,13.09,13.05,13.07,61
2014.05.21,19:00,13.06,13.10,13.04,13.10,21
2014.05.21,20:00,13.09,13.12,13.06,13.08,34
2014.05.21,21:00,13.09,13.13,13.06,13.13,27
2014.05.21,22:00,13.14,13.15,13.10,13.12,45
2014.05.22,16:00,13.24,13.25,13.19,13.21,40
2014.05.22,17:00,13.22,13.23,13.12,13.17,55
2014.05.22,18:00,13.18,13.22,13.14,13.15,46
2014.05.22,19:00,13.16,13.17,13.16,13.17,8
2014.05.22,20:00,13.18,13.23,13.18,13.23,16
2014.05.22,21:00,13.24,13.25,13.23,13.24,7
2014.05.22,22:00,13.25,13.27,13.22,13.22,44
2014.05.23,16:00,13.18,13.37,13.18,13.33,87
2014.05.23,17:00,13.34,13.43,13.34,13.40,73
2014.05.23,18:00,13.39,13.42,13.37,13.38,16
2014.05.23,19:00,13.39,13.46,13.39,13.46,20
2014.05.23,20:00,13.45,13.47,13.44,13.47,39
2014.05.23,21:00,13.46,13.47,13.45,13.47,74
2014.05.23,22:00,13.48,13.53,13.47,13.51,34
2014.05.27,16:00,13.49,13.63,13.49,13.55,144
2014.05.27,17:00,13.56,13.69,13.56,13.63,60
2014.05.27,18:00,13.62,13.62,13.55,13.57,31
2014.05.27,19:00,13.56,13.56,13.54,13.56,11
2014.05.27,20:00,13.55,13.56,13.47,13.47,23
2014.05.27,21:00,13.46,13.47,13.45,13.45,14
2014.05.27,22:00,13.46,13.50,13.45,13.47,24
2014.05.28,16:00,13.46,13.48,13.34,13.36,64
2014.05.28,17:00,13.37,13.43,13.33,13.39,53
2014.05.28,18:00,13.38,13.40,13.36,13.38,31
2014.05.28,19:00,13.39,13.39,13.36,13.37,21
2014.05.28,20:00,13.38,13.40,13.35,13.40,37
2014.05.28,21:00,13.39,13.39,13.35,13.35,15
2014.05.28,22:00,13.36,13.37,13.35,13.35,24
2014.05.29,16:00,13.37,13.42,13.35,13.39,48
2014.05.29,17:00,13.38,13.41,13.31,13.41,76
2014.05.29,18:00,13.40,13.48,13.39,13.43,50
2014.05.29,19:00,13.44,13.47,13.44,13.46,41
2014.05.29,20:00,13.47,13.48,13.46,13.47,11
2014.05.29,21:00,13.48,13.53,13.47,13.52,25
2014.05.29,22:00,13.53,13.57,13.53,13.56,30
2014.05.30,16:00,13.49,13.51,13.40,13.48,62
2014.05.30,17:00,13.47,13.57,13.47,13.47,41
2014.05.30,18:00,13.48,13.49,13.45,13.46,21
2014.05.30,19:00,13.45,13.45,13.40,13.42,16
2014.05.30,20:00,13.43,13.53,13.43,13.53,23
2014.05.30,21:00,13.54,13.59,13.54,13.59,16
2014.05.30,22:00,13.58,13.60,13.57,13.59,26
2014.06.02,16:00,13.76,13.86,13.58,13.58,108
2014.06.02,17:00,13.56,13.63,13.53,13.60,67
2014.06.02,18:00,13.61,13.79,13.60,13.76,42
2014.06.02,19:00,13.77,13.79,13.73,13.78,30
2014.06.02,20:00,13.79,13.83,13.78,13.83,27
2014.06.02,21:00,13.82,13.84,13.79,13.79,26
2014.06.02,22:00,13.80,13.83,13.78,13.82,39
2014.06.03,16:00,13.72,13.75,13.65,13.70,51
2014.06.03,17:00,13.71,13.76,13.71,13.72,34
2014.06.03,18:00,13.71,13.71,13.57,13.59,83
2014.06.03,19:00,13.58,13.63,13.53,13.53,50
2014.06.03,20:00,13.54,13.56,13.53,13.56,21
2014.06.03,21:00,13.57,13.60,13.56,13.60,10
2014.06.03,22:00,13.59,13.65,13.59,13.64,66
2014.06.04,16:00,13.60,13.67,13.54,13.67,73
2014.06.04,17:00,13.68,13.76,13.67,13.75,36
2014.06.04,18:00,13.74,13.75,13.71,13.72,29
2014.06.04,19:00,13.73,13.76,13.72,13.76,14
2014.06.04,20:00,13.75,13.84,13.75,13.80,14
2014.06.04,21:00,13.79,13.80,13.74,13.76,44
2014.06.04,22:00,13.77,13.83,13.75,13.81,41
2014.06.05,16:00,13.80,13.87,13.72,13.76,64
2014.06.05,17:00,13.75,13.85,13.73,13.81,77
2014.06.05,18:00,13.80,14.02,13.80,14.01,64
2014.06.05,19:00,14.02,14.12,14.00,14.00,68
2014.06.05,20:00,13.99,14.03,13.94,13.98,51
2014.06.05,21:00,13.97,14.04,13.96,13.97,43
2014.06.05,22:00,13.98,14.00,13.96,13.98,55
2014.06.06,16:00,13.95,14.02,13.93,14.01,69
2014.06.06,17:00,14.02,14.18,14.02,14.14,77
2014.06.06,18:00,14.15,14.27,14.15,14.25,59
2014.06.06,19:00,14.24,14.31,14.22,14.30,25
2014.06.06,20:00,14.29,14.33,14.26,14.27,35
2014.06.06,21:00,14.28,14.32,14.28,14.32,17
2014.06.06,22:00,14.31,14.34,14.31,14.33,27
2014.06.09,16:00,14.32,14.40,14.30,14.40,60
2014.06.09,17:00,14.41,14.53,14.40,14.48,100
2014.06.09,18:00,14.49,14.56,14.48,14.49,41
2014.06.09,19:00,14.48,14.48,14.42,14.43,28
2014.06.09,20:00,14.42,14.44,14.40,14.41,18
2014.06.09,21:00,14.40,14.40,14.26,14.31,46
2014.06.09,22:00,14.32,14.36,14.31,14.34,29
2014.06.10,16:00,14.25,14.32,14.14,14.14,79
2014.06.10,17:00,14.15,14.25,14.10,14.19,77
2014.06.10,18:00,14.20,14.21,14.15,14.18,57
2014.06.10,19:00,14.17,14.22,14.16,14.22,24
2014.06.10,20:00,14.23,14.23,14.18,14.22,34
2014.06.10,21:00,14.21,14.23,14.21,14.22,24
2014.06.10,22:00,14.21,14.22,14.20,14.22,50
2014.06.11,16:00,14.17,14.18,14.10,14.18,55
2014.06.11,17:00,14.17,14.17,14.10,14.13,61
2014.06.11,18:00,14.14,14.27,14.13,14.27,50
2014.06.11,19:00,14.26,14.28,14.20,14.22,39
2014.06.11,20:00,14.21,14.23,14.18,14.18,18
2014.06.11,21:00,14.19,14.22,14.15,14.20,34
2014.06.11,22:00,14.21,14.22,14.17,14.18,48
2014.06.12,16:00,14.12,14.18,14.03,14.08,87
2014.06.12,17:00,14.09,14.11,14.04,14.05,52
2014.06.12,18:00,14.04,14.14,14.04,14.06,50
2014.06.12,19:00,14.05,14.07,14.01,14.04,24
2014.06.12,20:00,14.03,14.04,13.97,13.99,41
2014.06.12,21:00,13.98,13.99,13.93,13.95,34
2014.06.12,22:00,13.96,14.01,13.93,13.99,76
2014.06.13,16:00,14.08,14.43,14.06,14.39,130
2014.06.13,17:00,14.40,14.48,14.31,14.46,96
2014.06.13,18:00,14.47,14.51,14.34,14.38,86
2014.06.13,19:00,14.39,14.47,14.39,14.46,22
2014.06.13,20:00,14.47,14.49,14.43,14.43,31
2014.06.13,21:00,14.42,14.51,14.42,14.51,16
2014.06.13,22:00,14.52,14.55,14.47,14.50,37
2014.06.16,16:00,14.49,14.50,14.32,14.40,82
2014.06.16,17:00,14.41,14.46,14.37,14.46,59
2014.06.16,18:00,14.45,14.45,14.35,14.35,51
2014.06.16,19:00,14.34,14.38,14.34,14.36,17
2014.06.16,20:00,14.35,14.39,14.33,14.33,19
2014.06.16,21:00,14.34,14.34,14.32,14.32,25
2014.06.16,22:00,14.31,14.36,14.31,14.34,38
2014.06.17,16:00,14.36,14.44,14.27,14.43,103
2014.06.17,17:00,14.44,14.44,14.32,14.37,57
2014.06.17,18:00,14.38,14.44,14.38,14.44,29
2014.06.17,19:00,14.45,14.50,14.45,14.48,14
2014.06.17,20:00,14.49,14.50,14.45,14.49,29
2014.06.17,21:00,14.48,14.50,14.46,14.50,13
2014.06.17,22:00,14.49,14.51,14.47,14.47,19
2014.06.18,16:00,14.42,14.44,14.28,14.35,82
2014.06.18,17:00,14.36,14.39,14.29,14.38,47
2014.06.18,18:00,14.37,14.42,14.35,14.41,29
2014.06.18,19:00,14.42,14.46,14.41,14.46,19
2014.06.18,20:00,14.47,14.50,14.45,14.48,14
2014.06.18,21:00,14.47,14.58,14.46,14.56,61
2014.06.18,22:00,14.55,14.66,14.55,14.63,61
2014.06.19,16:00,14.70,14.70,14.51,14.51,66
2014.06.19,17:00,14.52,14.55,14.43,14.46,131
2014.06.19,18:00,14.47,14.50,14.46,14.49,49
2014.06.19,19:00,14.50,14.50,14.45,14.45,10
2014.06.19,20:00,14.44,14.48,14.41,14.48,19
2014.06.19,21:00,14.49,14.49,14.44,14.44,40
2014.06.19,22:00,14.43,14.45,14.41,14.45,97
2014.06.20,16:00,14.54,14.54,14.46,14.53,45
2014.06.20,17:00,14.52,14.52,14.47,14.50,33
2014.06.20,18:00,14.49,14.51,14.48,14.49,29
2014.06.20,19:00,14.48,14.50,14.47,14.48,14
2014.06.20,20:00,14.49,14.51,14.48,14.51,9
2014.06.20,21:00,14.52,14.55,14.52,14.55,8
2014.06.20,22:00,14.56,14.64,14.55,14.61,44
2014.06.23,16:00,14.66,14.73,14.64,14.70,75
2014.06.23,17:00,14.71,14.75,14.67,14.71,61
2014.06.23,18:00,14.70,14.74,14.70,14.74,35
2014.06.23,19:00,14.73,14.78,14.73,14.74,32
2014.06.23,20:00,14.75,14.75,14.71,14.72,18
2014.06.23,21:00,14.71,14.75,14.71,14.75,17
2014.06.23,22:00,14.74,14.78,14.74,14.76,37
2014.06.24,16:00,14.77,14.78,14.61,14.61,49
2014.06.24,17:00,14.62,14.75,14.61,14.74,87
2014.06.24,18:00,14.75,14.75,14.70,14.70,38
2014.06.24,19:00,14.71,14.71,14.66,14.67,23
2014.06.24,20:00,14.66,14.66,14.60,14.60,29
2014.06.24,21:00,14.61,14.63,14.56,14.56,20
2014.06.24,22:00,14.55,14.55,14.43,14.46,66
2014.06.25,16:00,14.40,14.59,14.40,14.42,98
2014.06.25,17:00,14.41,14.48,14.34,14.48,73
2014.06.25,18:00,14.47,14.47,14.35,14.40,44
2014.06.25,19:00,14.41,14.46,14.41,14.46,14
2014.06.25,20:00,14.47,14.49,14.44,14.48,20
2014.06.25,21:00,14.47,14.49,14.47,14.48,10
2014.06.25,22:00,14.47,14.56,14.47,14.53,25
2014.06.26,16:00,15.07,15.17,14.82,14.86,410
2014.06.26,17:00,14.85,15.05,14.79,14.88,254
2014.06.26,18:00,14.89,14.91,14.73,14.86,134
2014.06.26,19:00,14.87,14.91,14.82,14.86,48
2014.06.26,20:00,14.87,14.96,14.87,14.91,43
2014.06.26,21:00,14.92,14.95,14.87,14.87,26
2014.06.26,22:00,14.88,14.94,14.88,14.93,58
2014.06.27,16:00,14.89,14.91,14.79,14.83,130
2014.06.27,17:00,14.84,14.84,14.75,14.76,59
2014.06.27,18:00,14.77,14.89,14.77,14.89,49
2014.06.27,19:00,14.90,14.92,14.83,14.85,25
2014.06.27,20:00,14.84,14.84,14.75,14.84,47
2014.06.27,21:00,14.83,14.93,14.81,14.93,35
2014.06.27,22:00,14.92,14.99,14.90,14.92,79
2014.06.30,16:00,14.89,14.89,14.74,14.76,79
2014.06.30,17:00,14.78,14.79,14.68,14.69,81
2014.06.30,18:00,14.68,14.77,14.67,14.73,70
2014.06.30,19:00,14.74,14.81,14.71,14.80,27
2014.06.30,20:00,14.79,14.83,14.78,14.83,27
2014.06.30,21:00,14.84,14.86,14.82,14.82,27
2014.06.30,22:00,14.83,14.88,14.81,14.87,65
2014.07.01,16:00,14.92,14.99,14.81,14.83,95
2014.07.01,17:00,14.84,14.84,14.77,14.80,53
2014.07.01,18:00,14.79,14.80,14.75,14.79,35
2014.07.01,19:00,14.78,14.80,14.77,14.78,11
2014.07.01,20:00,14.79,14.80,14.78,14.79,17
2014.07.01,21:00,14.78,14.79,14.74,14.76,25
2014.07.01,22:00,14.75,14.80,14.74,14.78,84
2014.07.02,16:00,14.81,14.87,14.80,14.80,60
2014.07.02,17:00,14.81,14.87,14.79,14.85,61
2014.07.02,18:00,14.86,14.87,14.84,14.85,20
2014.07.02,19:00,14.86,14.87,14.83,14.84,15
2014.07.02,20:00,14.85,14.86,14.85,14.85,13
2014.07.02,21:00,14.86,14.87,14.86,14.86,5
2014.07.02,22:00,14.85,14.86,14.83,14.83,39
2014.07.03,16:00,14.89,14.90,14.82,14.89,54
2014.07.03,17:00,14.90,15.06,14.90,15.01,53
2014.07.03,18:00,15.00,15.01,14.98,14.98,25
2014.07.03,19:00,14.99,15.00,14.95,14.97,59
2014.07.07,16:00,14.96,15.04,14.89,14.91,135
2014.07.07,17:00,14.90,14.93,14.85,14.85,52
2014.07.07,18:00,14.84,14.85,14.79,14.82,49
2014.07.07,19:00,14.83,14.84,14.80,14.81,27
2014.07.07,20:00,14.80,14.81,14.78,14.79,20
2014.07.07,21:00,14.78,14.79,14.73,14.74,29
2014.07.07,22:00,14.75,14.75,14.69,14.73,49
2014.07.08,16:00,14.79,14.88,14.79,14.81,79
2014.07.08,17:00,14.80,14.81,14.70,14.72,63
2014.07.08,18:00,14.71,14.72,14.62,14.64,32
2014.07.08,19:00,14.63,14.74,14.58,14.74,62
2014.07.08,20:00,14.75,14.86,14.75,14.79,55
2014.07.08,21:00,14.78,14.81,14.76,14.81,34
2014.07.08,22:00,14.80,14.84,14.79,14.84,131
2014.07.09,16:00,15.24,15.49,15.16,15.23,485
2014.07.09,17:00,15.24,15.49,15.15,15.37,253
2014.07.09,18:00,15.36,15.56,15.32,15.56,151
2014.07.09,19:00,15.55,15.73,15.54,15.72,134
2014.07.09,20:00,15.73,15.74,15.61,15.63,106
2014.07.09,21:00,15.62,15.74,15.62,15.63,78
2014.07.09,22:00,15.64,15.69,15.57,15.68,83
2014.07.10,16:00,15.55,15.57,15.41,15.53,157
2014.07.10,17:00,15.52,15.73,15.49,15.71,122
2014.07.10,18:00,15.72,15.87,15.70,15.87,80
2014.07.10,19:00,15.88,15.96,15.85,15.85,74
2014.07.10,20:00,15.86,15.87,15.74,15.74,83
2014.07.10,21:00,15.75,15.75,15.58,15.59,118
2014.07.10,22:00,15.58,15.69,15.56,15.61,116
2014.07.11,16:00,15.65,15.85,15.61,15.83,129
2014.07.11,17:00,15.82,15.89,15.80,15.87,101
2014.07.11,18:00,15.86,15.89,15.85,15.87,46
2014.07.11,19:00,15.86,15.90,15.82,15.84,41
2014.07.11,20:00,15.85,15.88,15.85,15.87,19
2014.07.11,21:00,15.88,15.92,15.88,15.89,40
2014.07.11,22:00,15.90,15.97,15.88,15.97,50
2014.07.14,16:00,16.17,16.24,16.01,16.13,298
2014.07.14,17:00,16.15,16.15,15.91,16.03,172
2014.07.14,18:00,16.02,16.07,15.96,16.05,66
2014.07.14,19:00,16.06,16.09,16.03,16.05,36
2014.07.14,20:00,16.06,16.13,16.05,16.06,31
2014.07.14,21:00,16.05,16.13,16.05,16.13,29
2014.07.14,22:00,16.14,16.15,16.08,16.11,76
2014.07.15,16:00,16.12,16.18,16.04,16.11,106
2014.07.15,17:00,16.12,16.15,15.99,16.05,190
2014.07.15,18:00,16.04,16.10,15.95,15.96,103
2014.07.15,19:00,15.95,16.04,15.93,16.02,70
2014.07.15,20:00,16.03,16.16,16.03,16.09,48
2014.07.15,21:00,16.10,16.11,16.07,16.09,28
2014.07.15,22:00,16.08,16.12,16.01,16.12,65
2014.07.16,16:00,16.17,16.30,16.11,16.29,83
2014.07.16,17:00,16.30,16.45,16.29,16.44,107
2014.07.16,18:00,16.43,16.54,16.43,16.48,84
2014.07.16,19:00,16.47,16.56,16.47,16.56,30
2014.07.16,20:00,16.57,16.66,16.57,16.59,49
2014.07.16,21:00,16.58,16.70,16.54,16.64,57
2014.07.16,22:00,16.63,16.69,16.56,16.58,64
2014.07.17,16:00,16.44,16.55,16.39,16.53,118
2014.07.17,17:00,16.54,16.56,16.40,16.42,118
2014.07.17,18:00,16.43,16.46,16.37,16.41,87
2014.07.17,19:00,16.42,16.49,16.39,16.48,65
2014.07.17,20:00,16.49,16.51,16.39,16.40,50
2014.07.17,21:00,16.39,16.42,16.37,16.39,67
2014.07.17,22:00,16.40,16.40,16.26,16.32,72
2014.07.18,16:00,16.34,16.54,16.34,16.53,192
2014.07.18,17:00,16.52,16.56,16.43,16.46,151
2014.07.18,18:00,16.44,16.46,16.40,16.44,52
2014.07.18,19:00,16.43,16.51,16.43,16.44,40
2014.07.18,20:00,16.43,16.46,16.39,16.45,35
2014.07.18,21:00,16.46,16.49,16.44,16.45,20
2014.07.18,22:00,16.46,16.48,16.44,16.47,24
2014.07.21,16:00,16.39,16.49,16.35,16.46,96
2014.07.21,17:00,16.47,16.47,16.39,16.43,67
2014.07.21,18:00,16.42,16.54,16.42,16.54,51
2014.07.21,19:00,16.53,16.56,16.50,16.54,46
2014.07.21,20:00,16.55,16.62,16.53,16.60,38
2014.07.21,21:00,16.61,16.62,16.56,16.59,45
2014.07.21,22:00,16.58,16.67,16.53,16.61,68
2014.07.22,16:00,16.69,16.93,16.68,16.84,142
2014.07.22,17:00,16.85,16.88,16.81,16.88,104
2014.07.22,18:00,16.87,16.96,16.84,16.95,63
2014.07.22,19:00,16.96,16.97,16.89,16.93,155
2014.07.22,20:00,16.92,17.03,16.92,17.03,43
2014.07.22,21:00,17.04,17.13,17.00,17.07,62
2014.07.22,22:00,17.08,17.14,17.07,17.08,71
2014.07.23,16:00,17.11,17.18,16.99,17.16,139
2014.07.23,17:00,17.15,17.19,17.09,17.12,88
2014.07.23,18:00,17.11,17.11,17.03,17.06,72
2014.07.23,19:00,17.07,17.09,17.01,17.06,62
2014.07.23,20:00,17.07,17.15,17.07,17.15,47
2014.07.23,21:00,17.16,17.16,17.04,17.07,42
2014.07.23,22:00,17.06,17.09,17.03,17.05,58
2014.07.24,16:00,17.04,17.16,17.01,17.04,144
2014.07.24,17:00,17.05,17.09,17.01,17.07,101
2014.07.24,18:00,17.06,17.10,17.02,17.04,49
2014.07.24,19:00,17.05,17.06,17.01,17.02,28
2014.07.24,20:00,17.03,17.08,17.01,17.03,36
2014.07.24,21:00,17.02,17.02,17.01,17.01,18
2014.07.24,22:00,17.00,17.02,16.96,16.99,46
2014.07.25,16:00,16.89,16.91,16.69,16.85,106
2014.07.25,17:00,16.86,16.87,16.73,16.75,120
2014.07.25,18:00,16.74,16.76,16.71,16.73,51
2014.07.25,19:00,16.72,16.72,16.65,16.68,41
2014.07.25,20:00,16.67,16.71,16.64,16.67,39
2014.07.25,21:00,16.66,16.72,16.64,16.64,39
2014.07.25,22:00,16.63,16.63,16.52,16.54,94
2014.07.28,16:00,16.62,16.77,16.59,16.77,142
2014.07.28,17:00,16.76,16.76,16.62,16.67,96
2014.07.28,18:00,16.66,16.83,16.65,16.81,71
2014.07.28,19:00,16.82,16.85,16.76,16.82,116
2014.07.28,20:00,16.81,16.92,16.81,16.91,75
2014.07.28,21:00,16.90,16.97,16.90,16.97,48
2014.07.28,22:00,16.96,17.02,16.95,17.01,64
2014.07.29,16:00,17.09,17.09,16.94,16.99,104
2014.07.29,17:00,17.00,17.11,16.98,17.08,116
2014.07.29,18:00,17.09,17.13,17.02,17.02,86
2014.07.29,19:00,17.03,17.11,17.03,17.09,59
2014.07.29,20:00,17.08,17.09,17.02,17.04,43
2014.07.29,21:00,17.03,17.04,16.91,16.97,59
2014.07.29,22:00,16.96,16.99,16.90,16.90,54
2014.07.30,16:00,16.98,17.04,16.81,16.82,119
2014.07.30,17:00,16.81,16.90,16.71,16.72,109
2014.07.30,18:00,16.71,16.88,16.62,16.77,136
2014.07.30,19:00,16.76,16.76,16.68,16.68,33
2014.07.30,20:00,16.69,16.71,16.65,16.69,41
2014.07.30,21:00,16.68,16.81,16.67,16.68,87
2014.07.30,22:00,16.67,16.74,16.65,16.70,58
2014.07.31,16:00,16.59,16.60,16.11,16.30,301
2014.07.31,17:00,16.29,16.49,16.24,16.32,154
2014.07.31,18:00,16.31,16.39,16.25,16.25,114
2014.07.31,19:00,16.26,16.33,16.17,16.31,103
2014.07.31,20:00,16.32,16.56,16.31,16.54,76
2014.07.31,21:00,16.53,16.54,16.38,16.43,75
2014.07.31,22:00,16.42,16.49,16.38,16.38,77
2014.08.01,16:00,16.24,16.56,16.20,16.54,131
2014.08.01,17:00,16.55,16.60,16.41,16.44,119
2014.08.01,18:00,16.45,16.46,16.26,16.30,75
2014.08.01,19:00,16.31,16.46,16.31,16.45,64
2014.08.01,20:00,16.46,16.51,16.42,16.51,63
2014.08.01,21:00,16.50,16.53,16.43,16.46,51
2014.08.01,22:00,16.45,16.48,16.38,16.44,56
2014.08.04,16:00,16.57,16.71,16.44,16.47,190
2014.08.04,17:00,16.46,16.63,16.44,16.57,147
2014.08.04,18:00,16.58,16.65,16.54,16.59,76
2014.08.04,19:00,16.58,16.70,16.57,16.70,33
2014.08.04,20:00,16.69,16.71,16.61,16.70,54
2014.08.04,21:00,16.71,16.73,16.66,16.69,35
2014.08.04,22:00,16.70,16.72,16.68,16.69,46
2014.08.05,16:00,16.57,16.62,16.48,16.49,125
2014.08.05,17:00,16.48,16.58,16.46,16.56,105
2014.08.05,18:00,16.57,16.63,16.53,16.58,74
2014.08.05,19:00,16.59,16.59,16.49,16.56,24
2014.08.05,20:00,16.55,16.62,16.46,16.52,103
2014.08.05,21:00,16.53,16.60,16.46,16.47,121
2014.08.05,22:00,16.46,16.47,16.36,16.43,121
2014.08.06,16:00,16.27,16.57,16.27,16.49,88
2014.08.06,17:00,16.50,16.59,16.46,16.59,131
2014.08.06,18:00,16.58,16.58,16.44,16.55,64
2014.08.06,19:00,16.56,16.57,16.48,16.49,41
2014.08.06,20:00,16.48,16.51,16.44,16.47,47
2014.08.06,21:00,16.46,16.47,16.41,16.42,45
2014.08.06,22:00,16.43,16.46,16.40,16.42,60
2014.08.07,16:00,16.45,16.52,16.32,16.40,100
2014.08.07,17:00,16.39,16.44,16.22,16.25,169
2014.08.07,18:00,16.24,16.26,16.15,16.22,105
2014.08.07,19:00,16.21,16.21,16.01,16.05,101
2014.08.07,20:00,16.06,16.13,16.05,16.12,45
2014.08.07,21:00,16.11,16.12,16.01,16.01,51
2014.08.07,22:00,16.02,16.03,15.86,15.99,153
2014.08.08,16:00,15.70,15.90,15.60,15.89,220
2014.08.08,17:00,15.88,15.98,15.84,15.91,145
2014.08.08,18:00,15.90,16.08,15.87,16.06,116
2014.08.08,19:00,16.05,16.05,15.98,16.02,51
2014.08.08,20:00,16.03,16.12,16.00,16.11,69
2014.08.08,21:00,16.10,16.13,16.06,16.06,35
2014.08.08,22:00,16.07,16.12,16.07,16.09,61
2014.08.11,16:00,16.31,16.32,16.21,16.32,68
2014.08.11,17:00,16.33,16.36,16.29,16.35,62
2014.08.11,18:00,16.34,16.40,16.33,16.33,38
2014.08.11,19:00,16.34,16.35,16.26,16.27,29
2014.08.11,20:00,16.26,16.26,16.17,16.18,31
2014.08.11,21:00,16.17,16.22,16.15,16.20,46
2014.08.11,22:00,16.19,16.24,16.14,16.17,67
2014.08.12,16:00,16.21,16.36,16.19,16.36,68
2014.08.12,17:00,16.35,16.39,16.18,16.22,125
2014.08.12,18:00,16.21,16.26,16.14,16.24,68
2014.08.12,19:00,16.23,16.30,16.23,16.26,42
2014.08.12,20:00,16.27,16.31,16.18,16.18,50
2014.08.12,21:00,16.20,16.23,16.15,16.21,38
2014.08.12,22:00,16.20,16.25,16.16,16.17,73
2014.08.13,16:00,16.23,16.27,16.17,16.19,59
2014.08.13,17:00,16.20,16.20,16.13,16.14,74
2014.08.13,18:00,16.15,16.23,16.14,16.16,34
2014.08.13,19:00,16.17,16.19,16.15,16.17,17
2014.08.13,20:00,16.18,16.26,16.17,16.26,19
2014.08.13,21:00,16.27,16.27,16.22,16.24,32
2014.08.13,22:00,16.23,16.25,16.22,16.23,37
2014.08.14,16:00,16.17,16.26,16.16,16.22,46
2014.08.14,17:00,16.23,16.24,16.16,16.17,53
2014.08.14,18:00,16.18,16.22,16.16,16.22,21
2014.08.14,19:00,16.21,16.21,16.16,16.19,9
2014.08.14,20:00,16.18,16.19,16.17,16.18,9
2014.08.14,21:00,16.17,16.21,16.16,16.19,15
2014.08.14,22:00,16.18,16.22,16.18,16.22,17
2014.08.15,16:00,16.26,16.26,16.18,16.19,39
2014.08.15,17:00,16.20,16.28,16.04,16.11,105
2014.08.15,18:00,16.10,16.19,16.02,16.03,125
2014.08.15,19:00,16.02,16.16,16.02,16.14,78
2014.08.15,20:00,16.13,16.16,16.06,16.09,47
2014.08.15,21:00,16.10,16.15,16.09,16.11,34
2014.08.15,22:00,16.12,16.13,16.08,16.10,81
2014.08.18,16:00,16.20,16.21,16.14,16.18,51
2014.08.18,17:00,16.17,16.26,16.16,16.24,76
2014.08.18,18:00,16.25,16.31,16.24,16.31,63
2014.08.18,19:00,16.32,16.32,16.28,16.29,24
2014.08.18,20:00,16.28,16.30,16.25,16.30,31
2014.08.18,21:00,16.29,16.33,16.29,16.32,22
2014.08.18,22:00,16.33,16.35,16.30,16.31,43
2014.08.19,16:00,16.34,16.38,16.27,16.38,130
2014.08.19,17:00,16.37,16.39,16.33,16.33,69
2014.08.19,18:00,16.34,16.34,16.27,16.33,26
2014.08.19,19:00,16.34,16.39,16.33,16.34,31
2014.08.19,20:00,16.35,16.37,16.34,16.35,19
2014.08.19,21:00,16.36,16.39,16.35,16.38,13
2014.08.19,22:00,16.39,16.46,16.39,16.42,34
2014.08.20,16:00,16.36,16.68,16.35,16.65,134
2014.08.20,17:00,16.66,16.66,16.50,16.55,73
2014.08.20,18:00,16.56,16.61,16.55,16.61,34
2014.08.20,19:00,16.60,16.60,16.57,16.58,15
2014.08.20,20:00,16.59,16.63,16.59,16.62,18
2014.08.20,21:00,16.61,16.62,16.51,16.62,51
2014.08.20,22:00,16.61,16.61,16.48,16.50,85
2014.08.21,16:00,16.48,16.51,16.40,16.46,82
2014.08.21,17:00,16.47,16.47,16.29,16.36,109
2014.08.21,18:00,16.37,16.41,16.34,16.35,27
2014.08.21,19:00,16.34,16.35,16.26,16.28,43
2014.08.21,20:00,16.29,16.35,16.28,16.35,15
2014.08.21,21:00,16.34,16.39,16.34,16.35,14
2014.08.21,22:00,16.34,16.35,16.32,16.34,25
2014.08.22,16:00,16.29,16.34,16.27,16.31,65
2014.08.22,17:00,16.32,16.34,16.24,16.25,75
2014.08.22,18:00,16.24,16.39,16.23,16.39,66
2014.08.22,19:00,16.38,16.45,16.37,16.44,21
2014.08.22,20:00,16.45,16.45,16.41,16.44,22
2014.08.22,21:00,16.45,16.49,16.43,16.48,20
2014.08.22,22:00,16.49,16.52,16.44,16.45,43
