2013.06.24,22:00,81.63,81.82,81.43,81.50,2388
2013.06.25,16:00,82.29,82.67,82.08,82.53,1118
2013.06.25,17:00,82.47,82.57,82.00,82.51,1550
2013.06.25,18:00,82.50,82.50,81.96,82.10,1136
2013.06.25,19:00,82.08,82.39,82.05,82.27,690
2013.06.25,20:00,82.26,82.35,82.03,82.20,711
2013.06.25,21:00,82.21,82.53,82.14,82.39,903
2013.06.25,22:00,82.40,82.61,82.26,82.33,1594
2013.06.26,16:00,82.99,83.42,82.75,82.89,1131
2013.06.26,17:00,82.90,82.98,82.26,82.34,1117
2013.06.26,18:00,82.33,82.39,81.99,82.06,1007
2013.06.26,19:00,82.05,82.19,81.91,82.02,826
2013.06.26,20:00,82.03,82.18,81.87,81.88,739
2013.06.26,21:00,81.87,82.08,81.69,82.01,868
2013.06.26,22:00,82.00,82.39,82.00,82.10,1440
2013.06.27,16:00,82.57,83.06,82.56,82.95,756
2013.06.27,17:00,82.96,83.09,82.55,82.97,1023
2013.06.27,18:00,82.98,83.12,82.78,82.86,754
2013.06.27,19:00,82.85,83.00,82.66,82.97,624
2013.06.27,20:00,82.96,83.16,82.72,82.75,519
2013.06.27,21:00,82.76,83.01,82.76,82.89,597
2013.06.27,22:00,82.88,83.08,82.78,82.94,1079
2013.06.28,16:00,82.75,83.10,82.53,82.61,608
2013.06.28,17:00,82.60,82.79,82.41,82.69,871
2013.06.28,18:00,82.68,82.90,82.52,82.71,634
2013.06.28,19:00,82.73,82.75,82.30,82.61,687
2013.06.28,20:00,82.60,82.86,82.53,82.81,508
2013.06.28,21:00,82.82,82.95,82.79,82.95,516
2013.06.28,22:00,82.94,83.18,82.48,82.48,1639
2013.07.01,16:00,83.03,83.24,82.41,82.59,1243
2013.07.01,17:00,82.61,82.95,82.26,82.51,1458
2013.07.01,18:00,82.50,82.80,82.35,82.73,918
2013.07.01,19:00,82.72,83.10,82.69,83.05,718
2013.07.01,20:00,83.06,83.12,82.80,82.80,551
2013.07.01,21:00,82.82,83.10,82.78,83.04,566
2013.07.01,22:00,83.05,83.11,82.57,82.71,1222
2013.07.02,16:00,82.72,83.44,82.50,83.17,677
2013.07.02,17:00,83.18,83.58,83.05,83.44,945
2013.07.02,18:00,83.45,83.48,83.02,83.04,691
2013.07.02,19:00,83.06,83.11,82.84,83.01,490
2013.07.02,20:00,83.02,83.03,82.53,82.56,535
2013.07.02,21:00,82.57,82.61,82.03,82.25,827
2013.07.02,22:00,82.26,82.57,82.19,82.45,986
2013.07.03,16:00,82.14,82.49,81.89,81.98,594
2013.07.03,17:00,81.99,82.06,81.55,81.62,1105
2013.07.03,18:00,81.61,82.00,81.59,81.99,828
2013.07.03,19:00,82.00,82.08,81.72,81.80,801
2013.07.03,20:00,81.79,82.04,81.73,82.04,60
2013.07.03,21:00,81.77,81.77,81.67,81.67,3
2013.07.03,22:00,81.85,81.98,81.85,81.97,4
2013.07.05,16:00,82.56,82.62,81.77,81.81,890
2013.07.05,17:00,81.80,81.80,81.39,81.52,1149
2013.07.05,18:00,81.53,81.77,81.42,81.77,694
2013.07.05,19:00,81.78,81.97,81.76,81.82,479
2013.07.05,20:00,81.83,81.89,81.77,81.86,384
2013.07.05,21:00,81.87,82.11,81.79,81.93,650
2013.07.05,22:00,81.92,82.20,81.63,82.13,1025
2013.07.08,16:00,82.61,82.63,82.24,82.49,863
2013.07.08,17:00,82.51,82.90,82.45,82.76,952
2013.07.08,18:00,82.77,82.93,82.56,82.59,578
2013.07.08,19:00,82.58,82.79,82.49,82.67,422
2013.07.08,20:00,82.69,82.99,82.65,82.99,478
2013.07.08,21:00,82.98,83.11,82.95,83.07,512
2013.07.08,22:00,83.06,83.18,82.98,83.17,1037
2013.07.09,16:00,84.08,84.59,83.71,84.52,1357
2013.07.09,17:00,84.50,84.88,84.35,84.82,1455
2013.07.09,18:00,84.81,85.29,84.81,85.11,1139
2013.07.09,19:00,85.12,85.52,85.09,85.50,767
2013.07.09,20:00,85.49,85.97,85.45,85.92,957
2013.07.09,21:00,85.93,86.24,85.76,85.83,1074
2013.07.09,22:00,85.84,86.02,85.28,85.32,1680
2013.07.10,16:00,85.41,85.76,85.32,85.47,878
2013.07.10,17:00,85.46,85.48,85.03,85.36,1219
2013.07.10,18:00,85.34,85.37,84.81,85.06,744
2013.07.10,19:00,85.05,85.23,84.99,85.19,398
2013.07.10,20:00,85.18,85.29,85.02,85.20,335
2013.07.10,21:00,85.19,85.68,84.82,84.93,1361
2013.07.10,22:00,84.92,85.02,84.78,84.95,1150
2013.07.11,16:00,86.40,86.88,86.24,86.78,833
2013.07.11,17:00,86.76,86.86,86.09,86.30,603
2013.07.11,18:00,86.29,86.69,86.27,86.67,703
2013.07.11,19:00,86.68,86.68,86.19,86.37,514
2013.07.11,20:00,86.36,86.48,86.18,86.22,461
2013.07.11,21:00,86.21,86.73,86.21,86.65,758
2013.07.11,22:00,86.64,86.81,86.46,86.69,1302
2013.07.12,16:00,86.61,87.07,86.53,86.91,687
2013.07.12,17:00,86.93,87.11,86.76,86.95,768
2013.07.12,18:00,86.98,87.12,86.86,87.03,594
2013.07.12,19:00,87.04,87.07,86.87,86.91,731
2013.07.12,20:00,86.90,87.07,86.87,86.97,508
2013.07.12,21:00,86.99,87.26,86.88,87.22,713
2013.07.12,22:00,87.23,87.26,86.99,87.16,871
2013.07.15,16:00,87.22,88.02,87.18,87.57,950
2013.07.15,17:00,87.59,87.69,87.33,87.54,720
2013.07.15,18:00,87.56,87.94,87.52,87.68,641
2013.07.15,19:00,87.69,87.76,87.49,87.51,432
2013.07.15,20:00,87.52,87.69,87.37,87.68,521
2013.07.15,21:00,87.66,87.85,87.63,87.82,483
2013.07.15,22:00,87.83,87.89,87.36,87.40,949
2013.07.16,16:00,87.71,88.52,87.63,88.22,1149
2013.07.16,17:00,88.24,88.24,87.87,88.11,982
2013.07.16,18:00,88.13,88.15,87.49,87.55,760
2013.07.16,19:00,87.56,87.85,87.41,87.45,664
2013.07.16,20:00,87.47,87.72,87.41,87.67,462
2013.07.16,21:00,87.66,88.05,87.66,88.00,623
2013.07.16,22:00,87.99,88.17,87.90,88.16,1144
2013.07.17,16:00,88.50,88.99,88.29,88.40,1038
2013.07.17,17:00,88.39,88.42,87.87,87.95,1281
2013.07.17,18:00,87.96,88.07,87.54,87.61,751
2013.07.17,19:00,87.62,87.84,85.87,86.44,7387
2013.07.17,20:00,86.45,86.93,86.26,86.54,2549
2013.07.17,21:00,86.53,86.83,86.35,86.48,1656
2013.07.17,22:00,86.47,86.77,86.40,86.66,1793
2013.07.18,16:00,85.87,86.17,85.44,86.04,1666
2013.07.18,17:00,86.05,86.49,86.04,86.40,1468
2013.07.18,18:00,86.41,86.58,86.21,86.24,944
2013.07.18,19:00,86.23,86.31,85.75,85.92,1080
2013.07.18,20:00,85.91,85.95,85.64,85.66,733
2013.07.18,21:00,85.67,85.71,85.54,85.70,709
2013.07.18,22:00,85.69,85.73,85.41,85.71,1363
2013.07.19,16:00,85.44,85.72,85.14,85.64,1037
2013.07.19,17:00,85.66,85.87,85.27,85.66,912
2013.07.19,18:00,85.67,85.83,85.43,85.46,671
2013.07.19,19:00,85.47,85.70,85.40,85.70,462
2013.07.19,20:00,85.69,85.72,85.44,85.63,530
2013.07.19,21:00,85.64,85.77,85.58,85.65,574
2013.07.19,22:00,85.66,85.72,85.58,85.66,939
2013.07.22,16:00,85.37,86.42,85.37,86.29,742
2013.07.22,17:00,86.28,86.51,86.18,86.30,1030
2013.07.22,18:00,86.29,86.54,85.99,86.03,705
2013.07.22,19:00,86.05,86.16,85.84,85.84,722
2013.07.22,20:00,85.82,85.99,85.79,85.94,624
2013.07.22,21:00,85.96,86.08,85.82,85.82,537
2013.07.22,22:00,85.83,86.06,85.58,85.99,1445
2013.07.23,16:00,85.58,86.37,85.58,86.04,1011
2013.07.23,17:00,86.03,86.06,85.59,85.77,1291
2013.07.23,18:00,85.76,86.07,85.66,85.92,725
2013.07.23,19:00,85.91,85.94,85.68,85.69,621
2013.07.23,20:00,85.70,85.77,85.19,85.19,740
2013.07.23,21:00,85.20,85.52,85.11,85.44,851
2013.07.23,22:00,85.45,85.61,85.19,85.50,1560
2013.07.24,16:00,84.53,84.62,83.19,83.21,3899
2013.07.24,17:00,83.22,83.86,83.01,83.81,3867
2013.07.24,18:00,83.82,85.27,83.75,84.33,4341
2013.07.24,19:00,84.35,84.38,83.42,83.61,1691
2013.07.24,20:00,83.64,83.70,82.74,82.85,1710
2013.07.24,21:00,82.84,83.37,82.63,83.23,1542
2013.07.24,22:00,83.24,83.46,82.99,83.43,2062
2013.07.25,16:00,82.05,82.57,81.99,82.15,2040
2013.07.25,17:00,82.14,82.30,81.34,81.49,2449
2013.07.25,18:00,81.50,81.82,81.37,81.69,1720
2013.07.25,19:00,81.68,82.11,81.59,81.99,1069
2013.07.25,20:00,82.00,82.00,81.69,81.78,668
2013.07.25,21:00,81.79,82.01,81.63,81.64,778
2013.07.25,22:00,81.65,82.13,81.63,82.13,1734
2013.07.26,16:00,81.87,81.87,81.51,81.74,933
2013.07.26,17:00,81.75,81.89,81.45,81.48,1139
2013.07.26,18:00,81.47,81.64,81.43,81.58,737
2013.07.26,19:00,81.57,81.71,81.53,81.54,630
2013.07.26,20:00,81.55,81.76,81.52,81.64,581
2013.07.26,21:00,81.65,81.70,81.53,81.61,585
2013.07.26,22:00,81.60,82.07,81.60,82.04,831
2013.07.29,16:00,82.40,83.34,81.99,83.15,2274
2013.07.29,17:00,83.14,83.27,82.91,83.00,1372
2013.07.29,18:00,82.99,83.11,82.70,82.72,831
2013.07.29,19:00,82.71,83.23,82.71,83.09,642
2013.07.29,20:00,83.08,83.15,82.81,82.82,684
2013.07.29,21:00,82.83,82.94,82.77,82.79,786
2013.07.29,22:00,82.78,83.22,82.77,83.02,1181
2013.07.30,16:00,83.46,83.74,82.65,83.10,929
2013.07.30,17:00,83.08,83.32,82.95,83.06,960
2013.07.30,18:00,83.05,83.41,82.85,83.40,709
2013.07.30,19:00,83.39,83.41,83.14,83.28,477
2013.07.30,20:00,83.29,83.33,82.86,83.06,583
2013.07.30,21:00,83.07,83.11,82.90,83.01,582
2013.07.30,22:00,83.00,83.30,82.98,83.18,1045
2013.07.31,16:00,83.57,83.89,83.45,83.71,987
2013.07.31,17:00,83.72,83.73,83.18,83.21,1463
2013.07.31,18:00,83.20,83.48,83.04,83.42,782
2013.07.31,19:00,83.41,83.48,83.24,83.29,515
2013.07.31,20:00,83.28,83.35,83.12,83.24,436
2013.07.31,21:00,83.23,83.64,82.98,83.62,959
2013.07.31,22:00,83.61,83.62,82.83,82.91,1669
2013.08.01,16:00,83.61,83.90,83.11,83.23,1141
2013.08.01,17:00,83.28,84.08,83.24,84.03,1424
2013.08.01,18:00,84.04,84.10,83.82,84.04,703
2013.08.01,19:00,84.05,84.29,83.99,84.28,600
2013.08.01,20:00,84.27,84.42,84.11,84.40,641
2013.08.01,21:00,84.38,84.80,84.31,84.63,881
2013.08.01,22:00,84.64,84.66,84.35,84.41,1399
2013.08.02,16:00,84.28,84.39,83.49,84.19,963
2013.08.02,17:00,84.20,84.67,83.91,83.98,1013
2013.08.02,18:00,83.99,84.28,83.89,84.24,553
2013.08.02,19:00,84.25,84.33,84.19,84.22,338
2013.08.02,20:00,84.23,84.40,84.15,84.38,378
2013.08.02,21:00,84.37,84.42,84.16,84.19,590
2013.08.02,22:00,84.20,84.32,84.20,84.29,730
2013.08.05,16:00,84.10,84.28,83.65,83.98,772
2013.08.05,17:00,83.96,84.04,83.67,83.92,915
2013.08.05,18:00,83.93,83.95,83.60,83.81,746
2013.08.05,19:00,83.82,83.89,83.69,83.84,482
2013.08.05,20:00,83.83,83.93,83.71,83.92,431
2013.08.05,21:00,83.91,83.91,83.72,83.79,463
2013.08.05,22:00,83.78,83.79,83.49,83.55,805
2013.08.06,16:00,83.30,83.31,82.52,82.65,645
2013.08.06,17:00,82.67,82.86,82.39,82.41,764
2013.08.06,18:00,82.37,82.54,82.25,82.39,629
2013.08.06,19:00,82.40,82.52,82.26,82.51,457
2013.08.06,20:00,82.52,82.59,82.45,82.50,446
2013.08.06,21:00,82.49,82.59,82.38,82.50,429
2013.08.06,22:00,82.49,82.62,82.40,82.52,881
2013.08.07,16:00,82.37,82.43,81.82,82.06,846
2013.08.07,17:00,82.03,82.25,81.84,81.87,1020
2013.08.07,18:00,81.88,81.99,81.79,81.90,743
2013.08.07,19:00,81.89,82.23,81.86,82.21,504
2013.08.07,20:00,82.20,82.76,82.20,82.32,651
2013.08.07,21:00,82.33,82.55,82.24,82.31,509
2013.08.07,22:00,82.32,82.46,82.28,82.42,738
2013.08.08,16:00,82.94,83.93,82.90,83.78,1499
2013.08.08,17:00,83.77,83.79,83.16,83.41,1227
2013.08.08,18:00,83.42,83.67,83.34,83.66,681
2013.08.08,19:00,83.67,84.04,83.63,83.98,798
2013.08.08,20:00,83.97,84.24,83.96,84.23,770
2013.08.08,21:00,84.22,84.58,84.17,84.25,921
2013.08.08,22:00,84.26,84.34,83.94,83.96,1238
2013.08.09,16:00,83.79,84.20,83.49,84.07,999
2013.08.09,17:00,84.04,84.31,83.56,83.93,1187
2013.08.09,18:00,83.92,83.96,83.55,83.86,1007
2013.08.09,19:00,83.85,84.10,83.79,83.94,658
2013.08.09,20:00,83.95,84.51,83.94,84.48,789
2013.08.09,21:00,84.47,84.78,84.43,84.51,892
2013.08.09,22:00,84.52,84.55,84.19,84.49,1264
2013.08.12,16:00,84.18,85.33,84.05,84.97,1177
2013.08.12,17:00,84.98,85.98,84.98,85.88,1918
2013.08.12,18:00,85.87,85.93,85.55,85.77,1168
2013.08.12,19:00,85.76,85.84,85.50,85.82,753
2013.08.12,20:00,85.83,86.23,85.65,86.08,1236
2013.08.12,21:00,86.09,86.34,86.03,86.28,999
2013.08.12,22:00,86.29,86.42,86.14,86.33,1890
2013.08.13,16:00,86.61,87.42,86.61,86.89,2023
2013.08.13,17:00,86.86,86.91,86.44,86.69,1506
2013.08.13,18:00,86.70,86.99,86.68,86.86,1045
2013.08.13,19:00,86.85,87.22,86.71,87.05,914
2013.08.13,20:00,87.06,87.29,86.94,86.97,909
2013.08.13,21:00,86.99,87.09,86.60,86.62,635
2013.08.13,22:00,86.61,86.71,86.52,86.56,1238
2013.08.14,16:00,86.85,86.99,86.02,86.19,1177
2013.08.14,17:00,86.21,86.64,85.91,86.27,1318
2013.08.14,18:00,86.28,86.38,86.02,86.17,888
2013.08.14,19:00,86.16,86.41,86.09,86.18,708
2013.08.14,20:00,86.19,86.34,85.77,85.89,813
2013.08.14,21:00,85.91,86.00,85.70,85.86,646
2013.08.14,22:00,85.88,86.02,85.73,85.77,1102
2013.08.15,16:00,84.95,85.79,84.87,85.23,1296
2013.08.15,17:00,85.24,85.60,84.88,85.37,1094
2013.08.15,18:00,85.36,85.56,85.05,85.05,932
2013.08.15,19:00,85.06,85.58,85.02,85.46,754
2013.08.15,20:00,85.47,85.76,85.41,85.76,763
2013.08.15,21:00,85.77,86.52,85.69,86.13,1277
2013.08.15,22:00,86.12,86.22,85.78,85.89,1405
2013.08.16,16:00,85.84,86.39,85.67,85.85,774
2013.08.16,17:00,85.84,86.04,85.40,85.78,1263
2013.08.16,18:00,85.77,85.99,85.69,85.83,837
2013.08.16,19:00,85.82,85.82,85.30,85.31,651
2013.08.16,20:00,85.33,85.47,85.14,85.23,695
2013.08.16,21:00,85.24,85.39,85.13,85.32,701
2013.08.16,22:00,85.31,85.39,85.15,85.16,1291
2013.08.19,16:00,85.14,85.49,84.89,85.19,709
2013.08.19,17:00,85.16,85.40,84.50,84.82,1106
2013.08.19,18:00,84.83,84.93,84.67,84.67,712
2013.08.19,19:00,84.68,84.81,84.52,84.55,465
2013.08.19,20:00,84.56,84.57,84.20,84.27,499
2013.08.19,21:00,84.28,84.47,84.11,84.17,602
2013.08.19,22:00,84.18,84.24,83.94,84.18,987
2013.08.20,16:00,83.79,83.89,83.26,83.79,1106
2013.08.20,17:00,83.81,84.37,83.59,84.12,1369
2013.08.20,18:00,84.11,84.40,83.94,84.38,824
2013.08.20,19:00,84.40,84.45,84.11,84.19,546
2013.08.20,20:00,84.20,84.42,84.14,84.30,570
2013.08.20,21:00,84.29,84.40,84.11,84.21,502
2013.08.20,22:00,84.20,84.40,83.85,83.86,884
2013.08.21,16:00,83.51,83.71,83.11,83.44,1001
2013.08.21,17:00,83.40,83.84,83.39,83.68,1096
2013.08.21,18:00,83.70,83.75,83.39,83.46,644
2013.08.21,19:00,83.45,83.54,83.39,83.42,441
2013.08.21,20:00,83.41,83.43,83.16,83.20,488
2013.08.21,21:00,83.19,83.73,82.82,83.52,1488
2013.08.21,22:00,83.53,83.53,82.89,82.92,1385
2013.08.22,16:00,83.29,83.72,83.04,83.26,1074
2013.08.22,17:00,83.27,83.45,83.05,83.23,1229
2013.08.22,18:00,83.24,83.74,83.24,83.70,804
2013.08.22,19:00,83.71,84.09,83.63,83.92,524
2013.08.22,20:00,83.90,84.20,83.78,84.13,329
2013.08.22,21:00,84.12,84.43,84.07,84.27,432
2013.08.22,22:00,84.28,84.47,84.15,84.16,1089
2013.08.23,16:00,84.35,84.37,83.43,83.68,1002
2013.08.23,17:00,83.65,84.26,83.38,84.24,1084
2013.08.23,18:00,84.25,84.30,83.99,84.00,673
2013.08.23,19:00,84.02,84.11,83.90,83.90,515
2013.08.23,20:00,83.91,83.95,83.71,83.78,412
2013.08.23,21:00,83.77,83.86,83.60,83.77,642
2013.08.23,22:00,83.76,83.94,83.67,83.77,1174
2013.08.26,16:00,83.96,84.38,83.87,84.15,547
2013.08.26,17:00,84.14,84.71,84.10,84.62,933
2013.08.26,18:00,84.61,84.76,84.24,84.36,584
2013.08.26,19:00,84.35,84.41,84.12,84.17,479
2013.08.26,20:00,84.19,84.35,84.09,84.11,478
2013.08.26,21:00,84.10,84.32,84.03,84.32,423
2013.08.26,22:00,84.33,84.36,83.50,83.54,1524
2013.08.27,16:00,82.86,83.52,82.60,83.22,914
2013.08.27,17:00,83.21,83.29,82.95,83.24,950
2013.08.27,18:00,83.25,83.28,82.93,83.01,764
2013.08.27,19:00,83.03,83.13,82.83,82.98,645
2013.08.27,20:00,82.96,82.98,82.75,82.82,535
2013.08.27,21:00,82.81,82.81,82.46,82.70,959
2013.08.27,22:00,82.69,82.80,82.56,82.66,1421
2013.08.28,16:00,81.81,82.20,81.48,81.49,1888
2013.08.28,17:00,81.48,82.08,81.44,81.94,1298
2013.08.28,18:00,81.95,82.51,81.91,82.20,999
2013.08.28,19:00,82.22,82.62,82.11,82.60,530
2013.08.28,20:00,82.59,82.64,82.16,82.21,486
2013.08.28,21:00,82.22,82.39,82.10,82.28,584
2013.08.28,22:00,82.29,82.60,82.28,82.43,1209
2013.08.29,16:00,82.48,82.59,82.00,82.32,1002
2013.08.29,17:00,82.34,82.83,82.29,82.70,891
2013.08.29,18:00,82.68,83.02,82.63,82.98,516
2013.08.29,19:00,82.99,83.04,82.83,83.00,388
2013.08.29,20:00,82.99,82.99,82.48,82.54,574
2013.08.29,21:00,82.52,82.80,82.41,82.66,533
2013.08.29,22:00,82.67,82.67,82.30,82.50,942
2013.08.30,16:00,82.57,82.74,82.32,82.65,613
2013.08.30,17:00,82.64,82.65,82.32,82.41,902
2013.08.30,18:00,82.40,82.57,82.19,82.34,688
2013.08.30,19:00,82.35,82.66,82.32,82.50,541
2013.08.30,20:00,82.51,82.71,82.20,82.43,721
2013.08.30,21:00,82.45,82.61,82.37,82.56,518
2013.08.30,22:00,82.54,82.67,82.27,82.48,1002
2013.09.03,16:00,83.13,83.52,82.99,83.18,1087
2013.09.03,17:00,83.17,83.24,82.20,82.45,1441
2013.09.03,18:00,82.44,82.61,81.87,81.95,1251
2013.09.03,19:00,81.96,82.08,81.80,81.90,1067
2013.09.03,20:00,81.91,81.97,81.71,81.75,887
2013.09.03,21:00,81.76,81.98,81.75,81.98,984
2013.09.03,22:00,81.97,82.47,81.97,82.43,1158
2013.09.04,16:00,82.73,82.84,82.28,82.43,653
2013.09.04,17:00,82.42,83.11,82.42,83.02,775
2013.09.04,18:00,83.03,83.41,82.96,83.41,555
2013.09.04,19:00,83.42,83.51,83.29,83.44,475
2013.09.04,20:00,83.45,83.72,83.43,83.48,410
2013.09.04,21:00,83.47,83.58,83.40,83.47,429
2013.09.04,22:00,83.46,83.53,83.25,83.50,1101
2013.09.05,16:00,83.35,83.38,82.92,82.96,685
2013.09.05,17:00,82.97,83.17,82.69,82.93,972
2013.09.05,18:00,82.92,82.99,82.79,82.96,519
2013.09.05,19:00,82.95,83.27,82.95,83.23,401
2013.09.05,20:00,83.24,83.50,83.22,83.31,350
2013.09.05,21:00,83.30,83.34,82.93,83.02,552
2013.09.05,22:00,83.03,83.06,82.82,82.95,845
2013.09.06,16:00,83.20,83.40,82.38,82.63,769
2013.09.06,17:00,82.64,83.45,82.45,83.36,946
2013.09.06,18:00,83.38,84.15,83.38,83.84,1006
2013.09.06,19:00,83.85,83.93,83.65,83.75,398
2013.09.06,20:00,83.74,84.20,83.71,83.99,562
2013.09.06,21:00,84.00,84.08,83.78,83.84,453
2013.09.06,22:00,83.83,83.90,83.33,83.36,1307
2013.09.09,16:00,84.02,85.30,84.02,85.26,1138
2013.09.09,17:00,85.27,85.41,84.65,85.35,1426
2013.09.09,18:00,85.36,85.68,85.26,85.42,929
2013.09.09,19:00,85.43,85.81,85.38,85.76,846
2013.09.09,20:00,85.75,85.96,85.71,85.96,578
2013.09.09,21:00,85.97,86.01,85.78,85.78,660
2013.09.09,22:00,85.79,85.95,85.50,85.55,1111
2013.09.10,16:00,86.83,86.87,86.16,86.60,1486
2013.09.10,17:00,86.61,86.81,86.42,86.62,1199
2013.09.10,18:00,86.61,86.76,86.16,86.35,1013
2013.09.10,19:00,86.36,86.52,86.27,86.43,680
2013.09.10,20:00,86.44,86.59,86.37,86.51,468
2013.09.10,21:00,86.50,86.62,86.41,86.59,619
2013.09.10,22:00,86.58,86.66,86.42,86.60,1051
2013.09.11,16:00,86.48,87.11,86.31,86.49,768
2013.09.11,17:00,86.48,86.53,86.24,86.40,827
2013.09.11,18:00,86.41,86.75,86.40,86.59,498
2013.09.11,19:00,86.58,86.66,86.51,86.55,556
2013.09.11,20:00,86.56,87.04,86.52,86.81,541
2013.09.11,21:00,86.80,86.88,86.68,86.88,470
2013.09.11,22:00,86.87,87.11,86.86,87.11,1006
2013.09.12,16:00,86.92,87.04,86.60,86.98,667
2013.09.12,17:00,86.99,87.20,86.82,86.82,648
2013.09.12,18:00,86.83,87.15,86.82,87.00,733
2013.09.12,19:00,86.99,87.03,86.81,86.95,530
2013.09.12,20:00,86.94,87.15,86.93,86.96,418
2013.09.12,21:00,86.95,87.06,86.81,87.01,529
2013.09.12,22:00,87.00,87.00,86.74,86.80,688
2013.09.13,16:00,87.08,87.18,86.36,86.81,583
2013.09.13,17:00,86.82,86.96,86.66,86.83,776
2013.09.13,18:00,86.81,87.08,86.74,86.77,503
2013.09.13,19:00,86.76,86.92,86.70,86.74,299
2013.09.13,20:00,86.73,86.97,86.73,86.89,269
2013.09.13,21:00,86.90,86.95,86.87,86.93,263
2013.09.13,22:00,86.92,87.00,86.80,86.99,569
2013.09.16,16:00,87.94,88.20,87.17,87.77,1200
2013.09.16,17:00,87.78,88.12,87.73,88.03,1244
2013.09.16,18:00,88.02,88.05,87.70,87.85,754
2013.09.16,19:00,87.86,87.95,87.69,87.71,434
2013.09.16,20:00,87.69,87.81,87.55,87.64,448
2013.09.16,21:00,87.65,87.67,87.20,87.27,570
2013.09.16,22:00,87.26,87.57,87.01,87.18,1090
2013.09.17,16:00,87.34,87.36,86.67,86.98,945
2013.09.17,17:00,86.96,87.43,86.65,87.16,835
2013.09.17,18:00,87.15,87.33,87.02,87.19,491
2013.09.17,19:00,87.18,87.25,87.00,87.22,360
2013.09.17,20:00,87.21,87.30,87.00,87.01,360
2013.09.17,21:00,87.02,87.13,86.93,87.04,580
2013.09.17,22:00,87.05,87.12,86.83,87.04,843
2013.09.18,16:00,86.29,86.80,86.18,86.65,938
2013.09.18,17:00,86.66,86.90,86.38,86.51,829
2013.09.18,18:00,86.50,86.74,86.48,86.59,669
2013.09.18,19:00,86.57,86.67,86.52,86.63,406
2013.09.18,20:00,86.60,86.72,86.53,86.55,424
2013.09.18,21:00,86.58,87.88,86.58,87.83,1395
2013.09.18,22:00,87.84,87.99,87.68,87.82,1182
2013.09.19,16:00,88.02,88.07,87.29,87.56,928
2013.09.19,17:00,87.57,88.23,87.51,87.87,1287
2013.09.19,18:00,87.86,87.86,87.50,87.56,755
2013.09.19,19:00,87.57,87.77,87.44,87.61,609
2013.09.19,20:00,87.62,87.70,87.41,87.54,527
2013.09.19,21:00,87.55,87.75,87.46,87.67,437
2013.09.19,22:00,87.68,87.78,87.59,87.73,784
2013.09.20,16:00,87.59,87.63,85.87,86.39,1844
2013.09.20,17:00,86.37,86.61,86.13,86.44,1175
2013.09.20,18:00,86.45,86.55,85.88,85.90,822
2013.09.20,19:00,85.91,86.03,85.67,85.81,710
2013.09.20,20:00,85.82,85.83,85.42,85.49,590
2013.09.20,21:00,85.52,85.54,85.21,85.37,873
2013.09.20,22:00,85.38,85.39,84.98,85.02,1848
2013.09.23,16:00,84.98,85.31,84.36,84.52,1687
2013.09.23,17:00,84.53,84.77,84.49,84.49,984
2013.09.23,18:00,84.48,85.17,84.46,85.03,911
2013.09.23,19:00,85.04,85.09,84.76,84.88,438
2013.09.23,20:00,84.89,84.98,84.82,84.97,445
2013.09.23,21:00,84.96,84.98,84.72,84.75,426
2013.09.23,22:00,84.76,85.08,84.72,85.03,968
2013.09.24,16:00,85.11,85.24,84.57,84.76,811
2013.09.24,17:00,84.75,85.22,84.51,85.17,1020
2013.09.24,18:00,85.15,85.31,84.99,85.22,516
2013.09.24,19:00,85.23,85.42,85.09,85.16,449
2013.09.24,20:00,85.17,85.40,85.13,85.34,332
2013.09.24,21:00,85.33,85.41,85.16,85.17,417
2013.09.24,22:00,85.18,85.40,85.02,85.09,986
2013.09.25,16:00,85.12,85.44,84.98,85.05,499
2013.09.25,17:00,85.03,85.35,84.98,85.20,686
2013.09.25,18:00,85.21,85.53,85.13,85.33,516
2013.09.25,19:00,85.34,85.34,85.02,85.07,583
2013.09.25,20:00,85.08,85.21,84.65,84.84,654
2013.09.25,21:00,84.85,84.90,84.58,84.59,561
2013.09.25,22:00,84.60,84.70,84.41,84.48,1160
2013.09.26,16:00,84.57,84.83,84.25,84.50,690
2013.09.26,17:00,84.51,84.71,84.13,84.25,803
2013.09.26,18:00,84.24,84.27,83.99,84.13,564
2013.09.26,19:00,84.15,84.21,84.01,84.02,352
2013.09.26,20:00,84.01,84.14,83.91,83.96,337
2013.09.26,21:00,83.95,84.06,83.91,83.95,451
2013.09.26,22:00,83.94,84.19,83.88,84.16,889
2013.09.27,16:00,83.60,83.85,83.38,83.53,736
2013.09.27,17:00,83.52,83.86,83.36,83.79,747
2013.09.27,18:00,83.78,83.88,83.53,83.60,480
2013.09.27,19:00,83.61,83.75,83.56,83.72,319
2013.09.27,20:00,83.73,83.84,83.68,83.74,288
2013.09.27,21:00,83.73,83.81,83.59,83.69,379
2013.09.27,22:00,83.68,83.90,83.59,83.77,767
2013.09.30,16:00,82.99,83.72,82.99,83.40,646
2013.09.30,17:00,83.41,83.81,83.38,83.62,843
2013.09.30,18:00,83.59,83.77,83.32,83.36,467
2013.09.30,19:00,83.37,83.37,83.09,83.24,455
2013.09.30,20:00,83.25,83.65,83.25,83.50,703
2013.09.30,21:00,83.51,83.63,83.34,83.48,817
2013.09.30,22:00,83.47,83.51,83.27,83.36,1517
2013.10.01,16:00,83.43,83.57,83.06,83.49,956
2013.10.01,17:00,83.51,83.99,83.37,83.85,940
2013.10.01,18:00,83.86,84.28,83.74,84.09,698
2013.10.01,19:00,84.08,84.25,83.94,84.01,428
2013.10.01,20:00,84.00,84.07,83.90,83.96,362
2013.10.01,21:00,83.95,84.03,83.72,83.83,446
2013.10.01,22:00,83.82,83.85,83.55,83.76,787
2013.10.02,16:00,83.52,83.98,83.39,83.66,749
2013.10.02,17:00,83.65,83.68,83.31,83.62,977
2013.10.02,18:00,83.60,83.98,83.46,83.87,608
2013.10.02,19:00,83.81,84.21,83.79,84.21,457
2013.10.02,20:00,84.04,84.23,84.04,84.07,383
2013.10.02,21:00,84.15,84.18,83.78,83.85,341
2013.10.02,22:00,83.84,84.08,83.76,84.03,558
2013.10.03,16:00,83.87,84.07,83.64,83.82,459
2013.10.03,17:00,83.80,83.88,83.41,83.56,803
2013.10.03,18:00,83.54,83.64,83.40,83.56,658
2013.10.03,19:00,83.55,84.12,83.50,84.08,691
2013.10.03,20:00,84.09,84.25,83.86,84.00,697
2013.10.03,21:00,83.99,84.16,83.75,83.95,815
2013.10.03,22:00,83.94,84.09,83.83,83.95,880
2013.10.04,16:00,83.94,84.08,83.64,83.83,536
2013.10.04,17:00,83.84,84.03,83.67,83.68,676
2013.10.04,18:00,83.69,84.22,83.52,84.20,649
2013.10.04,19:00,84.19,84.32,83.87,84.09,497
2013.10.04,20:00,84.10,84.22,83.98,84.01,401
2013.10.04,21:00,84.02,84.33,84.01,84.29,460
2013.10.04,22:00,84.28,84.32,83.99,84.17,767
2013.10.07,16:00,83.44,83.80,83.28,83.56,708
2013.10.07,17:00,83.57,83.85,83.42,83.80,901
2013.10.07,18:00,83.79,84.14,83.74,84.11,559
2013.10.07,19:00,84.09,84.14,83.69,83.72,430
2013.10.07,20:00,83.71,83.88,83.59,83.76,434
2013.10.07,21:00,83.78,83.90,83.65,83.66,533
2013.10.07,22:00,83.67,83.72,83.48,83.50,902
2013.10.08,16:00,83.52,83.87,83.26,83.50,749
2013.10.08,17:00,83.51,83.54,83.12,83.22,1126
2013.10.08,18:00,83.19,83.26,82.73,82.77,948
2013.10.08,19:00,82.78,82.97,82.71,82.77,809
2013.10.08,20:00,82.76,82.88,82.64,82.79,592
2013.10.08,21:00,82.78,82.81,82.61,82.68,787
2013.10.08,22:00,82.69,83.07,82.67,82.81,1557
2013.10.09,16:00,83.03,83.04,82.48,82.70,760
2013.10.09,17:00,82.74,83.17,82.43,82.93,1112
2013.10.09,18:00,82.92,83.15,82.70,83.06,817
2013.10.09,19:00,83.07,83.33,83.02,83.02,575
2013.10.09,20:00,83.03,83.87,83.03,83.82,772
2013.10.09,21:00,83.81,83.87,83.59,83.69,820
2013.10.09,22:00,83.70,83.76,83.37,83.50,1772
2013.10.10,16:00,84.40,84.51,84.05,84.50,856
2013.10.10,17:00,84.51,84.72,84.34,84.43,961
2013.10.10,18:00,84.41,84.90,84.20,84.75,1025
2013.10.10,19:00,84.74,84.93,84.67,84.88,524
2013.10.10,20:00,84.87,84.92,84.58,84.73,460
2013.10.10,21:00,84.72,84.78,84.44,84.53,456
2013.10.10,22:00,84.54,84.92,84.45,84.70,1186
2013.10.11,16:00,84.62,84.90,84.33,84.84,600
2013.10.11,17:00,84.82,84.96,84.72,84.94,817
2013.10.11,18:00,84.96,85.63,84.78,85.62,954
2013.10.11,19:00,85.60,85.76,85.48,85.69,658
2013.10.11,20:00,85.68,85.83,85.59,85.65,570
2013.10.11,21:00,85.66,85.76,85.46,85.52,493
2013.10.11,22:00,85.51,85.66,85.26,85.60,883
2013.10.14,16:00,85.04,85.23,84.84,85.10,436
2013.10.14,17:00,85.08,85.45,84.98,85.44,735
2013.10.14,18:00,85.41,85.59,85.25,85.58,539
2013.10.14,19:00,85.57,85.85,85.45,85.84,484
2013.10.14,20:00,85.85,86.19,85.71,86.09,612
2013.10.14,21:00,86.08,86.25,85.98,86.07,613
2013.10.14,22:00,86.03,86.40,86.02,86.22,1214
2013.10.15,16:00,86.16,86.65,86.12,86.29,874
2013.10.15,17:00,86.30,86.61,86.12,86.20,953
2013.10.15,18:00,86.18,86.73,86.12,86.40,1045
2013.10.15,19:00,86.38,86.52,86.31,86.44,533
2013.10.15,20:00,86.43,86.49,86.21,86.26,541
2013.10.15,21:00,86.27,86.31,85.67,85.92,1031
2013.10.15,22:00,85.93,86.12,85.71,85.72,1095
2013.10.16,16:00,86.04,86.47,85.58,86.26,740
2013.10.16,17:00,86.28,86.39,85.99,86.36,900
2013.10.16,18:00,86.34,86.44,86.06,86.08,672
2013.10.16,19:00,86.07,86.31,86.02,86.08,540
2013.10.16,20:00,86.06,86.23,86.04,86.14,328
2013.10.16,21:00,86.13,86.23,85.97,86.05,467
2013.10.16,22:00,86.06,86.26,86.02,86.25,766
2013.10.17,16:00,85.33,85.43,84.93,85.16,847
2013.10.17,17:00,85.14,85.43,85.09,85.40,769
2013.10.17,18:00,85.41,85.69,85.35,85.55,625
2013.10.17,19:00,85.62,85.85,85.51,85.83,477
2013.10.17,20:00,85.84,85.89,85.70,85.78,392
2013.10.17,21:00,85.77,85.84,85.65,85.71,460
2013.10.17,22:00,85.72,85.97,85.65,85.81,824
2013.10.18,16:00,86.29,86.96,86.25,86.92,910
2013.10.18,17:00,86.93,87.67,86.92,87.27,1498
2013.10.18,18:00,87.28,87.60,87.21,87.49,866
2013.10.18,19:00,87.50,87.61,87.42,87.47,535
2013.10.18,20:00,87.48,87.68,87.44,87.67,541
2013.10.18,21:00,87.68,87.73,87.54,87.54,641
2013.10.18,22:00,87.55,87.55,87.17,87.31,1263
2013.10.21,16:00,87.70,87.78,87.34,87.35,743
2013.10.21,17:00,87.36,87.78,87.19,87.35,1020
2013.10.21,18:00,87.36,87.60,87.17,87.57,649
2013.10.21,19:00,87.56,87.56,87.25,87.45,501
2013.10.21,20:00,87.44,87.64,87.38,87.55,454
2013.10.21,21:00,87.54,87.61,87.40,87.50,600
2013.10.21,22:00,87.49,87.78,87.49,87.68,1092
2013.10.22,16:00,87.86,88.57,87.52,88.55,968
2013.10.22,17:00,88.54,89.08,88.31,88.56,1736
2013.10.22,18:00,88.55,88.57,88.08,88.40,1168
2013.10.22,19:00,88.41,88.54,88.13,88.21,944
2013.10.22,20:00,88.20,88.98,88.13,88.89,775
2013.10.22,21:00,88.90,88.98,88.63,88.95,755
2013.10.22,22:00,88.96,89.15,88.83,89.14,1725
2013.10.23,16:00,84.16,84.47,83.73,83.85,4498
2013.10.23,17:00,83.84,84.37,83.53,83.84,4162
2013.10.23,18:00,83.85,84.63,83.72,84.28,2639
2013.10.23,19:00,84.29,84.58,83.55,83.81,2347
2013.10.23,20:00,83.82,83.93,83.49,83.61,1400
2013.10.23,21:00,83.62,83.85,83.28,83.29,2127
2013.10.23,22:00,83.31,83.91,83.03,83.81,2876
2013.10.24,16:00,83.29,83.90,83.11,83.85,2025
2013.10.24,17:00,83.86,84.17,83.53,84.05,2094
2013.10.24,18:00,84.06,84.73,84.01,84.60,1602
2013.10.24,19:00,84.59,84.73,84.32,84.71,979
2013.10.24,20:00,84.72,84.73,84.43,84.47,716
2013.10.24,21:00,84.46,84.88,84.42,84.87,906
2013.10.24,22:00,84.88,84.98,84.39,84.51,1697
2013.10.25,16:00,84.30,84.48,83.59,83.78,967
2013.10.25,17:00,83.79,84.28,83.77,84.26,995
2013.10.25,18:00,84.27,84.46,84.03,84.44,745
2013.10.25,19:00,84.42,84.55,84.30,84.54,489
2013.10.25,20:00,84.55,84.61,84.34,84.39,487
2013.10.25,21:00,84.40,84.72,84.34,84.64,556
2013.10.25,22:00,84.63,84.76,84.47,84.75,1018
2013.10.28,15:00,84.48,84.71,84.26,84.46,663
2013.10.28,16:00,84.44,84.57,84.17,84.23,929
2013.10.28,17:00,84.22,84.34,84.14,84.19,658
2013.10.28,18:00,84.20,84.45,84.18,84.37,505
2013.10.28,19:00,84.38,84.43,84.23,84.30,415
2013.10.28,20:00,84.31,84.38,84.23,84.26,488
2013.10.28,21:00,84.27,84.30,84.13,84.26,927
2013.10.29,15:00,83.89,84.05,83.62,83.73,1067
2013.10.29,16:00,83.71,83.77,83.28,83.43,1415
2013.10.29,17:00,83.44,83.54,83.31,83.39,684
2013.10.29,18:00,83.38,83.60,83.27,83.55,609
2013.10.29,19:00,83.54,83.71,83.45,83.71,568
2013.10.29,20:00,83.70,83.96,83.66,83.93,623
2013.10.29,21:00,83.94,84.06,83.84,84.06,1039
2013.10.30,15:00,84.15,84.28,83.72,83.91,730
2013.10.30,16:00,83.89,84.08,83.74,83.82,722
2013.10.30,17:00,83.83,83.93,83.53,83.62,725
2013.10.30,18:00,83.61,83.80,83.56,83.75,440
2013.10.30,19:00,83.76,83.78,83.53,83.67,513
2013.10.30,20:00,83.68,83.87,83.19,83.26,1260
2013.10.30,21:00,83.25,83.49,83.23,83.46,1106
2013.10.31,15:00,83.42,84.25,83.35,83.78,840
2013.10.31,16:00,83.77,83.85,83.50,83.78,788
2013.10.31,17:00,83.77,83.81,83.56,83.57,600
2013.10.31,18:00,83.58,83.87,83.50,83.78,431
2013.10.31,19:00,83.77,83.96,83.67,83.67,486
2013.10.31,20:00,83.68,83.85,83.59,83.60,498
2013.10.31,21:00,83.61,83.61,83.34,83.35,1123
2013.11.01,15:00,83.76,83.76,83.21,83.45,731
2013.11.01,16:00,83.46,83.78,83.29,83.42,1017
2013.11.01,17:00,83.41,83.42,82.98,83.00,928
2013.11.01,18:00,83.01,83.13,82.78,83.06,854
2013.11.01,19:00,83.04,83.46,82.91,83.42,612
2013.11.01,20:00,83.43,83.54,83.35,83.46,553
2013.11.01,21:00,83.47,83.78,83.44,83.61,1102
2013.11.04,16:00,83.79,83.97,83.60,83.79,499
2013.11.04,17:00,83.80,83.92,83.48,83.48,772
2013.11.04,18:00,83.49,83.76,83.43,83.49,540
2013.11.04,19:00,83.50,83.59,83.46,83.50,363
2013.11.04,20:00,83.51,83.79,83.48,83.75,357
2013.11.04,21:00,83.74,83.93,83.74,83.89,394
2013.11.04,22:00,83.85,83.92,83.82,83.87,376
2013.11.05,16:00,83.59,83.72,83.39,83.42,577
2013.11.05,17:00,83.43,83.68,83.34,83.45,739
2013.11.05,18:00,83.46,83.82,83.45,83.73,620
2013.11.05,19:00,83.72,83.94,83.64,83.67,573
2013.11.05,20:00,83.68,83.87,83.61,83.63,393
2013.11.05,21:00,83.64,84.14,83.64,84.07,579
2013.11.05,22:00,84.06,84.17,83.88,84.04,850
2013.11.06,16:00,84.28,84.31,83.83,84.00,685
2013.11.06,17:00,84.01,84.34,84.01,84.08,909
2013.11.06,18:00,84.06,84.17,83.87,83.91,726
2013.11.06,19:00,83.92,84.14,83.90,84.00,439
2013.11.06,20:00,84.01,84.06,83.92,84.06,355
2013.11.06,21:00,84.05,84.27,84.04,84.21,479
2013.11.06,22:00,84.20,84.26,84.11,84.20,651
2013.11.07,16:00,83.93,84.36,83.73,84.26,935
2013.11.07,17:00,84.27,84.41,83.92,83.94,1215
2013.11.07,18:00,83.96,84.22,83.69,84.12,913
2013.11.07,19:00,84.11,84.24,83.88,83.98,534
2013.11.07,20:00,83.97,83.99,83.76,83.81,712
2013.11.07,21:00,83.80,83.87,83.63,83.75,805
2013.11.07,22:00,83.76,83.83,83.48,83.54,1286
2013.11.08,16:00,83.50,84.01,83.50,83.66,519
2013.11.08,17:00,83.67,84.01,83.57,83.93,973
2013.11.08,18:00,83.94,84.06,83.80,84.00,693
2013.11.08,19:00,84.01,84.30,83.83,83.94,762
2013.11.08,20:00,83.95,84.23,83.95,84.13,677
2013.11.08,21:00,84.14,84.18,84.02,84.07,468
2013.11.08,22:00,84.06,84.23,83.99,84.22,938
2013.11.11,16:00,84.17,84.45,83.84,84.18,581
2013.11.11,17:00,84.21,84.33,83.95,84.12,732
2013.11.11,18:00,84.15,84.20,83.81,83.83,593
2013.11.11,19:00,83.82,84.01,83.80,83.93,344
2013.11.11,20:00,83.94,84.07,83.92,84.02,264
2013.11.11,21:00,84.03,84.14,83.97,84.12,252
2013.11.11,22:00,84.11,84.18,84.04,84.12,531
2013.11.12,16:00,83.96,84.23,83.84,83.96,512
2013.11.12,17:00,83.98,84.09,83.84,83.87,843
2013.11.12,18:00,83.86,83.94,83.58,83.62,693
2013.11.12,19:00,83.63,83.75,83.58,83.75,473
2013.11.12,20:00,83.74,83.82,83.51,83.68,407
2013.11.12,21:00,83.67,83.79,83.52,83.76,362
2013.11.12,22:00,83.77,83.89,83.74,83.84,736
2013.11.13,16:00,83.44,83.73,82.98,83.51,738
2013.11.13,17:00,83.54,83.76,83.46,83.72,762
2013.11.13,18:00,83.71,83.74,83.48,83.60,436
2013.11.13,19:00,83.59,84.09,83.54,84.03,439
2013.11.13,20:00,84.02,84.15,83.78,84.01,436
2013.11.13,21:00,84.00,84.04,83.67,83.67,404
2013.11.13,22:00,83.68,84.23,83.67,84.20,640
2013.11.14,16:00,83.98,84.18,83.63,83.88,713
2013.11.14,17:00,83.86,83.97,83.59,83.89,978
2013.11.14,18:00,83.88,84.04,83.59,83.59,654
2013.11.14,19:00,83.67,83.78,83.54,83.69,556
2013.11.14,20:00,83.70,83.87,83.70,83.82,419
2013.11.14,21:00,83.83,83.93,83.73,83.79,510
2013.11.14,22:00,83.78,83.87,83.70,83.74,1006
2013.11.15,16:00,84.02,84.09,83.48,83.68,812
2013.11.15,17:00,83.67,83.81,83.48,83.79,854
2013.11.15,18:00,83.80,83.92,83.75,83.83,598
2013.11.15,19:00,83.81,83.84,83.61,83.72,472
2013.11.15,20:00,83.73,84.01,83.70,83.98,455
2013.11.15,21:00,83.99,84.01,83.85,83.94,401
2013.11.15,22:00,83.93,83.97,83.77,83.79,959
2013.11.18,16:00,84.03,84.06,83.72,83.81,560
2013.11.18,17:00,83.79,84.23,83.72,84.21,843
2013.11.18,18:00,84.22,84.55,84.06,84.20,806
2013.11.18,19:00,84.21,84.29,83.98,84.20,486
2013.11.18,20:00,84.21,84.41,84.19,84.38,434
2013.11.18,21:00,84.37,84.95,84.31,84.33,1123
2013.11.18,22:00,84.32,84.35,83.92,84.02,1123
2013.11.19,16:00,84.09,84.48,83.99,84.31,906
2013.11.19,17:00,84.30,84.43,83.94,84.07,1156
2013.11.19,18:00,84.06,84.08,83.68,83.76,678
2013.11.19,19:00,83.77,83.92,83.71,83.72,471
2013.11.19,20:00,83.71,83.73,83.50,83.54,578
2013.11.19,21:00,83.53,83.76,83.46,83.63,789
2013.11.19,22:00,83.64,83.79,83.55,83.63,1031
2013.11.20,16:00,83.16,83.69,83.03,83.19,1549
2013.11.20,17:00,83.21,83.23,82.44,82.87,2295
2013.11.20,18:00,82.86,83.13,82.67,82.93,928
2013.11.20,19:00,82.92,83.10,82.89,82.98,471
2013.11.20,20:00,82.97,83.16,82.94,83.07,398
2013.11.20,21:00,83.06,83.09,82.56,82.64,912
2013.11.20,22:00,82.63,82.76,82.49,82.66,1245
2013.11.21,16:00,83.03,83.07,81.88,82.23,1173
2013.11.21,17:00,82.24,82.38,82.01,82.04,971
2013.11.21,18:00,82.03,82.16,81.85,81.91,796
2013.11.21,19:00,81.92,82.20,81.85,82.14,642
2013.11.21,20:00,82.13,82.21,81.93,81.97,561
2013.11.21,21:00,81.98,82.02,81.86,81.95,582
2013.11.21,22:00,81.96,82.18,81.89,82.11,1118
2013.11.22,16:00,82.19,82.42,81.98,82.19,666
2013.11.22,17:00,82.21,82.68,82.18,82.59,1073
2013.11.22,18:00,82.57,82.62,82.38,82.48,673
2013.11.22,19:00,82.47,82.48,82.29,82.41,511
2013.11.22,20:00,82.42,82.56,82.40,82.56,429
2013.11.22,21:00,82.55,82.92,82.53,82.81,504
2013.11.22,22:00,82.82,82.93,82.80,82.86,939
2013.11.25,16:00,84.38,84.68,83.85,84.62,2149
2013.11.25,17:00,84.63,84.92,84.59,84.80,1527
2013.11.25,18:00,84.81,84.90,84.74,84.87,886
2013.11.25,19:00,84.88,84.89,84.45,84.49,790
2013.11.25,20:00,84.48,84.68,84.46,84.59,489
2013.11.25,21:00,84.58,84.76,84.54,84.68,457
2013.11.25,22:00,84.67,84.72,84.24,84.38,1286
2013.11.26,16:00,84.78,84.81,84.11,84.26,624
2013.11.26,17:00,84.27,84.27,83.99,84.19,702
2013.11.26,18:00,84.17,84.26,84.00,84.03,574
2013.11.26,19:00,84.01,84.29,84.00,84.29,374
2013.11.26,20:00,84.28,84.37,84.22,84.31,362
2013.11.26,21:00,84.32,84.33,84.17,84.26,441
2013.11.26,22:00,84.27,84.35,84.18,84.35,937
2013.11.27,16:00,84.41,84.66,84.31,84.50,437
2013.11.27,17:00,84.51,84.90,84.50,84.88,729
2013.11.27,18:00,84.87,84.88,84.69,84.74,568
2013.11.27,19:00,84.73,84.75,84.63,84.67,411
2013.11.27,20:00,84.65,84.77,84.55,84.76,366
2013.11.27,21:00,84.75,84.87,84.74,84.80,303
2013.11.27,22:00,84.81,84.83,84.63,84.66,752
2013.11.29,16:00,84.61,84.97,84.51,84.63,349
2013.11.29,17:00,84.64,84.75,84.51,84.75,547
2013.11.29,18:00,84.76,84.95,84.74,84.95,401
2013.11.29,19:00,84.96,85.16,84.55,84.56,889
2013.11.29,20:00,84.58,84.83,84.40,84.60,352
2013.11.29,21:00,84.58,84.65,84.58,84.65,5
2013.11.29,22:00,84.64,84.64,84.63,84.63,2
2013.12.02,16:00,84.68,84.88,84.50,84.84,431
2013.12.02,17:00,84.86,85.07,84.72,84.93,869
2013.12.02,18:00,84.94,85.03,84.41,84.60,1013
2013.12.02,19:00,84.58,84.74,84.55,84.58,481
2013.12.02,20:00,84.56,84.60,84.51,84.53,339
2013.12.02,21:00,84.54,84.56,84.24,84.24,373
2013.12.02,22:00,84.25,84.25,84.01,84.23,1215
2013.12.03,16:00,83.78,83.88,83.38,83.77,745
2013.12.03,17:00,83.78,83.81,83.65,83.70,701
2013.12.03,18:00,83.71,83.79,83.25,83.50,845
2013.12.03,19:00,83.51,83.77,83.43,83.73,430
2013.12.03,20:00,83.72,83.77,83.49,83.53,425
2013.12.03,21:00,83.52,83.69,83.40,83.68,446
2013.12.03,22:00,83.67,83.93,83.48,83.84,972
2013.12.04,16:00,83.73,83.91,83.39,83.40,605
2013.12.04,17:00,83.39,84.35,83.37,84.12,1189
2013.12.04,18:00,84.13,84.26,83.80,83.93,859
2013.12.04,19:00,83.94,84.06,83.61,83.75,578
2013.12.04,20:00,83.76,83.79,83.09,83.34,914
2013.12.04,21:00,83.33,83.64,83.29,83.57,552
2013.12.04,22:00,83.56,84.29,83.47,83.95,1419
2013.12.05,16:00,83.91,84.33,83.69,84.19,664
2013.12.05,17:00,84.20,84.57,84.16,84.29,1023
2013.12.05,18:00,84.28,84.49,84.20,84.41,722
2013.12.05,19:00,84.42,84.54,84.25,84.30,491
2013.12.05,20:00,84.31,84.39,84.18,84.29,365
2013.12.05,21:00,84.28,84.46,84.08,84.16,623
2013.12.05,22:00,84.17,84.39,84.14,84.39,1256
2013.12.06,16:00,85.04,85.33,84.91,85.20,771
2013.12.06,17:00,85.22,85.36,85.00,85.09,1031
2013.12.06,18:00,85.10,85.36,85.09,85.26,653
2013.12.06,19:00,85.25,85.44,85.08,85.42,526
2013.12.06,20:00,85.41,85.56,85.39,85.40,534
2013.12.06,21:00,85.41,85.55,85.40,85.50,430
2013.12.06,22:00,85.51,85.56,85.31,85.49,1012
2013.12.09,16:00,85.68,86.31,85.54,86.28,806
2013.12.09,17:00,86.24,86.48,86.00,86.14,980
2013.12.09,18:00,86.13,86.33,85.57,86.32,495
2013.12.09,19:00,86.31,86.47,86.20,86.37,391
2013.12.09,20:00,86.38,86.51,86.30,86.38,510
2013.12.09,21:00,86.39,86.50,86.32,86.36,441
2013.12.09,22:00,86.35,86.39,85.94,86.10,1150
2013.12.10,16:00,85.95,86.73,85.90,86.70,869
2013.12.10,17:00,86.71,86.85,86.60,86.70,1094
2013.12.10,18:00,86.71,86.85,86.55,86.61,815
2013.12.10,19:00,86.59,86.69,86.49,86.64,589
2013.12.10,20:00,86.63,86.78,86.50,86.52,567
2013.12.10,21:00,86.51,86.58,86.40,86.53,478
2013.12.10,22:00,86.54,86.63,86.36,86.40,1061
2013.12.11,16:00,86.01,86.20,85.54,85.87,1015
2013.12.11,17:00,85.85,85.95,85.60,85.76,1065
2013.12.11,18:00,85.77,85.86,85.48,85.72,758
2013.12.11,19:00,85.70,85.75,85.16,85.29,1014
2013.12.11,20:00,85.28,85.70,85.12,85.69,683
2013.12.11,21:00,85.68,85.69,85.35,85.37,524
2013.12.11,22:00,85.38,85.41,85.10,85.26,1103
2013.12.12,16:00,85.28,85.42,84.82,85.06,810
2013.12.12,17:00,85.05,85.27,84.87,85.15,875
2013.12.12,18:00,85.14,85.41,85.07,85.23,634
2013.12.12,19:00,85.22,85.25,85.05,85.24,569
2013.12.12,20:00,85.25,85.41,85.18,85.29,400
2013.12.12,21:00,85.28,85.65,85.27,85.65,445
2013.12.12,22:00,85.64,85.68,85.30,85.55,1007
2013.12.13,16:00,85.65,85.99,85.55,85.77,474
2013.12.13,17:00,85.78,85.99,85.68,85.76,608
2013.12.13,18:00,85.75,85.82,85.61,85.78,507
2013.12.13,19:00,85.77,85.93,85.70,85.91,392
2013.12.13,20:00,85.92,86.07,85.89,85.98,384
2013.12.13,21:00,85.99,86.01,85.80,85.99,500
2013.12.13,22:00,86.00,86.21,85.92,86.05,992
2013.12.16,16:00,86.48,87.22,86.42,87.16,1236
2013.12.16,17:00,87.17,87.44,87.09,87.28,967
2013.12.16,18:00,87.27,87.70,87.21,87.55,1071
2013.12.16,19:00,87.54,87.56,87.37,87.54,767
2013.12.16,20:00,87.55,87.70,87.37,87.67,510
2013.12.16,21:00,87.66,87.83,87.59,87.59,602
2013.12.16,22:00,87.60,87.69,87.34,87.37,1142
2013.12.17,16:00,87.15,87.63,86.95,87.09,1021
2013.12.17,17:00,87.11,87.23,86.71,86.77,901
2013.12.17,18:00,86.76,86.81,86.56,86.57,576
2013.12.17,19:00,86.59,86.73,86.43,86.64,404
2013.12.17,20:00,86.65,86.65,86.36,86.47,387
2013.12.17,21:00,86.48,86.73,86.45,86.67,444
2013.12.17,22:00,86.66,86.98,86.66,86.91,829
2013.12.18,16:00,86.99,87.06,86.63,86.86,544
2013.12.18,17:00,86.82,87.23,86.71,87.23,825
2013.12.18,18:00,87.22,87.29,87.11,87.25,573
2013.12.18,19:00,87.24,87.47,87.19,87.41,659
2013.12.18,20:00,87.42,87.68,87.30,87.55,986
2013.12.18,21:00,87.56,88.32,87.11,88.25,2167
2013.12.18,22:00,88.24,88.44,88.10,88.15,1680
2013.12.19,16:00,87.52,87.82,87.44,87.63,833
2013.12.19,17:00,87.64,87.69,87.32,87.44,823
2013.12.19,18:00,87.45,87.60,87.34,87.53,560
2013.12.19,19:00,87.54,87.54,87.24,87.44,480
2013.12.19,20:00,87.43,87.63,87.43,87.47,404
2013.12.19,21:00,87.48,87.55,87.38,87.50,382
2013.12.19,22:00,87.51,87.63,87.45,87.51,806
2013.12.20,16:00,87.83,88.43,87.79,88.35,697
2013.12.20,17:00,88.34,88.70,88.34,88.48,984
2013.12.20,18:00,88.49,88.75,88.47,88.75,764
2013.12.20,19:00,88.76,88.86,88.71,88.74,614
2013.12.20,20:00,88.75,88.89,88.73,88.87,532
2013.12.20,21:00,88.86,88.92,88.79,88.82,501
2013.12.20,22:00,88.83,89.09,88.82,88.91,1543
2013.12.23,16:00,89.29,89.85,89.25,89.69,880
2013.12.23,17:00,89.70,89.93,89.70,89.79,988
2013.12.23,18:00,89.77,90.05,89.76,89.78,865
2013.12.23,19:00,89.77,89.93,89.74,89.92,479
2013.12.23,20:00,89.91,90.01,89.86,89.99,541
2013.12.23,21:00,89.98,90.01,89.82,89.93,575
2013.12.23,22:00,89.92,90.03,89.91,89.95,857
2013.12.24,16:00,89.98,90.65,89.97,90.50,524
2013.12.24,17:00,90.51,90.83,90.50,90.75,781
2013.12.24,18:00,90.74,90.86,90.69,90.78,628
2013.12.26,16:00,90.97,91.33,90.68,91.11,652
2013.12.26,17:00,91.12,91.17,90.68,90.73,702
2013.12.26,18:00,90.72,91.01,90.69,91.01,408
2013.12.26,19:00,91.00,91.48,90.94,91.45,386
2013.12.26,20:00,91.46,91.65,91.20,91.58,646
2013.12.26,21:00,91.57,91.63,91.48,91.50,520
2013.12.26,22:00,91.51,91.52,91.09,91.13,784
2013.12.27,16:00,91.12,91.41,90.93,90.96,718
2013.12.27,17:00,90.97,91.23,90.64,90.68,851
2013.12.27,18:00,90.67,90.94,90.54,90.85,631
2013.12.27,19:00,90.87,91.01,90.80,90.86,452
2013.12.27,20:00,90.85,90.96,90.77,90.92,316
2013.12.27,21:00,90.93,90.94,90.79,90.81,340
2013.12.27,22:00,90.82,90.93,90.73,90.82,523
2013.12.30,16:00,90.83,91.01,90.26,90.82,712
2013.12.30,17:00,90.80,91.00,90.72,90.72,621
2013.12.30,18:00,90.73,90.85,90.65,90.81,452
2013.12.30,19:00,90.82,90.91,90.76,90.83,305
2013.12.30,20:00,90.84,90.93,90.82,90.90,253
2013.12.30,21:00,90.91,90.94,90.80,90.85,266
2013.12.30,22:00,90.84,90.90,90.80,90.85,503
2013.12.31,16:00,90.98,91.16,90.72,90.87,467
2013.12.31,17:00,90.86,91.00,90.54,90.61,612
2013.12.31,18:00,90.62,90.83,90.60,90.73,379
2014.01.02,16:00,90.42,90.43,89.62,89.63,1477
2014.01.02,17:00,89.64,90.02,89.31,89.93,1097
2014.01.02,18:00,89.94,90.26,89.87,89.94,779
2014.01.02,19:00,89.93,90.07,89.83,90.03,479
2014.01.02,20:00,90.02,90.07,89.78,90.07,551
2014.01.02,21:00,90.08,90.36,89.84,89.89,581
2014.01.02,22:00,89.90,90.06,89.73,89.86,1044
2014.01.03,16:00,89.98,90.09,89.71,89.90,738
2014.01.03,17:00,89.92,90.22,89.79,90.22,671
2014.01.03,18:00,90.21,90.23,89.78,89.79,577
2014.01.03,19:00,89.80,90.15,89.72,89.93,357
2014.01.03,20:00,89.94,89.99,89.63,89.66,412
2014.01.03,21:00,89.67,89.85,89.57,89.79,389
2014.01.03,22:00,89.78,89.96,89.67,89.78,782
2014.01.06,16:00,90.17,90.28,89.08,89.46,960
2014.01.06,17:00,89.45,89.45,88.71,88.72,1226
2014.01.06,18:00,88.73,88.74,88.36,88.62,962
2014.01.06,19:00,88.63,88.95,88.62,88.84,651
2014.01.06,20:00,88.85,89.14,88.72,88.94,643
2014.01.06,21:00,88.95,89.01,88.84,89.01,449
2014.01.06,22:00,89.02,89.06,88.61,88.62,949
2014.01.07,16:00,88.75,89.21,88.74,89.02,597
2014.01.07,17:00,89.06,89.09,88.75,89.01,759
2014.01.07,18:00,89.02,89.17,89.00,89.14,496
2014.01.07,19:00,89.13,89.13,88.73,89.00,435
2014.01.07,20:00,88.99,89.04,88.87,88.88,294
2014.01.07,21:00,88.87,89.05,88.79,88.90,361
2014.01.07,22:00,88.91,89.06,88.82,88.91,799
2014.01.08,16:00,88.76,89.35,88.65,88.88,662
2014.01.08,17:00,88.87,89.35,88.82,89.23,981
2014.01.08,18:00,89.24,89.72,89.09,89.69,791
2014.01.08,19:00,89.68,89.80,89.50,89.51,674
2014.01.08,20:00,89.52,89.68,89.43,89.45,370
2014.01.08,21:00,89.44,89.56,89.09,89.14,651
2014.01.08,22:00,89.13,89.23,88.90,89.12,707
2014.01.09,16:00,89.24,89.54,88.74,88.93,639
2014.01.09,17:00,88.94,88.99,88.67,88.77,1128
2014.01.09,18:00,88.76,89.17,88.72,88.93,1069
2014.01.09,19:00,88.92,89.27,88.91,89.27,471
2014.01.09,20:00,89.28,89.36,89.15,89.35,485
2014.01.09,21:00,89.34,89.58,89.24,89.52,520
2014.01.09,22:00,89.51,89.78,89.51,89.69,901
2014.01.10,16:00,89.39,90.47,89.27,90.26,774
2014.01.10,17:00,90.27,90.27,89.76,90.02,953
2014.01.10,18:00,90.03,90.33,90.02,90.20,871
2014.01.10,19:00,90.19,90.57,90.19,90.38,703
2014.01.10,20:00,90.39,90.58,90.32,90.35,529
2014.01.10,21:00,90.36,90.46,90.22,90.23,445
2014.01.10,22:00,90.24,90.48,90.19,90.47,1148
2014.01.13,16:00,90.25,91.07,90.22,91.06,772
2014.01.13,17:00,91.04,91.24,90.92,90.94,825
2014.01.13,18:00,90.93,90.93,90.53,90.56,603
2014.01.13,19:00,90.55,90.68,90.43,90.53,558
2014.01.13,20:00,90.52,90.55,90.31,90.49,519
2014.01.13,21:00,90.50,90.61,90.26,90.34,649
2014.01.13,22:00,90.33,90.33,89.79,89.87,1288
2014.01.14,16:00,89.84,90.45,89.84,90.15,608
2014.01.14,17:00,90.16,90.69,90.15,90.50,761
2014.01.14,18:00,90.51,90.62,90.21,90.30,544
2014.01.14,19:00,90.31,90.47,90.20,90.20,401
2014.01.14,20:00,90.21,90.37,90.18,90.26,334
2014.01.14,21:00,90.25,90.41,90.09,90.36,420
2014.01.14,22:00,90.37,90.58,90.33,90.55,912
2014.01.15,16:00,90.86,91.74,90.86,91.50,1377
2014.01.15,17:00,91.52,92.45,91.52,92.23,1770
2014.01.15,18:00,92.25,93.05,92.22,92.98,1706
2014.01.15,19:00,92.97,93.18,92.25,92.41,1302
2014.01.15,20:00,92.42,92.46,92.20,92.25,797
2014.01.15,21:00,92.26,92.64,92.21,92.61,704
2014.01.15,22:00,92.60,92.62,92.34,92.40,1082
2014.01.16,16:00,91.86,92.79,91.86,92.73,1091
2014.01.16,17:00,92.72,92.84,91.87,91.91,1207
2014.01.16,18:00,91.90,91.99,91.68,91.78,908
2014.01.16,19:00,91.77,92.08,91.76,91.98,410
2014.01.16,20:00,91.99,92.12,91.87,91.98,453
2014.01.16,21:00,91.97,92.02,91.85,91.87,380
2014.01.16,22:00,91.88,92.02,91.81,92.00,717
2014.01.17,16:00,92.13,92.24,91.70,92.03,631
2014.01.17,17:00,92.02,92.22,91.90,92.05,714
2014.01.17,18:00,92.04,92.21,92.00,92.06,389
2014.01.17,19:00,92.05,92.22,92.00,92.01,284
2014.01.17,20:00,92.02,92.02,91.71,91.81,397
2014.01.17,21:00,91.82,91.82,91.46,91.51,436
2014.01.17,22:00,91.52,91.55,90.99,91.29,1528
2014.01.21,16:00,91.58,91.83,90.84,91.05,986
2014.01.21,17:00,91.04,91.09,90.13,90.42,1642
2014.01.21,18:00,90.43,90.43,89.62,89.99,1409
2014.01.21,19:00,90.00,90.18,89.79,90.08,718
2014.01.21,20:00,90.10,90.45,89.97,90.37,522
2014.01.21,21:00,90.38,90.60,90.21,90.50,580
2014.01.21,22:00,90.49,90.70,90.42,90.57,904
2014.01.22,16:00,90.60,90.80,89.99,90.01,872
2014.01.22,17:00,90.04,90.44,89.68,89.78,1053
2014.01.22,18:00,89.79,89.84,89.51,89.56,654
2014.01.22,19:00,89.55,89.86,89.48,89.60,433
2014.01.22,20:00,89.61,89.67,89.39,89.41,431
2014.01.22,21:00,89.42,89.57,89.33,89.46,432
2014.01.22,22:00,89.47,89.72,89.43,89.62,785
2014.01.23,16:00,88.60,89.06,88.09,88.42,1030
2014.01.23,17:00,88.39,88.84,88.38,88.42,1270
2014.01.23,18:00,88.41,88.55,88.08,88.37,964
2014.01.23,19:00,88.38,88.52,88.16,88.36,608
2014.01.23,20:00,88.35,88.41,88.17,88.19,462
2014.01.23,21:00,88.20,88.55,88.20,88.50,618
2014.01.23,22:00,88.51,88.54,88.34,88.47,1054
2014.01.24,16:00,87.96,87.96,86.51,86.58,1406
2014.01.24,17:00,86.57,86.89,86.20,86.25,1829
2014.01.24,18:00,86.26,86.38,86.00,86.37,1303
2014.01.24,19:00,86.38,86.44,86.03,86.09,917
2014.01.24,20:00,86.08,86.41,86.01,86.29,544
2014.01.24,21:00,86.28,86.29,86.03,86.14,705
2014.01.24,22:00,86.15,86.29,85.86,86.20,1520
2014.01.27,16:00,91.75,92.29,90.84,91.40,6286
2014.01.27,17:00,91.39,92.18,90.35,90.75,5646
2014.01.27,18:00,90.73,91.33,89.55,89.65,5031
2014.01.27,19:00,89.64,89.87,89.20,89.64,2246
2014.01.27,20:00,89.63,90.36,89.05,89.86,1883
2014.01.27,21:00,89.85,90.95,89.80,90.92,1803
2014.01.27,22:00,90.91,91.33,90.66,91.23,2852
2014.01.28,16:00,91.39,92.19,91.33,92.17,1523
2014.01.28,17:00,92.18,92.27,91.66,92.01,1660
2014.01.28,18:00,92.00,92.16,91.70,91.89,1023
2014.01.28,19:00,91.88,92.08,91.69,92.02,705
2014.01.28,20:00,92.03,92.25,91.98,92.23,657
2014.01.28,21:00,92.22,92.65,92.21,92.46,1017
2014.01.28,22:00,92.47,92.56,92.30,92.47,1488
2014.01.29,16:00,91.42,91.90,90.90,91.54,1623
2014.01.29,17:00,91.52,91.94,91.20,91.51,1410
2014.01.29,18:00,91.52,91.67,91.18,91.30,860
2014.01.29,19:00,91.29,91.32,90.88,90.98,739
2014.01.29,20:00,90.97,91.07,90.85,90.98,589
2014.01.29,21:00,90.99,91.19,90.35,90.48,1765
2014.01.29,22:00,90.49,90.67,90.28,90.61,1486
2014.01.30,16:00,91.50,91.57,90.72,91.06,891
2014.01.30,17:00,91.07,91.86,90.96,91.82,1201
2014.01.30,18:00,91.80,92.52,91.71,92.36,1200
2014.01.30,19:00,92.37,92.83,92.23,92.80,808
2014.01.30,20:00,92.79,92.98,92.58,92.81,829
2014.01.30,21:00,92.80,93.03,92.66,92.98,701
2014.01.30,22:00,92.99,93.83,92.97,93.17,2038
2014.01.31,16:00,92.08,94.10,92.05,93.22,2099
2014.01.31,17:00,93.19,94.00,93.18,93.98,1817
2014.01.31,18:00,93.99,94.67,93.77,94.20,1712
2014.01.31,19:00,94.18,94.65,94.13,94.24,964
2014.01.31,20:00,94.23,94.56,94.14,94.51,776
2014.01.31,21:00,94.52,94.57,94.25,94.32,855
2014.01.31,22:00,94.33,94.34,93.84,93.89,1465
2014.02.03,16:00,93.72,93.92,93.03,93.36,1276
2014.02.03,17:00,93.33,93.33,92.30,92.54,2033
2014.02.03,18:00,92.55,92.56,92.01,92.24,1487
2014.02.03,19:00,92.23,92.59,91.99,92.41,1123
2014.02.03,20:00,92.42,92.50,91.93,92.07,1178
2014.02.03,21:00,92.06,92.39,92.01,92.12,1099
2014.02.03,22:00,92.11,92.76,92.08,92.42,2201
2014.02.04,16:00,92.28,92.37,91.53,92.08,1306
2014.02.04,17:00,92.09,92.30,91.47,91.90,1540
2014.02.04,18:00,91.89,92.28,91.86,92.28,1155
2014.02.04,19:00,92.27,92.45,92.12,92.40,808
2014.02.04,20:00,92.39,92.60,92.17,92.27,872
2014.02.04,21:00,92.28,92.45,92.20,92.42,679
2014.02.04,22:00,92.43,92.63,92.18,92.47,1480
2014.02.05,16:00,92.22,92.49,91.68,91.90,935
2014.02.05,17:00,91.91,92.43,91.04,91.58,2103
2014.02.05,18:00,91.56,92.36,91.41,92.27,1198
2014.02.05,19:00,92.28,92.35,92.02,92.22,812
2014.02.05,20:00,92.24,92.41,91.99,91.99,723
2014.02.05,21:00,92.00,92.12,91.69,91.76,840
2014.02.05,22:00,91.78,92.22,91.74,91.95,1102
2014.02.06,16:00,91.92,93.38,91.77,93.28,1067
2014.02.06,17:00,93.31,93.75,93.07,93.57,1519
2014.02.06,18:00,93.56,93.64,93.32,93.38,1051
2014.02.06,19:00,93.39,93.59,93.38,93.50,796
2014.02.06,20:00,93.51,93.67,93.21,93.46,686
2014.02.06,21:00,93.47,93.97,93.46,93.94,918
2014.02.06,22:00,93.95,94.21,93.77,93.81,1546
2014.02.07,16:00,94.15,94.76,94.04,94.34,1360
2014.02.07,17:00,94.35,94.57,93.86,94.46,1297
2014.02.07,18:00,94.47,94.68,94.31,94.48,915
2014.02.07,19:00,94.49,94.71,94.36,94.68,676
2014.02.07,20:00,94.69,95.22,94.56,95.09,1009
2014.02.07,21:00,95.08,95.09,94.71,94.81,794
2014.02.07,22:00,94.83,95.00,94.67,94.84,1309
2014.02.10,16:00,94.92,94.96,93.87,94.50,1149
2014.02.10,17:00,94.52,94.54,93.61,93.81,1346
2014.02.10,18:00,93.80,93.97,93.64,93.90,1104
2014.02.10,19:00,93.92,94.15,93.82,93.95,534
2014.02.10,20:00,93.94,94.19,93.92,94.07,514
2014.02.10,21:00,94.06,94.66,94.05,94.50,805
2014.02.10,22:00,94.48,94.61,94.33,94.48,929
2014.02.11,16:00,94.60,95.00,94.26,94.75,940
2014.02.11,17:00,94.74,94.99,94.48,94.75,1125
2014.02.11,18:00,94.73,95.28,94.61,95.24,1344
2014.02.11,19:00,95.22,95.32,94.82,94.92,1005
2014.02.11,20:00,94.93,95.03,94.74,94.76,679
2014.02.11,21:00,94.75,95.00,94.65,95.00,689
2014.02.11,22:00,95.01,95.31,94.89,94.91,1071
2014.02.12,16:00,95.29,96.38,95.15,96.27,1301
2014.02.12,17:00,96.29,96.62,95.85,95.85,2034
2014.02.12,18:00,95.86,96.14,95.63,95.84,1185
2014.02.12,19:00,95.87,96.32,95.78,95.95,878
2014.02.12,20:00,95.96,96.35,95.79,96.21,682
2014.02.12,21:00,96.20,96.33,95.99,96.18,851
2014.02.12,22:00,96.17,96.34,96.08,96.15,1394
2014.02.13,16:00,95.27,95.69,95.09,95.34,788
2014.02.13,17:00,95.36,95.91,95.18,95.73,1024
2014.02.13,18:00,95.74,96.14,95.72,95.99,659
2014.02.13,19:00,95.98,96.03,95.88,96.01,423
2014.02.13,20:00,96.00,96.30,96.00,96.19,540
2014.02.13,21:00,96.21,96.39,96.02,96.12,560
2014.02.13,22:00,96.11,96.15,95.93,96.07,887
2014.02.14,16:00,95.84,96.50,95.82,96.23,769
2014.02.14,17:00,96.22,96.45,96.07,96.27,877
2014.02.14,18:00,96.28,96.32,96.00,96.15,625
2014.02.14,19:00,96.16,96.25,96.01,96.13,487
2014.02.14,20:00,96.12,96.48,96.10,96.42,472
2014.02.14,21:00,96.43,96.63,96.36,96.61,473
2014.02.14,22:00,96.62,96.66,96.43,96.51,919
2014.02.18,16:00,95.83,96.92,95.83,96.75,986
2014.02.18,17:00,96.74,96.74,96.28,96.38,881
2014.02.18,18:00,96.39,96.83,96.32,96.58,654
2014.02.18,19:00,96.57,96.65,96.22,96.30,480
2014.02.18,20:00,96.31,96.43,96.15,96.25,351
2014.02.18,21:00,96.24,96.36,96.15,96.22,409
2014.02.18,22:00,96.21,96.61,96.18,96.53,852
2014.02.19,16:00,96.17,97.22,96.17,97.21,707
2014.02.19,17:00,97.22,97.65,97.13,97.36,1321
2014.02.19,18:00,97.35,97.36,96.79,96.79,890
2014.02.19,19:00,96.80,96.97,96.46,96.83,845
2014.02.19,20:00,96.84,97.14,96.76,96.78,637
2014.02.19,21:00,96.77,97.00,96.49,96.66,863
2014.02.19,22:00,96.64,96.72,96.09,96.18,1272
2014.02.20,16:00,96.49,96.98,95.42,95.52,1266
2014.02.20,17:00,95.53,96.60,95.28,96.39,1746
2014.02.20,18:00,96.40,96.92,96.34,96.85,859
2014.02.20,19:00,96.84,97.23,96.77,97.02,1103
2014.02.20,20:00,97.03,97.50,97.03,97.34,769
2014.02.20,21:00,97.33,97.34,97.06,97.31,666
2014.02.20,22:00,97.30,97.31,96.88,96.93,1399
2014.02.21,16:00,97.09,97.93,96.90,97.71,1017
2014.02.21,17:00,97.69,97.92,97.32,97.65,1076
2014.02.21,18:00,97.66,97.82,97.48,97.48,785
2014.02.21,19:00,97.50,97.56,97.17,97.32,575
2014.02.21,20:00,97.31,97.63,97.28,97.44,509
2014.02.21,21:00,97.43,97.50,97.16,97.49,722
2014.02.21,22:00,97.48,97.62,97.39,97.48,1215
2014.02.24,16:00,97.53,97.92,97.16,97.65,863
2014.02.24,17:00,97.66,98.05,97.54,97.83,1032
2014.02.24,18:00,97.84,98.16,97.75,98.13,774
2014.02.24,19:00,98.14,98.22,98.03,98.09,528
2014.02.24,20:00,98.11,98.18,97.96,97.97,519
2014.02.24,21:00,97.98,98.00,97.60,97.77,672
2014.02.24,22:00,97.76,97.79,97.30,97.32,1023
2014.02.25,16:00,96.82,96.90,95.81,96.02,1130
2014.02.25,17:00,96.01,96.48,95.87,96.12,1066
2014.02.25,18:00,96.13,96.61,95.95,96.48,919
2014.02.25,19:00,96.49,96.79,96.42,96.66,592
2014.02.25,20:00,96.65,96.92,96.65,96.78,513
2014.02.25,21:00,96.79,96.96,96.60,96.68,689
2014.02.25,22:00,96.69,96.70,96.37,96.39,1534
2014.02.26,16:00,96.64,96.95,96.32,96.56,544
2014.02.26,17:00,96.57,97.71,96.54,97.48,1037
2014.02.26,18:00,97.47,97.68,97.37,97.43,692
2014.02.26,19:00,97.42,97.89,97.39,97.88,460
2014.02.26,20:00,97.87,97.88,97.66,97.67,417
2014.02.26,21:00,97.68,97.78,97.12,97.29,905
2014.02.26,22:00,97.28,97.29,96.88,97.19,1226
2014.02.27,16:00,97.20,97.62,97.02,97.26,493
2014.02.27,17:00,97.27,97.49,96.50,96.78,1095
2014.02.27,18:00,96.77,97.27,96.75,97.23,682
2014.02.27,19:00,97.24,97.28,96.83,96.95,557
2014.02.27,20:00,96.96,97.34,96.95,97.20,458
2014.02.27,21:00,97.19,97.23,96.78,96.87,596
2014.02.27,22:00,96.88,96.94,96.54,96.69,1101
2014.02.28,16:00,96.60,97.01,96.29,96.98,966
2014.02.28,17:00,96.97,97.15,96.82,96.99,1042
2014.02.28,18:00,97.00,97.48,96.70,97.44,702
2014.02.28,19:00,97.42,97.46,97.20,97.23,480
2014.02.28,20:00,97.24,97.49,97.23,97.27,435
2014.02.28,21:00,97.28,97.30,96.95,97.05,820
2014.02.28,22:00,97.04,97.08,96.53,96.94,1655
2014.03.03,16:00,96.30,96.49,95.58,96.44,1327
2014.03.03,17:00,96.48,96.65,95.90,96.06,1386
2014.03.03,18:00,96.07,96.09,95.71,95.80,842
2014.03.03,19:00,95.79,96.01,95.67,96.01,803
2014.03.03,20:00,96.00,96.39,96.00,96.29,569
2014.03.03,21:00,96.30,96.46,96.05,96.25,454
2014.03.03,22:00,96.26,96.34,96.04,96.28,995
2014.03.04,16:00,97.18,97.27,96.61,96.89,845
2014.03.04,17:00,96.90,96.97,96.58,96.96,878
2014.03.04,18:00,96.97,96.98,96.68,96.71,647
2014.03.04,19:00,96.72,96.91,96.72,96.82,363
2014.03.04,20:00,96.83,97.16,96.78,96.90,947
2014.03.04,21:00,96.91,97.37,96.70,97.31,877
2014.03.04,22:00,97.32,97.44,96.94,96.97,1459
2014.03.05,16:00,96.52,96.74,95.86,96.39,1254
2014.03.05,17:00,96.41,96.88,96.18,96.35,1143
2014.03.05,18:00,96.36,96.47,95.97,96.08,817
2014.03.05,19:00,96.09,96.28,95.95,96.25,406
2014.03.05,20:00,96.26,96.45,96.13,96.26,398
2014.03.05,21:00,96.27,96.37,96.14,96.15,462
2014.03.05,22:00,96.14,96.40,95.99,96.35,920
2014.03.06,16:00,96.93,97.58,96.64,97.57,933
2014.03.06,17:00,97.56,97.96,97.31,97.76,1358
2014.03.06,18:00,97.80,98.04,97.75,97.86,797
2014.03.06,19:00,97.87,98.12,97.80,98.10,482
2014.03.06,20:00,98.11,98.13,97.64,97.70,737
2014.03.06,21:00,97.69,97.90,97.53,97.87,574
2014.03.06,22:00,97.88,97.98,97.53,97.61,1255
2014.03.07,16:00,97.82,97.85,96.78,96.98,1091
2014.03.07,17:00,96.94,97.38,96.81,97.03,1408
2014.03.07,18:00,97.02,97.09,96.73,96.85,939
2014.03.07,19:00,96.86,96.95,96.82,96.89,531
2014.03.07,20:00,96.88,96.92,96.51,96.63,653
2014.03.07,21:00,96.64,97.00,96.48,96.92,682
2014.03.07,22:00,96.91,97.03,96.82,97.02,962
2014.03.10,15:00,96.62,96.71,96.03,96.50,916
2014.03.10,16:00,96.49,96.51,95.94,96.02,1323
2014.03.10,17:00,96.01,96.69,95.84,96.34,715
2014.03.10,18:00,96.35,96.62,96.33,96.60,379
2014.03.10,19:00,96.59,96.61,96.35,96.51,331
2014.03.10,20:00,96.50,96.68,96.47,96.66,405
2014.03.10,21:00,96.65,96.78,96.39,96.74,751
2014.03.11,15:00,97.07,97.46,96.79,96.85,655
2014.03.11,16:00,96.84,97.89,96.72,97.72,1175
2014.03.11,17:00,97.75,97.81,97.13,97.15,741
2014.03.11,18:00,97.14,97.37,96.97,97.20,683
2014.03.11,19:00,97.19,97.22,96.88,97.20,723
2014.03.11,20:00,97.19,97.23,96.65,96.74,749
2014.03.11,21:00,96.75,96.89,96.60,96.83,1137
2014.03.12,15:00,96.28,96.97,96.28,96.61,831
2014.03.12,16:00,96.64,97.12,96.54,96.70,1095
2014.03.12,17:00,96.72,97.20,96.57,96.59,726
2014.03.12,18:00,96.58,96.68,96.37,96.67,598
2014.03.12,19:00,96.66,96.68,96.42,96.61,405
2014.03.12,20:00,96.62,96.81,96.59,96.59,431
2014.03.12,21:00,96.60,96.80,96.49,96.80,705
2014.03.13,15:00,97.18,97.71,96.96,97.21,934
2014.03.13,16:00,97.20,97.31,96.64,96.66,1075
2014.03.13,17:00,96.67,96.98,96.51,96.75,867
2014.03.13,18:00,96.76,96.79,95.79,95.83,1090
2014.03.13,19:00,95.84,95.84,95.24,95.57,1747
2014.03.13,20:00,95.58,95.64,95.04,95.21,860
2014.03.13,21:00,95.22,95.61,95.11,95.56,1751
2014.03.14,15:00,95.45,96.23,95.24,95.34,943
2014.03.14,16:00,95.32,95.82,95.32,95.36,1169
2014.03.14,17:00,95.37,95.71,95.18,95.50,979
2014.03.14,18:00,95.48,95.57,95.20,95.49,706
2014.03.14,19:00,95.51,95.61,95.41,95.51,669
2014.03.14,20:00,95.50,95.68,95.31,95.34,485
2014.03.14,21:00,95.35,95.41,95.21,95.38,1052
2014.03.17,15:00,95.95,96.43,95.83,95.88,883
2014.03.17,16:00,95.89,96.20,95.71,95.75,997
2014.03.17,17:00,95.76,95.96,95.53,95.82,689
2014.03.17,18:00,95.81,95.97,95.64,95.76,458
2014.03.17,19:00,95.77,95.90,95.75,95.86,389
2014.03.17,20:00,95.88,95.90,95.58,95.76,638
2014.03.17,21:00,95.75,95.97,95.63,95.66,859
2014.03.18,15:00,96.10,96.12,95.73,95.85,511
2014.03.18,16:00,95.86,96.63,95.68,96.44,1198
2014.03.18,17:00,96.45,96.48,96.24,96.31,534
2014.03.18,18:00,96.32,96.40,96.13,96.38,479
2014.03.18,19:00,96.41,96.58,96.28,96.53,490
2014.03.18,20:00,96.54,96.62,96.49,96.54,437
2014.03.18,21:00,96.53,96.55,96.30,96.38,1009
2014.03.19,15:00,96.07,96.70,95.88,96.57,783
2014.03.19,16:00,96.56,96.64,96.19,96.38,1190
2014.03.19,17:00,96.37,96.56,96.31,96.43,575
2014.03.19,18:00,96.44,96.48,96.05,96.16,530
2014.03.19,19:00,96.17,96.49,96.15,96.34,397
2014.03.19,20:00,96.32,96.32,95.73,96.03,1063
2014.03.19,21:00,96.02,96.22,95.23,96.02,1728
2014.03.20,15:00,95.69,95.79,95.08,95.40,713
2014.03.20,16:00,95.39,95.96,95.28,95.65,1103
2014.03.20,17:00,95.66,96.05,95.59,95.88,713
2014.03.20,18:00,95.87,96.22,95.75,96.10,603
2014.03.20,19:00,96.11,96.20,95.84,95.97,412
2014.03.20,20:00,95.98,96.07,95.88,96.01,324
2014.03.20,21:00,96.00,96.18,95.85,96.17,803
2014.03.21,15:00,96.92,97.38,96.65,97.26,927
2014.03.21,16:00,97.28,97.61,97.03,97.47,1272
2014.03.21,17:00,97.48,97.58,97.23,97.36,731
2014.03.21,18:00,97.37,97.47,97.18,97.32,438
2014.03.21,19:00,97.30,97.47,97.25,97.31,636
2014.03.21,20:00,97.32,97.55,97.24,97.41,790
2014.03.21,21:00,97.40,97.48,97.06,97.27,1429
2014.03.24,15:00,97.58,97.58,97.05,97.33,850
2014.03.24,16:00,97.34,97.34,96.56,96.77,1282
2014.03.24,17:00,96.75,96.76,96.48,96.54,976
2014.03.24,18:00,96.53,96.69,96.40,96.44,725
2014.03.24,19:00,96.43,97.06,96.43,97.03,635
2014.03.24,20:00,97.02,97.21,96.79,96.85,643
2014.03.24,21:00,96.86,97.09,96.66,96.82,884
2014.03.25,15:00,97.34,99.32,97.18,98.90,2076
2014.03.25,16:00,98.92,99.09,98.58,98.69,1838
2014.03.25,17:00,98.68,99.28,98.57,98.91,1576
2014.03.25,18:00,98.93,98.96,98.66,98.70,1179
2014.03.25,19:00,98.71,99.05,98.66,98.76,796
2014.03.25,20:00,98.75,98.90,98.44,98.46,994
2014.03.25,21:00,98.45,98.71,98.43,98.58,1392
2014.03.26,15:00,99.28,99.58,99.05,99.26,1360
2014.03.26,16:00,99.25,99.38,98.79,98.80,1230
2014.03.26,17:00,98.79,98.93,98.48,98.69,833
2014.03.26,18:00,98.70,98.83,98.40,98.78,685
2014.03.26,19:00,98.76,98.86,98.03,98.26,1048
2014.03.26,20:00,98.24,98.28,97.98,98.18,823
2014.03.26,21:00,98.19,98.22,97.78,97.78,1057
2014.03.27,15:00,97.80,98.40,97.27,98.37,883
2014.03.27,16:00,98.36,98.87,98.23,98.40,1249
2014.03.27,17:00,98.41,98.51,98.07,98.48,917
2014.03.27,18:00,98.49,98.80,98.35,98.78,867
2014.03.27,19:00,98.77,98.85,98.57,98.71,710
2014.03.27,20:00,98.72,98.84,98.49,98.58,747
2014.03.27,21:00,98.59,98.66,98.36,98.44,943
2014.03.28,15:00,98.89,99.47,98.76,99.44,969
2014.03.28,16:00,99.46,99.60,99.19,99.42,1231
2014.03.28,17:00,99.43,99.44,99.08,99.16,619
2014.03.28,18:00,99.17,99.40,99.15,99.33,521
2014.03.28,19:00,99.32,99.42,99.15,99.34,806
2014.03.28,20:00,99.35,99.37,99.10,99.27,717
2014.03.28,21:00,99.26,99.38,99.17,99.37,1279
2014.03.31,16:00,99.98,100.61,99.73,100.26,1356
2014.03.31,17:00,100.30,100.36,99.44,99.61,1353
2014.03.31,18:00,99.62,99.62,99.03,99.43,1127
2014.03.31,19:00,99.45,99.90,99.45,99.54,580
2014.03.31,20:00,99.53,99.64,99.25,99.36,534
2014.03.31,21:00,99.35,99.83,99.35,99.71,434
2014.03.31,22:00,99.70,99.70,99.32,99.36,1286
2014.04.01,16:00,98.92,100.05,98.92,100.01,849
2014.04.01,17:00,100.00,100.06,99.76,99.88,1033
2014.04.01,18:00,99.87,99.90,99.55,99.57,653
2014.04.01,19:00,99.58,99.84,99.51,99.57,433
2014.04.01,20:00,99.58,99.79,99.51,99.70,399
2014.04.01,21:00,99.71,99.81,99.59,99.64,547
2014.04.01,22:00,99.63,99.90,99.61,99.77,858
2014.04.02,16:00,100.02,100.89,99.86,100.72,1002
2014.04.02,17:00,100.71,101.88,100.56,101.71,2002
2014.04.02,18:00,101.72,101.90,101.47,101.73,1263
2014.04.02,19:00,101.74,101.81,101.49,101.52,621
2014.04.02,20:00,101.53,101.86,101.47,101.86,650
2014.04.02,21:00,101.85,102.09,101.77,102.02,945
2014.04.02,22:00,102.03,102.74,102.03,102.58,2159
2014.04.03,16:00,101.88,103.16,101.87,103.07,1855
2014.04.03,17:00,103.05,103.18,101.59,102.09,2531
2014.04.03,18:00,102.07,102.35,101.95,102.26,1076
2014.04.03,19:00,102.24,102.66,102.19,102.50,808
2014.04.03,20:00,102.49,102.72,102.30,102.45,750
2014.04.03,21:00,102.44,102.49,102.03,102.37,694
2014.04.03,22:00,102.38,102.68,102.19,102.55,1154
2014.04.04,16:00,102.87,103.23,102.70,103.06,827
2014.04.04,17:00,103.07,103.36,102.91,102.97,1075
2014.04.04,18:00,102.96,103.01,102.32,102.45,1084
2014.04.04,19:00,102.44,102.53,102.17,102.32,696
2014.04.04,20:00,102.31,102.37,102.05,102.20,845
2014.04.04,21:00,102.21,102.31,101.89,102.05,935
2014.04.04,22:00,102.04,102.27,101.96,102.16,1143
2014.04.07,16:00,101.59,102.03,101.58,102.02,769
2014.04.07,17:00,102.03,102.05,101.16,101.24,1417
2014.04.07,18:00,101.23,101.30,100.69,100.71,879
2014.04.07,19:00,100.69,100.79,100.43,100.66,905
2014.04.07,20:00,100.68,100.75,100.45,100.73,674
2014.04.07,21:00,100.71,100.93,100.59,100.86,850
2014.04.07,22:00,100.83,101.31,100.70,101.13,1504
2014.04.08,16:00,100.96,103.15,100.94,102.67,1642
2014.04.08,17:00,102.63,103.08,102.23,102.67,2172
2014.04.08,18:00,102.58,103.17,102.57,102.91,1082
2014.04.08,19:00,102.90,103.23,102.87,102.95,1061
2014.04.08,20:00,102.94,102.98,102.48,102.62,1371
2014.04.08,21:00,102.63,102.73,102.34,102.45,1113
2014.04.08,22:00,102.46,102.58,102.24,102.37,1827
2014.04.09,16:00,102.63,103.18,102.39,102.40,1200
2014.04.09,17:00,102.39,102.64,102.05,102.09,1075
2014.04.09,18:00,102.08,102.62,101.83,102.54,755
2014.04.09,19:00,102.55,102.77,102.41,102.58,478
2014.04.09,20:00,102.57,102.66,102.44,102.47,327
2014.04.09,21:00,102.46,103.17,102.46,102.72,720
2014.04.09,22:00,102.71,103.08,102.70,102.98,943
2014.04.10,16:00,102.91,103.28,102.44,103.18,747
2014.04.10,17:00,103.17,103.70,102.81,102.83,1164
2014.04.10,18:00,102.81,102.97,102.47,102.93,811
2014.04.10,19:00,102.92,102.98,102.35,102.42,839
2014.04.10,20:00,102.43,102.61,102.23,102.58,844
2014.04.10,21:00,102.57,102.72,102.26,102.36,866
2014.04.10,22:00,102.35,102.50,101.97,102.25,1516
2014.04.11,16:00,101.09,102.08,100.95,101.83,979
2014.04.11,17:00,101.85,101.95,101.21,101.84,1665
2014.04.11,18:00,101.85,102.08,101.51,101.72,1116
2014.04.11,19:00,101.69,101.92,101.56,101.70,587
2014.04.11,20:00,101.72,101.72,101.19,101.24,937
2014.04.11,21:00,101.25,101.51,101.18,101.49,712
2014.04.11,22:00,101.48,101.88,101.21,101.44,1607
2014.04.14,16:00,102.16,102.46,100.93,101.86,1254
2014.04.14,17:00,101.85,102.81,101.74,102.73,1069
2014.04.14,18:00,102.74,102.75,102.13,102.23,866
2014.04.14,19:00,102.24,102.51,102.16,102.38,525
2014.04.14,20:00,102.39,102.44,102.25,102.32,418
2014.04.14,21:00,102.30,102.49,102.19,102.33,518
2014.04.14,22:00,102.34,102.81,101.99,102.75,1157
2014.04.15,16:00,102.61,102.77,101.90,102.76,845
2014.04.15,17:00,102.75,103.07,102.13,102.29,1441
2014.04.15,18:00,102.30,102.44,101.56,101.82,1199
2014.04.15,19:00,101.80,101.85,101.24,101.45,1075
2014.04.15,20:00,101.44,102.14,101.35,101.93,1073
2014.04.15,21:00,101.97,102.45,101.94,102.30,852
2014.04.15,22:00,102.31,102.62,102.28,102.48,1385
2014.04.16,16:00,102.60,102.89,102.19,102.74,838
2014.04.16,17:00,102.75,102.81,102.19,102.31,1147
2014.04.16,18:00,102.30,102.97,102.21,102.88,919
2014.04.16,19:00,102.87,103.13,102.60,102.61,687
2014.04.16,20:00,102.63,102.89,102.51,102.85,615
2014.04.16,21:00,102.84,102.90,102.46,102.85,588
2014.04.16,22:00,102.86,103.00,102.81,102.91,939
2014.04.17,16:00,103.03,103.42,102.95,103.09,533
2014.04.17,17:00,103.08,103.22,102.75,102.91,947
2014.04.17,18:00,102.90,103.02,102.73,102.83,504
2014.04.17,19:00,102.82,102.92,102.58,102.89,407
2014.04.17,20:00,102.90,103.12,102.89,103.04,373
2014.04.17,21:00,103.03,103.10,102.89,102.93,352
2014.04.17,22:00,102.94,103.18,102.80,102.82,977
2014.04.21,16:00,102.88,102.95,102.23,102.45,497
2014.04.21,17:00,102.46,102.64,101.53,101.77,1214
2014.04.21,18:00,101.80,102.31,101.74,102.25,512
2014.04.21,19:00,102.24,102.44,102.11,102.12,616
2014.04.21,20:00,102.13,102.27,101.95,102.19,467
2014.04.21,21:00,102.20,102.56,102.14,102.43,561
2014.04.21,22:00,102.42,102.64,102.26,102.62,880
2014.04.22,16:00,102.76,104.08,102.74,103.73,1085
2014.04.22,17:00,103.77,103.98,103.42,103.81,1099
2014.04.22,18:00,103.80,103.90,103.57,103.65,610
2014.04.22,19:00,103.64,103.85,103.57,103.73,505
2014.04.22,20:00,103.74,103.93,103.74,103.88,507
2014.04.22,21:00,103.87,104.12,103.86,104.00,470
2014.04.22,22:00,103.99,104.01,103.66,103.69,841
2014.04.23,16:00,103.56,104.53,103.41,104.24,1037
2014.04.23,17:00,104.23,104.60,103.53,104.20,1867
2014.04.23,18:00,104.22,104.24,103.60,103.74,973
2014.04.23,19:00,103.77,103.99,103.63,103.63,630
2014.04.23,20:00,103.62,103.97,103.55,103.63,830
2014.04.23,21:00,103.59,103.88,103.57,103.80,729
2014.04.23,22:00,103.79,103.79,103.16,103.37,1487
2014.04.24,16:00,105.99,107.38,104.98,106.38,2996
2014.04.24,17:00,106.39,106.47,105.77,106.14,2196
2014.04.24,18:00,106.11,106.86,105.48,105.65,2326
2014.04.24,19:00,105.64,105.81,105.12,105.21,945
2014.04.24,20:00,105.23,105.63,104.77,104.92,893
2014.04.24,21:00,104.93,105.45,104.92,105.14,782
2014.04.24,22:00,105.15,105.41,105.09,105.28,1325
2014.04.25,16:00,105.03,105.26,104.09,104.14,1026
2014.04.25,17:00,104.18,104.27,103.54,103.56,1463
2014.04.25,18:00,103.55,103.92,103.27,103.55,1328
2014.04.25,19:00,103.56,103.73,103.28,103.71,1024
2014.04.25,20:00,103.70,103.94,103.54,103.86,726
2014.04.25,21:00,103.85,104.51,103.77,104.49,817
2014.04.25,22:00,104.48,104.78,104.13,104.69,1079
2014.04.28,16:00,104.96,105.40,104.14,104.49,956
2014.04.28,17:00,104.53,104.78,104.28,104.28,1243
2014.04.28,18:00,104.30,104.53,104.08,104.16,984
2014.04.28,19:00,104.14,104.31,103.87,103.91,792
2014.04.28,20:00,103.92,103.92,103.23,103.50,789
2014.04.28,21:00,103.48,104.05,103.38,103.74,870
2014.04.28,22:00,103.73,104.47,103.69,104.23,1064
2014.04.29,16:00,104.97,104.97,104.48,104.58,596
2014.04.29,17:00,104.61,104.88,103.81,104.50,966
2014.04.29,18:00,104.49,104.80,104.38,104.80,968
2014.04.29,19:00,104.81,105.45,104.68,105.08,1036
2014.04.29,20:00,105.09,105.18,104.86,105.09,718
2014.04.29,21:00,105.08,105.29,105.05,105.23,569
2014.04.29,22:00,105.24,105.48,105.13,105.27,952
2014.04.30,16:00,105.21,105.89,104.97,105.68,883
2014.04.30,17:00,105.70,106.22,105.26,105.69,1083
2014.04.30,18:00,105.68,105.68,105.28,105.45,604
2014.04.30,19:00,105.46,105.48,105.28,105.39,433
2014.04.30,20:00,105.38,105.40,105.18,105.23,417
2014.04.30,21:00,105.25,105.55,105.13,105.48,1070
2014.04.30,22:00,105.49,105.53,105.06,105.34,1219
2014.05.01,16:00,105.18,105.36,104.71,104.93,581
2014.05.01,17:00,104.96,105.71,104.83,105.61,738
2014.05.01,18:00,105.60,105.77,105.37,105.39,510
2014.05.01,19:00,105.41,105.51,105.29,105.32,406
2014.05.01,20:00,105.33,105.36,104.61,104.71,515
2014.05.01,21:00,104.72,105.07,104.72,104.91,483
2014.05.01,22:00,104.92,105.12,104.82,105.04,599
2014.05.02,16:00,104.91,105.15,104.71,105.06,491
2014.05.02,17:00,105.08,105.55,104.88,105.12,737
2014.05.02,18:00,105.13,105.26,104.90,105.24,532
2014.05.02,19:00,105.25,105.30,104.92,105.15,348
2014.05.02,20:00,105.16,105.31,104.91,105.09,483
2014.05.02,21:00,105.06,105.29,105.01,105.10,416
2014.05.02,22:00,105.11,105.23,104.86,104.99,731
2014.05.05,16:00,104.63,104.64,103.79,104.22,589
2014.05.05,17:00,104.23,104.73,103.98,104.55,895
2014.05.05,18:00,104.54,104.56,104.26,104.45,527
2014.05.05,19:00,104.46,104.57,104.28,104.34,428
2014.05.05,20:00,104.35,104.46,104.13,104.36,395
2014.05.05,21:00,104.37,104.78,104.37,104.60,309
2014.05.05,22:00,104.59,104.73,104.46,104.52,746
2014.05.06,16:00,104.19,104.36,103.78,104.14,437
2014.05.06,17:00,104.16,104.45,103.90,103.91,755
2014.05.06,18:00,103.88,104.19,103.81,104.15,577
2014.05.06,19:00,104.16,104.16,103.92,104.01,291
2014.05.06,20:00,104.03,104.04,103.70,103.73,414
2014.05.06,21:00,103.72,103.90,103.58,103.71,577
2014.05.06,22:00,103.69,103.97,103.60,103.85,653
2014.05.07,16:00,104.08,104.49,103.82,104.10,727
2014.05.07,17:00,104.13,104.36,103.41,103.80,1357
2014.05.07,18:00,103.82,104.47,103.65,104.22,842
2014.05.07,19:00,104.21,104.27,104.02,104.09,487
2014.05.07,20:00,104.08,104.26,103.83,103.83,465
2014.05.07,21:00,103.82,104.32,103.77,104.26,533
2014.05.07,22:00,104.27,104.64,104.11,104.60,895
2014.05.08,16:00,104.53,104.95,104.45,104.65,412
2014.05.08,17:00,104.62,104.92,104.13,104.40,709
2014.05.08,18:00,104.41,104.75,104.32,104.67,504
2014.05.08,19:00,104.69,104.80,104.58,104.79,351
2014.05.08,20:00,104.77,104.80,104.57,104.69,630
2014.05.08,21:00,104.71,104.77,104.51,104.68,595
2014.05.08,22:00,104.67,105.00,104.57,104.93,1133
2014.05.09,16:00,104.94,105.14,104.34,104.40,460
2014.05.09,17:00,104.38,104.88,104.28,104.75,732
2014.05.09,18:00,104.73,104.98,104.68,104.92,650
2014.05.09,19:00,104.90,105.25,104.83,105.21,557
2014.05.09,20:00,105.22,105.28,104.89,104.90,406
2014.05.09,21:00,104.91,105.01,104.76,104.89,339
2014.05.09,22:00,104.90,105.02,104.84,105.01,640
2014.05.12,16:00,105.68,106.48,105.64,106.12,1213
2014.05.12,17:00,106.15,106.39,105.80,105.80,920
2014.05.12,18:00,105.81,106.04,105.78,105.98,497
2014.05.12,19:00,105.96,106.07,105.85,105.85,331
2014.05.12,20:00,105.86,106.19,105.86,106.17,352
2014.05.12,21:00,106.16,106.28,106.07,106.25,304
2014.05.12,22:00,106.26,106.39,106.17,106.18,708
2014.05.13,16:00,106.48,106.48,105.80,106.23,519
2014.05.13,17:00,106.22,106.78,106.13,106.65,690
2014.05.13,18:00,106.64,106.88,106.52,106.61,580
2014.05.13,19:00,106.59,106.88,106.55,106.85,485
2014.05.13,20:00,106.84,106.87,106.72,106.84,408
2014.05.13,21:00,106.86,107.17,106.83,107.06,568
2014.05.13,22:00,107.05,107.68,106.88,107.13,1013
2014.05.14,16:00,106.87,107.02,106.40,106.59,786
2014.05.14,17:00,106.62,106.85,106.34,106.42,1203
2014.05.14,18:00,106.44,106.73,106.39,106.47,620
2014.05.14,19:00,106.46,106.58,106.42,106.48,466
2014.05.14,20:00,106.49,106.66,106.45,106.63,401
2014.05.14,21:00,106.62,106.67,106.43,106.49,513
2014.05.14,22:00,106.48,106.56,106.28,106.50,770
2014.05.15,16:00,106.47,106.72,105.30,105.59,910
2014.05.15,17:00,105.54,105.60,105.03,105.27,1137
2014.05.15,18:00,105.28,105.28,104.72,104.82,912
2014.05.15,19:00,104.81,105.13,104.67,104.70,771
2014.05.15,20:00,104.71,104.72,104.03,104.36,845
2014.05.15,21:00,104.37,104.93,104.34,104.88,804
2014.05.15,22:00,104.87,104.97,104.61,104.97,1127
2014.05.16,16:00,104.98,105.03,104.15,104.97,784
2014.05.16,17:00,104.96,105.81,104.74,105.71,1330
2014.05.16,18:00,105.70,105.93,105.62,105.91,766
2014.05.16,19:00,105.89,105.97,105.60,105.66,538
2014.05.16,20:00,105.65,105.70,105.41,105.61,687
2014.05.16,21:00,105.60,105.92,105.47,105.91,913
2014.05.16,22:00,105.90,106.03,105.83,106.02,1849
2014.05.19,16:00,105.40,105.51,104.70,104.91,755
2014.05.19,17:00,104.93,105.14,104.72,104.80,1026
2014.05.19,18:00,104.82,105.35,104.82,105.13,642
2014.05.19,19:00,105.14,105.22,104.92,105.14,410
2014.05.19,20:00,105.13,105.45,105.10,105.38,428
2014.05.19,21:00,105.37,105.39,105.17,105.19,385
2014.05.19,22:00,105.18,105.42,105.13,105.37,718
2014.05.20,16:00,104.78,104.79,103.03,103.16,1928
2014.05.20,17:00,103.14,104.12,103.04,104.09,1487
2014.05.20,18:00,104.10,104.18,103.57,103.57,970
2014.05.20,19:00,103.58,103.60,102.58,102.70,1444
2014.05.20,20:00,102.71,102.72,101.06,101.14,1791
2014.05.20,21:00,101.15,101.38,100.80,101.07,1929
2014.05.20,22:00,101.06,101.62,101.05,101.55,1484
2014.05.21,16:00,101.46,102.47,101.46,101.94,1383
2014.05.21,17:00,101.95,102.27,101.95,102.11,1411
2014.05.21,18:00,102.09,102.44,102.05,102.22,831
2014.05.21,19:00,102.23,102.41,102.04,102.31,561
2014.05.21,20:00,102.30,102.69,102.30,102.68,502
2014.05.21,21:00,102.69,102.92,102.49,102.81,773
2014.05.21,22:00,102.82,102.97,102.74,102.85,885
2014.05.22,16:00,102.88,103.71,102.49,103.47,1084
2014.05.22,17:00,103.46,103.86,103.24,103.68,809
2014.05.22,18:00,103.69,103.77,103.22,103.24,537
2014.05.22,19:00,103.25,103.27,103.13,103.14,326
2014.05.22,20:00,103.15,103.41,102.99,103.29,394
2014.05.22,21:00,103.30,103.43,103.27,103.38,265
2014.05.22,22:00,103.37,103.37,103.02,103.06,519
2014.05.23,16:00,103.13,103.67,103.13,103.59,434
2014.05.23,17:00,103.60,104.13,103.55,103.86,752
2014.05.23,18:00,103.87,104.10,103.83,103.92,467
2014.05.23,19:00,103.93,104.08,103.90,103.98,288
2014.05.23,20:00,103.99,104.06,103.93,103.99,269
2014.05.23,21:00,104.00,104.04,103.92,104.02,306
2014.05.23,22:00,104.03,104.10,103.95,104.00,684
2014.05.27,16:00,104.18,104.44,103.91,104.23,769
2014.05.27,17:00,104.20,104.46,104.06,104.38,657
2014.05.27,18:00,104.39,104.41,103.98,104.14,530
2014.05.27,19:00,104.13,104.13,103.78,103.99,407
2014.05.27,20:00,103.98,104.00,103.80,103.80,378
2014.05.27,21:00,103.79,103.81,103.44,103.48,463
2014.05.27,22:00,103.47,103.71,103.47,103.67,763
2014.05.28,16:00,103.51,103.84,103.04,103.26,833
2014.05.28,17:00,103.25,103.49,102.91,103.49,761
2014.05.28,18:00,103.48,103.53,103.28,103.35,466
2014.05.28,19:00,103.34,103.53,103.26,103.39,384
2014.05.28,20:00,103.40,103.55,103.31,103.42,402
2014.05.28,21:00,103.41,103.43,103.24,103.37,284
2014.05.28,22:00,103.36,103.36,102.83,102.88,627
2014.05.29,16:00,103.26,103.31,102.88,103.01,501
2014.05.29,17:00,102.98,103.07,102.54,102.87,700
2014.05.29,18:00,102.88,103.23,102.76,103.19,496
2014.05.29,19:00,103.20,103.59,103.15,103.25,403
2014.05.29,20:00,103.26,103.31,103.15,103.18,299
2014.05.29,21:00,103.17,103.32,102.97,103.24,332
2014.05.29,22:00,103.25,103.65,103.18,103.58,835
2014.05.30,16:00,102.88,102.96,102.09,102.28,747
2014.05.30,17:00,102.27,102.35,101.67,101.79,835
2014.05.30,18:00,101.80,101.88,101.53,101.79,602
2014.05.30,19:00,101.78,101.87,101.54,101.79,436
2014.05.30,20:00,101.78,101.87,101.65,101.67,417
2014.05.30,21:00,101.69,101.98,101.62,101.88,518
2014.05.30,22:00,101.87,102.24,101.78,102.16,1280
2014.06.02,16:00,102.40,103.15,101.99,102.88,638
2014.06.02,17:00,102.86,102.99,102.46,102.89,777
2014.06.02,18:00,102.88,103.54,102.78,103.32,725
2014.06.02,19:00,103.33,103.59,103.27,103.50,518
2014.06.02,20:00,103.49,103.69,103.35,103.47,352
2014.06.02,21:00,103.48,103.65,103.46,103.63,309
2014.06.02,22:00,103.64,103.92,103.47,103.74,903
2014.06.03,16:00,103.38,103.69,103.04,103.53,501
2014.06.03,17:00,103.55,103.74,103.35,103.58,707
2014.06.03,18:00,103.59,103.61,103.32,103.58,476
2014.06.03,19:00,103.57,104.01,103.55,103.98,423
2014.06.03,20:00,103.97,104.24,103.97,104.22,380
2014.06.03,21:00,104.24,104.55,104.18,104.41,439
2014.06.03,22:00,104.40,104.52,104.35,104.48,735
2014.06.04,16:00,104.40,104.67,104.05,104.53,605
2014.06.04,17:00,104.54,104.83,104.46,104.80,571
2014.06.04,18:00,104.82,104.88,104.72,104.86,372
2014.06.04,19:00,104.88,105.01,104.76,104.94,367
2014.06.04,20:00,104.95,105.08,104.64,104.66,334
2014.06.04,21:00,104.65,104.78,104.49,104.54,346
2014.06.04,22:00,104.53,104.63,104.27,104.28,738
2014.06.05,16:00,104.78,105.91,104.75,105.84,873
2014.06.05,17:00,105.86,106.03,105.53,105.83,1086
2014.06.05,18:00,105.81,106.48,105.75,106.39,853
2014.06.05,19:00,106.38,106.66,106.22,106.66,718
2014.06.05,20:00,106.67,106.86,106.57,106.74,523
2014.06.05,21:00,106.75,106.95,106.72,106.81,442
2014.06.05,22:00,106.80,107.10,106.72,106.98,1084
2014.06.06,16:00,107.06,107.57,106.96,107.50,559
2014.06.06,17:00,107.52,107.93,107.52,107.87,779
2014.06.06,18:00,107.86,108.11,107.81,107.85,692
2014.06.06,19:00,107.86,108.18,107.84,108.11,501
2014.06.06,20:00,108.10,108.32,108.04,108.28,453
2014.06.06,21:00,108.27,108.34,108.13,108.16,458
2014.06.06,22:00,108.15,108.32,108.05,108.16,1001
2014.06.09,16:00,107.72,108.42,107.64,107.85,529
2014.06.09,17:00,107.86,108.38,107.86,108.28,756
2014.06.09,18:00,108.30,109.28,108.28,109.09,810
2014.06.09,19:00,109.10,109.18,108.66,108.67,589
2014.06.09,20:00,108.69,108.78,108.54,108.73,476
2014.06.09,21:00,108.74,109.14,108.59,109.00,589
2014.06.09,22:00,109.01,109.03,108.72,108.73,718
2014.06.10,16:00,108.48,109.15,108.38,109.09,518
2014.06.10,17:00,109.11,109.24,108.86,109.16,833
2014.06.10,18:00,109.15,109.48,109.00,109.44,673
2014.06.10,19:00,109.45,109.45,109.17,109.26,456
2014.06.10,20:00,109.27,109.36,109.04,109.34,400
2014.06.10,21:00,109.36,109.36,109.00,109.02,457
2014.06.10,22:00,109.01,109.29,108.93,109.29,701
2014.06.11,16:00,108.92,108.96,108.60,108.74,458
2014.06.11,17:00,108.76,108.78,108.37,108.51,598
2014.06.11,18:00,108.50,108.77,108.50,108.72,451
2014.06.11,19:00,108.73,108.78,108.39,108.40,435
2014.06.11,20:00,108.41,108.56,108.31,108.43,260
2014.06.11,21:00,108.42,108.59,108.36,108.57,357
2014.06.11,22:00,108.58,108.87,108.58,108.68,679
2014.06.12,16:00,108.45,108.48,107.60,107.76,676
2014.06.12,17:00,107.78,107.94,107.09,107.35,899
2014.06.12,18:00,107.34,107.67,107.25,107.43,471
2014.06.12,19:00,107.42,107.49,106.98,107.09,425
2014.06.12,20:00,107.10,107.13,106.44,106.61,819
2014.06.12,21:00,106.60,106.78,106.57,106.73,460
2014.06.12,22:00,106.74,106.76,106.42,106.62,909
2014.06.13,16:00,106.53,106.86,106.05,106.62,541
2014.06.13,17:00,106.64,107.21,106.43,106.82,573
2014.06.13,18:00,106.83,106.98,106.70,106.77,444
2014.06.13,19:00,106.75,106.86,106.60,106.65,247
2014.06.13,20:00,106.64,106.74,106.47,106.68,242
2014.06.13,21:00,106.67,106.69,106.53,106.54,191
2014.06.13,22:00,106.55,106.83,106.41,106.70,508
2014.06.16,16:00,106.48,106.48,105.84,105.91,540
2014.06.16,17:00,105.89,106.44,105.89,106.09,587
2014.06.16,18:00,106.10,106.21,105.71,105.86,449
2014.06.16,19:00,105.87,106.30,105.84,106.29,262
2014.06.16,20:00,106.30,106.64,106.26,106.35,308
2014.06.16,21:00,106.34,106.63,106.34,106.50,274
2014.06.16,22:00,106.49,106.85,106.45,106.78,743
2014.06.17,16:00,106.48,106.64,105.98,106.40,425
2014.06.17,17:00,106.41,106.69,106.38,106.58,529
2014.06.17,18:00,106.56,106.73,106.38,106.62,409
2014.06.17,19:00,106.61,106.98,106.59,106.96,287
2014.06.17,20:00,106.97,106.97,106.40,106.59,347
2014.06.17,21:00,106.58,106.61,106.31,106.55,292
2014.06.17,22:00,106.54,106.77,106.41,106.67,486
2014.06.18,16:00,106.61,106.98,106.03,106.86,439
2014.06.18,17:00,106.88,106.96,106.26,106.26,511
2014.06.18,18:00,106.25,106.68,106.23,106.53,322
2014.06.18,19:00,106.52,106.77,106.46,106.76,265
2014.06.18,20:00,106.77,106.78,106.42,106.42,336
2014.06.18,21:00,106.38,107.07,106.19,106.99,737
2014.06.18,22:00,107.00,107.58,106.98,107.46,881
2014.06.19,16:00,106.88,107.40,106.67,106.85,497
2014.06.19,17:00,106.87,107.33,106.87,107.22,684
2014.06.19,18:00,107.21,107.39,107.17,107.27,445
2014.06.19,19:00,107.26,107.28,106.90,107.12,384
2014.06.19,20:00,107.13,107.17,106.87,106.99,361
2014.06.19,21:00,106.98,107.11,106.88,107.07,325
2014.06.19,22:00,107.08,107.37,107.06,107.21,766
2014.06.20,16:00,108.03,108.43,107.62,108.37,821
2014.06.20,17:00,108.35,108.89,108.29,108.85,1043
2014.06.20,18:00,108.86,109.11,108.84,109.08,739
2014.06.20,19:00,109.06,109.18,108.65,108.68,682
2014.06.20,20:00,108.69,108.98,108.66,108.97,492
2014.06.20,21:00,108.98,109.16,108.95,109.14,608
2014.06.20,22:00,109.15,109.51,109.07,109.38,1313
2014.06.23,16:00,109.23,109.83,108.83,108.97,643
2014.06.23,17:00,108.98,109.13,108.58,108.67,783
2014.06.23,18:00,108.68,108.81,108.27,108.39,531
2014.06.23,19:00,108.38,108.46,108.28,108.41,332
2014.06.23,20:00,108.40,108.59,108.34,108.53,406
2014.06.23,21:00,108.54,108.88,108.54,108.65,395
2014.06.23,22:00,108.64,108.80,108.51,108.76,658
2014.06.24,16:00,108.54,109.30,108.38,108.87,519
2014.06.24,17:00,108.88,109.25,108.84,109.11,752
2014.06.24,18:00,109.12,109.25,108.87,109.09,456
2014.06.24,19:00,109.10,109.32,108.63,108.67,366
2014.06.24,20:00,108.66,108.66,108.19,108.20,456
2014.06.24,21:00,108.19,108.43,108.06,108.17,501
2014.06.24,22:00,108.16,108.16,107.56,107.80,1155
2014.06.25,16:00,107.46,108.36,107.34,108.06,665
2014.06.25,17:00,108.09,108.85,107.84,108.79,853
2014.06.25,18:00,108.80,108.82,108.21,108.26,706
2014.06.25,19:00,108.25,108.40,108.20,108.25,444
2014.06.25,20:00,108.24,108.56,108.24,108.48,446
2014.06.25,21:00,108.47,108.51,108.34,108.38,281
2014.06.25,22:00,108.37,108.59,108.28,108.44,543
2014.06.26,16:00,108.53,108.78,107.88,108.07,551
2014.06.26,17:00,108.05,108.17,107.83,108.06,718
2014.06.26,18:00,108.07,108.37,107.86,108.15,389
2014.06.26,19:00,108.18,108.24,108.01,108.14,194
2014.06.26,20:00,108.12,108.62,108.12,108.39,361
2014.06.26,21:00,108.40,108.72,108.40,108.49,345
2014.06.26,22:00,108.50,108.55,108.37,108.50,469
2014.06.27,16:00,108.32,108.86,108.22,108.48,482
2014.06.27,17:00,108.41,108.53,108.09,108.22,610
2014.06.27,18:00,108.21,108.51,108.21,108.39,319
2014.06.27,19:00,108.40,108.42,108.17,108.28,297
2014.06.27,20:00,108.27,108.28,107.71,107.84,556
2014.06.27,21:00,107.85,108.25,107.81,108.15,669
2014.06.27,22:00,108.16,108.77,107.98,108.75,1689
2014.06.30,16:00,108.34,108.77,107.95,108.65,622
2014.06.30,17:00,108.73,109.01,108.59,108.85,841
2014.06.30,18:00,108.86,108.89,108.45,108.57,555
2014.06.30,19:00,108.56,108.56,108.36,108.48,233
2014.06.30,20:00,108.47,108.66,108.46,108.52,249
2014.06.30,21:00,108.53,108.77,108.53,108.63,301
2014.06.30,22:00,108.64,108.79,108.48,108.63,677
2014.07.01,16:00,109.08,109.73,109.07,109.43,715
2014.07.01,17:00,109.42,109.54,109.05,109.39,566
2014.07.01,18:00,109.40,109.40,109.11,109.17,324
2014.07.01,19:00,109.18,109.27,108.99,109.18,400
2014.07.01,20:00,109.19,109.32,109.12,109.18,340
2014.07.01,21:00,109.19,109.21,109.04,109.18,307
2014.07.01,22:00,109.20,109.41,109.14,109.14,693
2014.07.02,16:00,109.30,109.93,109.28,109.46,559
2014.07.02,17:00,109.49,109.84,109.45,109.66,483
2014.07.02,18:00,109.69,109.74,109.31,109.56,430
2014.07.02,19:00,109.57,109.75,109.48,109.68,302
2014.07.02,20:00,109.69,109.71,109.48,109.56,266
2014.07.02,21:00,109.57,109.73,109.54,109.66,272
2014.07.02,22:00,109.67,109.72,109.47,109.53,509
2014.07.03,16:00,109.88,111.09,109.68,110.31,1126
2014.07.03,17:00,110.33,110.73,110.23,110.48,821
2014.07.03,18:00,110.50,110.85,110.45,110.81,492
2014.07.03,19:00,110.82,111.14,110.75,110.98,974
2014.07.07,16:00,110.16,110.27,109.55,110.05,756
2014.07.07,17:00,110.06,110.36,109.89,110.12,632
2014.07.07,18:00,110.11,110.43,110.01,110.19,388
2014.07.07,19:00,110.18,110.41,110.16,110.17,297
2014.07.07,20:00,110.16,110.36,109.96,110.31,259
2014.07.07,21:00,110.30,110.38,110.08,110.10,335
2014.07.07,22:00,110.09,110.16,109.89,110.13,605
2014.07.08,16:00,110.20,110.35,109.63,109.96,549
2014.07.08,17:00,109.99,110.13,109.63,109.94,752
2014.07.08,18:00,109.93,109.93,109.49,109.65,583
2014.07.08,19:00,109.67,109.68,109.38,109.50,377
2014.07.08,20:00,109.52,109.86,109.40,109.75,385
2014.07.08,21:00,109.76,109.77,109.56,109.57,412
2014.07.08,22:00,109.58,109.59,109.44,109.45,576
2014.07.09,16:00,109.77,109.83,109.48,109.59,445
2014.07.09,17:00,109.61,109.87,109.40,109.84,630
2014.07.09,18:00,109.83,109.95,109.63,109.91,371
2014.07.09,19:00,109.93,110.00,109.69,109.88,320
2014.07.09,20:00,109.87,109.94,109.72,109.93,275
2014.07.09,21:00,109.92,110.23,109.71,110.11,670
2014.07.09,22:00,110.12,110.27,110.00,110.11,606
2014.07.10,16:00,108.12,108.98,107.78,108.74,816
2014.07.10,17:00,108.75,109.07,108.65,109.03,682
2014.07.10,18:00,109.05,109.24,108.89,109.02,453
2014.07.10,19:00,109.01,109.20,108.89,108.99,338
2014.07.10,20:00,109.02,109.46,108.91,109.34,450
2014.07.10,21:00,109.36,109.55,109.21,109.23,548
2014.07.10,22:00,109.22,109.48,109.16,109.34,580
2014.07.11,16:00,109.48,109.48,108.63,109.23,433
2014.07.11,17:00,109.22,109.59,109.07,109.29,634
2014.07.11,18:00,109.30,109.64,109.19,109.41,445
2014.07.11,19:00,109.38,109.53,109.21,109.30,327
2014.07.11,20:00,109.31,109.45,109.30,109.40,280
2014.07.11,21:00,109.39,109.71,109.39,109.63,357
2014.07.11,22:00,109.64,109.97,109.61,109.94,558
2014.07.14,16:00,110.39,110.92,110.21,110.86,425
2014.07.14,17:00,110.88,111.02,110.52,110.84,692
2014.07.14,18:00,110.83,110.86,110.44,110.44,430
2014.07.14,19:00,110.45,110.47,110.24,110.26,362
2014.07.14,20:00,110.25,110.38,110.15,110.26,358
2014.07.14,21:00,110.25,110.37,110.09,110.17,397
2014.07.14,22:00,110.18,110.24,110.07,110.08,601
2014.07.15,16:00,110.23,110.40,109.71,109.89,738
2014.07.15,17:00,109.94,110.07,109.50,109.65,1040
2014.07.15,18:00,109.64,109.93,109.43,109.46,699
2014.07.15,19:00,109.43,109.66,109.38,109.45,489
2014.07.15,20:00,109.44,109.82,109.41,109.55,465
2014.07.15,21:00,109.56,109.79,109.48,109.72,576
2014.07.15,22:00,109.73,109.89,109.53,109.85,747
2014.07.16,16:00,110.09,110.46,109.90,110.12,532
2014.07.16,17:00,110.17,110.96,110.17,110.53,1217
2014.07.16,18:00,110.52,110.76,110.40,110.70,595
2014.07.16,19:00,110.67,110.90,110.63,110.84,483
2014.07.16,20:00,110.83,111.44,110.76,111.31,638
2014.07.16,21:00,111.30,111.39,111.11,111.16,544
2014.07.16,22:00,111.15,111.42,111.14,111.37,850
2014.07.17,16:00,110.28,110.42,109.61,110.15,760
2014.07.17,17:00,110.18,110.65,110.10,110.42,691
2014.07.17,18:00,110.44,110.48,109.61,109.61,623
2014.07.17,19:00,109.62,110.06,109.48,109.92,597
2014.07.17,20:00,109.91,110.14,109.62,109.72,353
2014.07.17,21:00,109.70,109.71,109.49,109.52,530
2014.07.17,22:00,109.49,109.55,108.91,109.05,1247
2014.07.18,16:00,109.41,109.53,109.04,109.51,338
2014.07.18,17:00,109.50,109.90,109.31,109.67,654
2014.07.18,18:00,109.66,109.87,109.52,109.72,381
2014.07.18,19:00,109.73,109.97,109.69,109.83,326
2014.07.18,20:00,109.84,109.85,109.57,109.75,258
2014.07.18,21:00,109.76,109.92,109.65,109.83,361
2014.07.18,22:00,109.84,110.13,109.84,110.12,724
2014.07.21,16:00,109.98,110.49,109.43,110.28,648
2014.07.21,17:00,110.30,110.34,109.80,109.86,675
2014.07.21,18:00,109.84,109.98,109.70,109.96,518
2014.07.21,19:00,109.95,109.95,109.72,109.75,286
2014.07.21,20:00,109.74,110.53,109.71,110.46,408
2014.07.21,21:00,110.48,110.49,110.26,110.31,409
2014.07.21,22:00,110.30,110.40,110.18,110.22,489
2014.07.22,16:00,110.80,111.26,110.47,110.55,887
2014.07.22,17:00,110.58,110.88,110.28,110.53,830
2014.07.22,18:00,110.55,110.70,110.17,110.29,568
2014.07.22,19:00,110.28,110.47,110.16,110.18,412
2014.07.22,20:00,110.19,110.20,109.94,110.08,460
2014.07.22,21:00,110.07,110.25,109.78,109.94,454
2014.07.22,22:00,109.92,110.19,109.88,110.04,631
2014.07.23,16:00,109.85,109.96,108.19,108.91,1039
2014.07.23,17:00,108.95,109.45,108.89,109.14,868
2014.07.23,18:00,109.15,109.20,108.85,108.86,549
2014.07.23,19:00,108.88,108.90,108.42,108.57,729
2014.07.23,20:00,108.58,108.82,108.46,108.55,604
2014.07.23,21:00,108.56,108.73,108.46,108.58,601
2014.07.23,22:00,108.60,108.66,108.24,108.40,1100
2014.07.24,16:00,105.54,106.21,104.07,105.66,2568
2014.07.24,17:00,105.62,105.67,104.55,104.85,2112
2014.07.24,18:00,104.86,105.41,104.41,104.92,1728
2014.07.24,19:00,104.91,105.07,104.48,104.53,1064
2014.07.24,20:00,104.54,104.92,104.28,104.83,1031
2014.07.24,21:00,104.81,104.97,104.62,104.70,725
2014.07.24,22:00,104.69,105.07,104.58,105.02,1385
2014.07.25,16:00,104.12,104.92,104.08,104.57,908
2014.07.25,17:00,104.59,104.73,104.46,104.55,925
2014.07.25,18:00,104.54,105.15,104.47,104.97,890
2014.07.25,19:00,104.96,105.26,104.89,105.19,519
2014.07.25,20:00,105.20,105.33,104.89,104.91,495
2014.07.25,21:00,104.90,104.99,104.75,104.82,463
2014.07.25,22:00,104.81,104.88,104.52,104.82,862
2014.07.28,16:00,104.74,104.88,103.78,104.01,753
2014.07.28,17:00,103.98,104.03,103.15,103.54,1645
2014.07.28,18:00,103.56,103.90,103.48,103.49,788
2014.07.28,19:00,103.50,103.70,103.46,103.64,622
2014.07.28,20:00,103.63,104.16,103.60,103.99,561
2014.07.28,21:00,103.98,104.02,103.53,103.90,770
2014.07.28,22:00,103.91,104.15,103.89,104.12,847
2014.07.29,16:00,104.98,106.37,104.88,106.30,1424
2014.07.29,17:00,106.28,106.42,105.49,105.63,1497
2014.07.29,18:00,105.62,105.77,105.01,105.25,1050
2014.07.29,19:00,105.26,105.48,105.06,105.38,519
2014.07.29,20:00,105.39,105.56,105.23,105.33,587
2014.07.29,21:00,105.34,105.41,104.96,105.08,934
2014.07.29,22:00,105.09,105.36,104.67,104.68,1324
2014.07.30,16:00,105.04,105.30,104.00,104.03,862
2014.07.30,17:00,104.02,104.14,103.38,103.46,1458
2014.07.30,18:00,103.45,103.45,103.01,103.15,838
2014.07.30,19:00,103.14,103.57,103.14,103.55,526
2014.07.30,20:00,103.56,103.57,103.08,103.34,498
2014.07.30,21:00,103.31,103.73,103.14,103.24,977
2014.07.30,22:00,103.26,103.47,103.07,103.39,1121
2014.07.31,16:00,102.18,102.50,101.07,102.30,1490
2014.07.31,17:00,102.28,102.67,101.56,101.59,1510
2014.07.31,18:00,101.56,101.75,101.32,101.36,1483
2014.07.31,19:00,101.37,101.53,101.15,101.40,1122
2014.07.31,20:00,101.39,101.75,101.37,101.55,1021
2014.07.31,21:00,101.54,101.56,100.92,101.07,1081
2014.07.31,22:00,101.05,101.26,100.72,100.73,1526
2014.08.01,16:00,100.50,100.57,99.09,100.46,1601
2014.08.01,17:00,100.48,100.83,99.95,100.32,1638
2014.08.01,18:00,100.31,100.40,99.64,99.72,1403
2014.08.01,19:00,99.71,99.76,99.50,99.70,1159
2014.08.01,20:00,99.71,100.54,99.59,100.51,1205
2014.08.01,21:00,100.52,100.64,100.30,100.55,1075
2014.08.01,22:00,100.53,100.82,100.37,100.50,1414
2014.08.04,16:00,100.34,101.50,100.08,101.23,850
2014.08.04,17:00,101.20,101.39,100.63,100.75,1367
2014.08.04,18:00,100.72,100.99,100.61,100.94,908
2014.08.04,19:00,100.95,101.14,100.84,101.03,715
2014.08.04,20:00,101.04,101.64,100.90,101.62,857
2014.08.04,21:00,101.63,101.98,101.56,101.83,838
2014.08.04,22:00,101.82,102.03,101.76,101.77,1226
2014.08.05,16:00,101.09,101.96,100.92,101.90,1182
2014.08.05,17:00,101.91,102.45,101.63,102.23,1607
2014.08.05,18:00,102.25,102.32,101.98,102.03,1205
2014.08.05,19:00,102.04,102.33,101.88,102.30,913
2014.08.05,20:00,102.31,102.33,101.28,101.34,1337
2014.08.05,21:00,101.36,101.71,100.93,101.49,1773
2014.08.05,22:00,101.48,101.83,101.23,101.44,1670
2014.08.06,16:00,100.69,100.98,100.59,100.91,908
2014.08.06,17:00,100.92,101.00,100.78,100.98,1317
2014.08.06,18:00,100.99,101.75,100.94,101.63,1106
2014.08.06,19:00,101.64,101.83,101.43,101.69,867
2014.08.06,20:00,101.67,101.73,101.35,101.42,705
2014.08.06,21:00,101.41,101.63,101.33,101.47,647
2014.08.06,22:00,101.46,101.60,101.41,101.46,950
2014.08.07,16:00,102.56,103.45,102.25,102.71,1227
2014.08.07,17:00,102.72,103.14,102.42,102.69,1616
2014.08.07,18:00,102.68,102.84,102.30,102.52,1420
2014.08.07,19:00,102.50,102.59,101.89,102.14,1119
2014.08.07,20:00,102.12,102.51,102.09,102.34,942
2014.08.07,21:00,102.35,102.45,102.07,102.14,935
2014.08.07,22:00,102.13,102.22,101.86,101.93,1486
2014.08.08,16:00,101.99,102.43,101.76,102.32,711
2014.08.08,17:00,102.34,102.85,102.10,102.63,1156
2014.08.08,18:00,102.62,102.82,102.36,102.63,858
2014.08.08,19:00,102.64,102.74,102.38,102.63,592
2014.08.08,20:00,102.62,103.14,102.57,102.91,641
2014.08.08,21:00,102.90,103.00,102.81,102.91,464
2014.08.08,22:00,102.90,103.42,102.87,103.26,1104
2014.08.11,16:00,104.66,104.66,103.91,104.58,875
2014.08.11,17:00,104.60,104.83,104.50,104.60,841
2014.08.11,18:00,104.59,104.82,104.50,104.72,619
2014.08.11,19:00,104.70,104.72,104.47,104.55,435
2014.08.11,20:00,104.56,104.66,104.43,104.51,557
2014.08.11,21:00,104.52,104.70,104.43,104.63,638
2014.08.11,22:00,104.64,104.73,104.46,104.48,835
2014.08.12,16:00,104.62,105.08,104.15,105.08,522
2014.08.12,17:00,105.06,105.14,104.67,104.75,1021
2014.08.12,18:00,104.74,104.74,104.11,104.41,1190
2014.08.12,19:00,104.42,104.59,104.18,104.51,518
2014.08.12,20:00,104.52,104.60,104.30,104.34,481
2014.08.12,21:00,104.35,104.40,104.12,104.28,583
2014.08.12,22:00,104.27,104.61,104.24,104.31,816
2014.08.13,16:00,104.36,104.92,104.31,104.84,660
2014.08.13,17:00,104.83,105.18,104.78,105.11,1094
2014.08.13,18:00,105.12,105.48,105.10,105.26,559
2014.08.13,19:00,105.27,105.30,105.09,105.22,346
2014.08.13,20:00,105.23,105.35,105.15,105.30,288
2014.08.13,21:00,105.29,105.37,105.24,105.31,312
2014.08.13,22:00,105.30,105.47,105.05,105.15,738
2014.08.14,16:00,105.49,105.67,104.97,105.57,600
2014.08.14,17:00,105.56,105.98,105.49,105.74,582
2014.08.14,18:00,105.73,105.77,105.49,105.65,424
2014.08.14,19:00,105.66,105.78,105.59,105.74,238
2014.08.14,20:00,105.75,105.84,105.64,105.66,241
2014.08.14,21:00,105.67,105.82,105.58,105.75,248
2014.08.14,22:00,105.76,105.83,105.56,105.65,691
2014.08.15,16:00,105.99,106.40,105.80,106.23,724
2014.08.15,17:00,106.25,106.40,105.27,105.70,1178
2014.08.15,18:00,105.69,106.08,105.11,105.32,1358
2014.08.15,19:00,105.31,105.73,105.26,105.53,853
2014.08.15,20:00,105.50,105.70,105.31,105.36,636
2014.08.15,21:00,105.38,105.97,105.36,105.76,635
2014.08.15,22:00,105.75,105.91,105.71,105.73,901
2014.08.18,16:00,106.67,106.83,106.26,106.73,742
2014.08.18,17:00,106.72,107.06,106.58,107.04,595
2014.08.18,18:00,107.03,107.05,106.80,106.93,365
2014.08.18,19:00,106.94,107.05,106.87,106.96,243
2014.08.18,20:00,106.95,107.04,106.89,106.97,274
2014.08.18,21:00,106.96,107.08,106.95,107.01,323
2014.08.18,22:00,107.02,107.04,106.76,106.97,612
2014.08.19,16:00,107.24,107.60,106.85,107.60,621
2014.08.19,17:00,107.62,107.68,107.34,107.35,518
2014.08.19,18:00,107.36,107.42,107.16,107.26,441
2014.08.19,19:00,107.27,107.34,106.96,107.17,532
2014.08.19,20:00,107.18,107.36,107.15,107.25,347
2014.08.19,21:00,107.24,107.48,107.23,107.47,347
2014.08.19,22:00,107.46,107.50,107.27,107.29,469
2014.08.20,16:00,107.38,107.96,107.18,107.82,940
2014.08.20,17:00,107.83,108.13,107.74,107.76,791
2014.08.20,18:00,107.74,107.85,107.59,107.77,645
2014.08.20,19:00,107.78,107.89,107.69,107.82,369
2014.08.20,20:00,107.81,107.98,107.81,107.91,319
2014.08.20,21:00,107.92,107.99,107.55,107.98,836
2014.08.20,22:00,107.99,108.06,107.62,107.69,1009
2014.08.21,16:00,108.15,108.23,107.52,108.14,871
2014.08.21,17:00,108.13,108.51,107.80,108.12,731
2014.08.21,18:00,108.13,108.45,108.13,108.45,307
2014.08.21,19:00,108.44,108.55,108.24,108.26,303
2014.08.21,20:00,108.27,108.36,108.11,108.16,340
2014.08.21,21:00,108.15,108.40,108.08,108.39,315
2014.08.21,22:00,108.40,108.42,107.90,107.96,698
2014.08.22,16:00,107.56,107.80,106.76,107.42,866
2014.08.22,17:00,107.41,107.50,106.61,106.71,1184
2014.08.22,18:00,106.68,106.87,106.52,106.76,1066
2014.08.22,19:00,106.77,107.03,106.74,106.97,547
2014.08.22,20:00,106.96,107.12,106.86,107.07,456
2014.08.22,21:00,107.06,107.19,107.00,107.17,467
2014.08.22,22:00,107.15,107.46,107.15,107.28,687
