2013.06.24,18:00,96.55,96.58,96.01,96.55,977
2013.06.24,19:00,96.56,96.68,96.20,96.57,848
2013.06.24,20:00,96.58,97.26,96.51,97.16,1002
2013.06.24,21:00,97.19,97.70,97.06,97.41,1308
2013.06.24,22:00,97.42,97.70,97.28,97.28,1799
2013.06.25,16:00,97.90,97.98,97.24,97.42,903
2013.06.25,17:00,97.39,97.71,97.13,97.62,1155
2013.06.25,18:00,97.61,97.81,97.49,97.79,666
2013.06.25,19:00,97.80,97.85,97.52,97.57,438
2013.06.25,20:00,97.56,97.63,97.27,97.43,494
2013.06.25,21:00,97.42,97.78,97.38,97.61,602
2013.06.25,22:00,97.60,97.85,97.48,97.53,1090
2013.06.26,16:00,98.11,98.52,98.03,98.35,660
2013.06.26,17:00,98.36,98.49,98.18,98.37,1076
2013.06.26,18:00,98.36,98.63,98.22,98.54,765
2013.06.26,19:00,98.53,98.80,98.52,98.66,530
2013.06.26,20:00,98.65,98.85,98.60,98.77,492
2013.06.26,21:00,98.78,99.03,98.63,98.95,705
2013.06.26,22:00,98.94,99.13,98.82,98.82,1209
2013.06.27,16:00,99.27,99.77,99.26,99.69,559
2013.06.27,17:00,99.71,99.81,99.39,99.69,824
2013.06.27,18:00,99.68,99.72,99.36,99.58,635
2013.06.27,19:00,99.59,99.59,99.30,99.55,487
2013.06.27,20:00,99.54,99.71,99.23,99.23,475
2013.06.27,21:00,99.24,99.42,99.12,99.32,480
2013.06.27,22:00,99.33,99.68,99.24,99.63,1109
2013.06.28,16:00,99.50,99.75,99.32,99.37,607
2013.06.28,17:00,99.35,99.61,98.99,99.56,857
2013.06.28,18:00,99.57,100.10,99.57,99.80,922
2013.06.28,19:00,99.82,99.82,99.48,99.54,559
2013.06.28,20:00,99.53,99.63,99.45,99.50,515
2013.06.28,21:00,99.49,99.61,99.30,99.46,526
2013.06.28,22:00,99.44,99.46,98.95,98.95,1306
2013.07.01,16:00,99.34,99.83,99.25,99.78,695
2013.07.01,17:00,99.80,100.29,99.72,100.02,1082
2013.07.01,18:00,100.01,100.24,99.90,100.21,634
2013.07.01,19:00,100.23,100.28,100.02,100.15,656
2013.07.01,20:00,100.16,100.22,99.79,99.82,607
2013.07.01,21:00,99.83,100.02,99.75,99.94,480
2013.07.01,22:00,99.95,100.01,99.59,99.78,1164
2013.07.02,16:00,99.80,100.46,99.70,100.28,501
2013.07.02,17:00,100.26,100.49,100.15,100.37,747
2013.07.02,18:00,100.38,100.48,100.11,100.25,575
2013.07.02,19:00,100.24,100.34,99.84,100.08,530
2013.07.02,20:00,100.09,100.15,99.77,99.89,461
2013.07.02,21:00,99.88,99.89,99.38,99.74,909
2013.07.02,22:00,99.73,99.98,99.68,99.91,950
2013.07.03,16:00,99.90,100.40,99.70,100.13,480
2013.07.03,17:00,100.12,100.28,99.79,99.83,760
2013.07.03,18:00,99.82,100.55,99.82,100.50,664
2013.07.03,19:00,100.52,100.53,100.20,100.31,654
2013.07.03,20:00,100.30,100.42,100.21,100.39,56
2013.07.03,21:00,100.20,100.29,100.19,100.29,53
2013.07.05,16:00,100.64,100.83,99.98,99.99,486
2013.07.05,17:00,99.98,100.04,99.24,99.43,993
2013.07.05,18:00,99.41,99.88,99.35,99.86,679
2013.07.05,19:00,99.88,100.05,99.66,99.83,672
2013.07.05,20:00,99.84,99.86,99.47,99.47,453
2013.07.05,21:00,99.48,99.83,99.46,99.70,835
2013.07.05,22:00,99.69,99.84,99.39,99.82,933
2013.07.08,16:00,100.27,100.49,99.92,99.93,851
2013.07.08,17:00,99.95,100.07,99.83,99.93,951
2013.07.08,18:00,99.94,99.99,99.66,99.70,692
2013.07.08,19:00,99.71,99.78,99.54,99.59,593
2013.07.08,20:00,99.58,99.99,99.57,99.93,514
2013.07.08,21:00,99.94,99.99,99.83,99.92,501
2013.07.08,22:00,99.91,100.04,99.74,99.87,1006
2013.07.09,16:00,100.20,100.36,99.49,99.66,948
2013.07.09,17:00,99.64,99.65,99.19,99.65,1008
2013.07.09,18:00,99.66,99.96,99.59,99.72,523
2013.07.09,19:00,99.73,99.78,99.64,99.73,436
2013.07.09,20:00,99.74,99.89,99.55,99.88,418
2013.07.09,21:00,99.87,100.00,99.85,99.99,708
2013.07.09,22:00,99.98,100.16,99.89,99.99,1363
2013.07.10,16:00,100.14,100.35,99.65,99.85,436
2013.07.10,17:00,99.87,99.92,99.40,99.63,610
2013.07.10,18:00,99.62,99.79,99.49,99.73,602
2013.07.10,19:00,99.74,99.93,99.69,99.81,448
2013.07.10,20:00,99.80,99.99,99.74,99.85,462
2013.07.10,21:00,99.87,100.22,99.61,99.72,1242
2013.07.10,22:00,99.71,100.03,99.59,99.99,1150
2013.07.11,16:00,100.74,100.78,99.77,100.34,689
2013.07.11,17:00,100.37,100.70,100.32,100.49,479
2013.07.11,18:00,100.48,100.65,100.32,100.62,843
2013.07.11,19:00,100.63,100.71,100.45,100.64,444
2013.07.11,20:00,100.63,100.83,100.60,100.78,546
2013.07.11,21:00,100.79,100.95,100.67,100.80,754
2013.07.11,22:00,100.81,100.92,100.69,100.77,1182
2013.07.12,16:00,100.57,101.19,100.49,101.09,634
2013.07.12,17:00,101.10,101.71,101.05,101.53,951
2013.07.12,18:00,101.54,101.60,101.31,101.41,504
2013.07.12,19:00,101.42,101.80,101.36,101.70,689
2013.07.12,20:00,101.69,101.70,101.41,101.46,555
2013.07.12,21:00,101.47,101.48,101.21,101.29,561
2013.07.12,22:00,101.28,101.77,101.21,101.57,1042
2013.07.15,16:00,101.61,101.70,101.34,101.65,401
2013.07.15,17:00,101.64,101.72,101.34,101.40,578
2013.07.15,18:00,101.42,101.52,101.41,101.43,377
2013.07.15,19:00,101.44,101.54,101.22,101.24,378
2013.07.15,20:00,101.25,101.31,101.11,101.14,345
2013.07.15,21:00,101.13,101.17,100.79,100.95,686
2013.07.15,22:00,100.94,101.00,100.69,100.72,892
2013.07.16,16:00,100.17,100.58,99.46,99.99,833
2013.07.16,17:00,99.96,100.65,99.94,100.46,793
2013.07.16,18:00,100.47,100.83,100.39,100.79,589
2013.07.16,19:00,100.80,101.06,100.71,100.93,466
2013.07.16,20:00,100.94,101.06,100.69,101.06,477
2013.07.16,21:00,101.04,101.11,100.85,100.96,529
2013.07.16,22:00,100.95,101.01,100.74,100.89,688
2013.07.17,16:00,100.04,100.23,99.29,99.85,1757
2013.07.17,17:00,99.86,99.95,99.59,99.72,1125
2013.07.17,18:00,99.73,100.09,99.64,100.02,813
2013.07.17,19:00,100.00,100.15,99.91,100.08,447
2013.07.17,20:00,100.09,100.34,100.09,100.29,519
2013.07.17,21:00,100.28,100.29,99.85,99.87,537
2013.07.17,22:00,99.86,100.18,99.80,100.09,971
2013.07.18,16:00,100.47,100.71,100.26,100.56,752
2013.07.18,17:00,100.57,100.75,100.21,100.48,909
2013.07.18,18:00,100.49,100.54,100.01,100.18,660
2013.07.18,19:00,100.17,100.18,99.99,100.05,447
2013.07.18,20:00,100.06,100.17,99.99,100.12,460
2013.07.18,21:00,100.11,100.18,99.99,100.00,497
2013.07.18,22:00,100.01,100.18,99.98,100.17,734
2013.07.19,16:00,100.19,100.35,99.57,99.78,1157
2013.07.19,17:00,99.81,99.95,99.52,99.84,919
2013.07.19,18:00,99.86,100.40,99.85,100.20,739
2013.07.19,19:00,100.21,100.31,100.08,100.20,485
2013.07.19,20:00,100.22,100.38,100.13,100.18,425
2013.07.19,21:00,100.17,100.25,100.06,100.07,573
2013.07.19,22:00,100.08,100.27,100.06,100.21,974
2013.07.22,16:00,97.66,97.92,97.05,97.66,3349
2013.07.22,17:00,97.67,97.70,97.11,97.50,2876
2013.07.22,18:00,97.51,97.88,97.24,97.61,2093
2013.07.22,19:00,97.60,97.79,97.39,97.59,1147
2013.07.22,20:00,97.58,97.76,97.46,97.68,953
2013.07.22,21:00,97.67,97.89,97.58,97.74,1194
2013.07.22,22:00,97.75,97.88,97.37,97.56,2067
2013.07.23,16:00,97.54,97.63,97.07,97.25,1168
2013.07.23,17:00,97.26,97.43,97.08,97.42,1093
2013.07.23,18:00,97.41,97.41,97.05,97.08,810
2013.07.23,19:00,97.07,97.27,97.05,97.07,730
2013.07.23,20:00,97.06,97.31,97.06,97.07,547
2013.07.23,21:00,97.08,97.13,96.87,96.90,979
2013.07.23,22:00,96.91,96.99,96.67,96.77,1315
2013.07.24,16:00,97.20,97.39,96.64,96.70,833
2013.07.24,17:00,96.69,96.81,96.36,96.37,1033
2013.07.24,18:00,96.36,96.84,96.29,96.68,934
2013.07.24,19:00,96.69,96.73,96.36,96.39,587
2013.07.24,20:00,96.40,96.67,96.34,96.61,597
2013.07.24,21:00,96.62,96.72,96.57,96.64,512
2013.07.24,22:00,96.66,96.76,96.50,96.68,957
2013.07.25,16:00,96.66,96.89,96.55,96.72,631
2013.07.25,17:00,96.73,97.19,96.69,97.09,1038
2013.07.25,18:00,97.10,97.10,96.73,96.99,934
2013.07.25,19:00,96.97,97.44,96.84,97.36,699
2013.07.25,20:00,97.37,97.53,97.25,97.49,764
2013.07.25,21:00,97.50,97.50,97.17,97.29,751
2013.07.25,22:00,97.28,97.58,97.24,97.47,1034
2013.07.26,16:00,97.24,97.69,97.08,97.63,577
2013.07.26,17:00,97.62,97.90,96.91,96.99,1128
2013.07.26,18:00,97.00,97.41,96.97,97.33,641
2013.07.26,19:00,97.32,97.76,97.32,97.63,533
2013.07.26,20:00,97.64,97.90,97.62,97.78,622
2013.07.26,21:00,97.80,97.94,97.74,97.88,545
2013.07.26,22:00,97.89,98.07,97.87,98.03,961
2013.07.29,16:00,97.95,98.02,97.53,97.71,681
2013.07.29,17:00,97.69,97.80,97.58,97.79,761
2013.07.29,18:00,97.77,97.78,97.39,97.47,630
2013.07.29,19:00,97.46,97.70,97.38,97.69,457
2013.07.29,20:00,97.70,97.71,97.38,97.50,453
2013.07.29,21:00,97.51,97.99,97.51,97.90,607
2013.07.29,22:00,97.89,97.92,97.73,97.88,859
2013.07.30,16:00,97.99,98.33,97.90,98.16,840
2013.07.30,17:00,98.15,98.49,98.12,98.20,803
2013.07.30,18:00,98.19,98.37,97.83,98.25,882
2013.07.30,19:00,98.26,98.31,98.01,98.31,428
2013.07.30,20:00,98.32,98.33,97.99,98.18,551
2013.07.30,21:00,98.19,98.36,98.11,98.35,442
2013.07.30,22:00,98.33,98.53,98.29,98.41,1031
2013.07.31,16:00,98.31,98.53,97.72,97.90,999
2013.07.31,17:00,97.92,98.27,97.88,98.16,885
2013.07.31,18:00,98.17,98.43,98.14,98.17,618
2013.07.31,19:00,98.15,98.17,97.86,97.92,459
2013.07.31,20:00,97.91,97.99,97.79,97.87,440
2013.07.31,21:00,97.86,98.07,97.62,98.00,1130
2013.07.31,22:00,98.01,98.38,97.92,98.07,1593
2013.08.01,16:00,98.65,99.18,98.54,98.83,890
2013.08.01,17:00,98.84,99.14,98.76,98.77,1004
2013.08.01,18:00,98.76,98.78,98.53,98.57,753
2013.08.01,19:00,98.58,98.66,98.31,98.47,725
2013.08.01,20:00,98.45,98.86,98.44,98.85,448
2013.08.01,21:00,98.84,99.23,98.84,99.05,747
2013.08.01,22:00,99.04,99.14,98.84,98.99,1164
2013.08.02,16:00,98.80,99.07,98.56,98.68,576
2013.08.02,17:00,98.67,98.81,98.44,98.67,1016
2013.08.02,18:00,98.68,99.09,98.68,99.04,710
2013.08.02,19:00,99.06,99.08,98.85,98.96,505
2013.08.02,20:00,98.95,99.07,98.84,98.85,392
2013.08.02,21:00,98.84,99.04,98.79,98.99,497
2013.08.02,22:00,99.00,99.17,98.97,99.15,765
2013.08.05,16:00,99.00,99.12,98.82,99.04,599
2013.08.05,17:00,99.05,99.29,98.89,99.05,762
2013.08.05,18:00,99.06,99.24,99.05,99.15,516
2013.08.05,19:00,99.16,99.43,99.13,99.29,450
2013.08.05,20:00,99.30,99.30,99.07,99.21,327
2013.08.05,21:00,99.20,99.30,99.18,99.25,435
2013.08.05,22:00,99.24,99.32,99.14,99.30,827
2013.08.06,16:00,99.32,99.39,98.96,98.97,489
2013.08.06,17:00,98.96,99.08,98.58,98.69,711
2013.08.06,18:00,98.67,98.81,98.65,98.65,532
2013.08.06,19:00,98.66,98.83,98.62,98.81,391
2013.08.06,20:00,98.82,98.83,98.58,98.61,362
2013.08.06,21:00,98.62,98.70,98.36,98.65,565
2013.08.06,22:00,98.64,98.71,98.52,98.67,675
2013.08.07,16:00,98.59,98.98,98.45,98.52,584
2013.08.07,17:00,98.51,98.60,98.26,98.51,894
2013.08.07,18:00,98.52,98.57,98.33,98.43,581
2013.08.07,19:00,98.42,98.65,98.40,98.65,417
2013.08.07,20:00,98.66,98.72,98.37,98.44,372
2013.08.07,21:00,98.43,98.53,98.28,98.40,507
2013.08.07,22:00,98.39,98.45,98.26,98.32,876
2013.08.08,16:00,98.63,98.98,97.43,97.71,949
2013.08.08,17:00,97.69,97.86,97.54,97.86,1183
2013.08.08,18:00,97.85,97.98,97.71,97.95,655
2013.08.08,19:00,97.96,98.41,97.94,98.33,774
2013.08.08,20:00,98.34,98.43,98.05,98.10,656
2013.08.08,21:00,98.09,98.22,97.98,98.22,520
2013.08.08,22:00,98.23,98.25,98.01,98.02,657
2013.08.09,16:00,97.89,98.39,97.70,98.20,645
2013.08.09,17:00,98.21,98.24,97.53,97.60,1165
2013.08.09,18:00,97.59,97.59,97.08,97.24,934
2013.08.09,19:00,97.25,97.57,97.23,97.42,508
2013.08.09,20:00,97.43,97.64,97.43,97.54,378
2013.08.09,21:00,97.55,97.66,97.49,97.61,552
2013.08.09,22:00,97.62,97.67,97.47,97.58,896
2013.08.12,16:00,97.48,97.79,97.34,97.51,618
2013.08.12,17:00,97.50,97.66,97.26,97.59,809
2013.08.12,18:00,97.58,97.64,97.31,97.38,505
2013.08.12,19:00,97.37,97.38,97.12,97.20,599
2013.08.12,20:00,97.19,97.21,96.99,97.05,644
2013.08.12,21:00,97.06,97.18,97.03,97.12,501
2013.08.12,22:00,97.13,97.18,97.03,97.04,932
2013.08.13,16:00,97.01,97.09,96.74,96.77,850
2013.08.13,17:00,96.76,96.79,96.10,96.14,1255
2013.08.13,18:00,96.13,96.48,96.11,96.40,1148
2013.08.13,19:00,96.39,96.66,96.36,96.55,824
2013.08.13,20:00,96.54,96.64,96.37,96.47,709
2013.08.13,21:00,96.46,96.63,96.46,96.57,609
2013.08.13,22:00,96.58,96.59,96.40,96.44,1017
2013.08.14,16:00,96.23,96.34,95.63,95.90,1225
2013.08.14,17:00,95.88,96.18,95.81,96.12,1144
2013.08.14,18:00,96.11,96.36,96.03,96.20,691
2013.08.14,19:00,96.18,96.28,96.07,96.07,521
2013.08.14,20:00,96.08,96.13,95.89,96.09,794
2013.08.14,21:00,96.08,96.15,95.99,96.07,515
2013.08.14,22:00,96.08,96.19,95.99,96.09,808
2013.08.15,16:00,95.54,95.90,95.47,95.71,917
2013.08.15,17:00,95.69,95.81,95.37,95.48,1281
2013.08.15,18:00,95.47,95.59,95.29,95.40,1016
2013.08.15,19:00,95.42,95.59,95.24,95.36,645
2013.08.15,20:00,95.37,95.49,95.22,95.39,1043
2013.08.15,21:00,95.40,95.51,95.19,95.30,864
2013.08.15,22:00,95.29,95.43,95.18,95.40,1109
2013.08.16,16:00,95.19,95.49,95.19,95.25,718
2013.08.16,17:00,95.26,95.33,95.04,95.22,847
2013.08.16,18:00,95.21,95.31,95.07,95.12,606
2013.08.16,19:00,95.13,95.24,95.06,95.14,487
2013.08.16,20:00,95.15,95.18,95.00,95.14,623
2013.08.16,21:00,95.15,95.25,95.02,95.23,594
2013.08.16,22:00,95.25,95.30,95.02,95.03,950
2013.08.19,16:00,95.11,95.80,95.04,95.74,747
2013.08.19,17:00,95.73,95.87,95.56,95.71,891
2013.08.19,18:00,95.70,95.95,95.54,95.95,597
2013.08.19,19:00,95.94,95.98,95.72,95.90,425
2013.08.19,20:00,95.91,95.91,95.58,95.59,402
2013.08.19,21:00,95.58,95.86,95.56,95.70,541
2013.08.19,22:00,95.71,95.71,95.43,95.43,888
2013.08.20,16:00,95.50,95.76,95.35,95.68,662
2013.08.20,17:00,95.69,95.85,95.54,95.73,782
2013.08.20,18:00,95.72,95.86,95.60,95.86,599
2013.08.20,19:00,95.87,95.89,95.63,95.80,458
2013.08.20,20:00,95.79,95.84,95.63,95.78,397
2013.08.20,21:00,95.79,95.85,95.63,95.67,499
2013.08.20,22:00,95.66,95.77,95.49,95.49,767
2013.08.21,16:00,95.40,95.81,95.39,95.60,683
2013.08.21,17:00,95.61,95.74,95.29,95.51,900
2013.08.21,18:00,95.49,95.60,95.32,95.38,721
2013.08.21,19:00,95.36,95.58,95.34,95.55,489
2013.08.21,20:00,95.57,95.74,95.51,95.59,463
2013.08.21,21:00,95.60,95.75,95.12,95.68,1102
2013.08.21,22:00,95.69,95.69,95.12,95.14,946
2013.08.22,16:00,95.34,95.67,95.31,95.39,512
2013.08.22,17:00,95.41,95.49,95.23,95.29,625
2013.08.22,18:00,95.30,95.40,95.25,95.38,496
2013.08.22,19:00,95.37,95.57,95.23,95.25,396
2013.08.22,20:00,95.23,95.38,95.19,95.36,476
2013.08.22,21:00,95.37,95.41,95.26,95.36,341
2013.08.22,22:00,95.35,95.55,95.28,95.45,947
2013.08.23,16:00,95.55,95.63,95.06,95.14,618
2013.08.23,17:00,95.15,95.38,94.89,95.32,853
2013.08.23,18:00,95.34,95.36,95.18,95.25,504
2013.08.23,19:00,95.26,95.32,95.13,95.20,383
2013.08.23,20:00,95.19,95.21,95.02,95.04,467
2013.08.23,21:00,95.03,95.17,95.02,95.12,534
2013.08.23,22:00,95.11,95.21,94.99,95.10,717
2013.08.26,16:00,95.34,95.41,95.08,95.26,496
2013.08.26,17:00,95.23,95.49,95.23,95.44,812
2013.08.26,18:00,95.43,95.46,95.27,95.41,510
2013.08.26,19:00,95.40,95.78,95.38,95.75,491
2013.08.26,20:00,95.76,95.92,95.71,95.76,652
2013.08.26,21:00,95.75,95.79,95.73,95.77,355
2013.08.26,22:00,95.78,95.78,95.30,95.30,1021
2013.08.27,16:00,94.84,95.12,94.63,95.00,889
2013.08.27,17:00,95.01,95.10,94.81,95.07,1134
2013.08.27,18:00,95.06,95.10,94.92,95.10,701
2013.08.27,19:00,95.09,95.12,94.97,95.06,587
2013.08.27,20:00,95.05,95.17,94.99,95.02,562
2013.08.27,21:00,95.03,95.15,94.97,95.07,703
2013.08.27,22:00,95.06,95.12,94.80,94.82,1128
2013.08.28,16:00,94.98,96.28,94.98,96.23,1133
2013.08.28,17:00,96.20,96.22,96.03,96.07,1057
2013.08.28,18:00,96.08,96.14,95.83,96.13,805
2013.08.28,19:00,96.12,96.22,96.00,96.11,507
2013.08.28,20:00,96.09,96.22,96.00,96.16,606
2013.08.28,21:00,96.17,96.20,96.05,96.09,727
2013.08.28,22:00,96.08,96.31,96.03,96.07,1145
2013.08.29,16:00,95.62,95.96,95.57,95.79,964
2013.08.29,17:00,95.80,95.82,95.29,95.35,944
2013.08.29,18:00,95.36,95.42,95.19,95.25,655
2013.08.29,19:00,95.26,95.26,94.87,94.88,808
2013.08.29,20:00,94.89,94.93,94.68,94.78,671
2013.08.29,21:00,94.77,95.16,94.74,95.14,805
2013.08.29,22:00,95.15,95.16,94.68,94.83,1035
2013.08.30,16:00,94.98,95.11,94.56,94.66,519
2013.08.30,17:00,94.67,94.68,94.43,94.54,785
2013.08.30,18:00,94.53,94.61,94.35,94.40,750
2013.08.30,19:00,94.41,94.58,94.34,94.40,465
2013.08.30,20:00,94.39,94.50,94.20,94.25,682
2013.08.30,21:00,94.24,94.52,94.18,94.45,444
2013.08.30,22:00,94.44,94.48,94.12,94.29,1012
2013.09.03,16:00,95.10,95.26,94.98,95.10,613
2013.09.03,17:00,95.11,95.21,94.78,94.78,683
2013.09.03,18:00,94.77,94.93,94.27,94.57,708
2013.09.03,19:00,94.56,94.65,94.23,94.25,456
2013.09.03,20:00,94.26,94.34,94.10,94.15,416
2013.09.03,21:00,94.16,94.50,94.16,94.50,507
2013.09.03,22:00,94.49,94.65,94.36,94.51,831
2013.09.04,16:00,94.48,94.94,94.32,94.89,472
2013.09.04,17:00,94.90,95.13,94.71,94.83,592
2013.09.04,18:00,94.82,95.25,94.82,95.17,677
2013.09.04,19:00,95.18,95.34,95.11,95.20,391
2013.09.04,20:00,95.21,95.25,95.06,95.08,322
2013.09.04,21:00,95.07,95.28,95.05,95.25,475
2013.09.04,22:00,95.24,95.27,94.97,95.14,924
2013.09.05,16:00,95.30,96.44,95.06,96.20,1112
2013.09.05,17:00,96.19,96.20,95.67,95.74,1295
2013.09.05,18:00,95.73,95.84,95.53,95.80,815
2013.09.05,19:00,95.78,95.80,95.52,95.77,612
2013.09.05,20:00,95.76,95.87,95.64,95.71,488
2013.09.05,21:00,95.73,95.91,95.69,95.82,499
2013.09.05,22:00,95.83,95.86,95.58,95.63,840
2013.09.06,16:00,95.85,96.43,95.33,95.47,1136
2013.09.06,17:00,95.52,96.42,95.23,96.37,1256
2013.09.06,18:00,96.38,96.73,96.30,96.40,842
2013.09.06,19:00,96.38,96.47,96.14,96.18,484
2013.09.06,20:00,96.19,96.43,96.17,96.40,691
2013.09.06,21:00,96.39,96.53,96.31,96.48,617
2013.09.06,22:00,96.49,96.52,96.18,96.23,1389
2013.09.09,16:00,96.20,96.76,96.19,96.65,646
2013.09.09,17:00,96.66,96.75,96.40,96.54,982
2013.09.09,18:00,96.53,96.56,96.22,96.43,819
2013.09.09,19:00,96.42,96.61,96.40,96.54,546
2013.09.09,20:00,96.52,96.54,96.36,96.46,596
2013.09.09,21:00,96.47,96.60,96.43,96.46,613
2013.09.09,22:00,96.47,96.57,96.42,96.43,1048
2013.09.10,16:00,97.08,97.34,96.48,96.49,1044
2013.09.10,17:00,96.48,96.91,96.48,96.86,959
2013.09.10,18:00,96.87,96.88,96.63,96.74,645
2013.09.10,19:00,96.73,96.96,96.73,96.90,466
2013.09.10,20:00,96.89,96.90,96.74,96.89,491
2013.09.10,21:00,96.90,96.92,96.73,96.73,485
2013.09.10,22:00,96.74,96.91,96.63,96.87,1444
2013.09.11,16:00,96.64,96.83,96.35,96.83,828
2013.09.11,17:00,96.82,97.06,96.64,96.82,1066
2013.09.11,18:00,96.83,97.18,96.81,97.00,690
2013.09.11,19:00,96.99,97.07,96.78,96.97,514
2013.09.11,20:00,96.98,97.08,96.90,96.97,514
2013.09.11,21:00,96.96,97.23,96.96,97.18,480
2013.09.11,22:00,97.17,97.42,97.10,97.42,820
2013.09.12,16:00,97.46,97.76,97.31,97.62,598
2013.09.12,17:00,97.61,97.81,97.53,97.78,594
2013.09.12,18:00,97.79,97.83,97.26,97.30,704
2013.09.12,19:00,97.29,97.39,97.15,97.36,508
2013.09.12,20:00,97.35,97.48,97.25,97.41,397
2013.09.12,21:00,97.40,97.52,97.20,97.40,387
2013.09.12,22:00,97.39,97.39,97.05,97.16,927
2013.09.13,16:00,97.32,97.59,97.16,97.54,487
2013.09.13,17:00,97.55,97.63,97.16,97.46,641
2013.09.13,18:00,97.45,97.56,97.34,97.52,474
2013.09.13,19:00,97.51,97.55,97.28,97.28,318
2013.09.13,20:00,97.29,97.38,97.22,97.25,322
2013.09.13,21:00,97.24,97.32,97.12,97.18,395
2013.09.13,22:00,97.19,97.33,97.11,97.33,655
2013.09.16,16:00,97.86,98.15,97.81,97.88,797
2013.09.16,17:00,97.90,97.97,97.58,97.74,898
2013.09.16,18:00,97.75,97.85,97.70,97.79,602
2013.09.16,19:00,97.77,97.87,97.59,97.61,587
2013.09.16,20:00,97.60,97.70,97.38,97.68,402
2013.09.16,21:00,97.69,97.72,97.51,97.59,511
2013.09.16,22:00,97.58,97.73,97.42,97.67,1016
2013.09.17,16:00,97.56,98.10,97.47,97.98,772
2013.09.17,17:00,97.99,98.20,97.98,98.12,725
2013.09.17,18:00,98.14,98.29,98.11,98.28,396
2013.09.17,19:00,98.29,98.34,98.05,98.06,420
2013.09.17,20:00,98.07,98.15,97.98,98.10,338
2013.09.17,21:00,98.11,98.14,97.96,98.02,391
2013.09.17,22:00,98.01,98.03,97.82,97.89,812
2013.09.18,16:00,97.85,98.17,97.80,98.05,589
2013.09.18,17:00,98.03,98.25,97.95,98.05,810
2013.09.18,18:00,98.06,98.21,97.87,97.88,546
2013.09.18,19:00,97.87,97.95,97.62,97.76,439
2013.09.18,20:00,97.77,97.85,97.65,97.65,398
2013.09.18,21:00,97.70,98.94,97.68,98.94,1220
2013.09.18,22:00,98.95,98.97,98.41,98.69,1205
2013.09.19,16:00,98.48,98.48,96.98,97.11,2082
2013.09.19,17:00,97.10,97.47,97.06,97.35,1286
2013.09.19,18:00,97.36,97.65,97.25,97.54,875
2013.09.19,19:00,97.53,97.85,97.51,97.75,571
2013.09.19,20:00,97.76,97.84,97.53,97.60,613
2013.09.19,21:00,97.61,97.91,97.61,97.86,532
2013.09.19,22:00,97.87,97.94,97.82,97.91,894
2013.09.20,16:00,97.69,98.03,97.64,97.90,959
2013.09.20,17:00,97.89,97.96,97.70,97.79,950
2013.09.20,18:00,97.78,97.79,97.34,97.45,671
2013.09.20,19:00,97.46,97.60,97.41,97.50,468
2013.09.20,20:00,97.49,97.49,97.23,97.26,443
2013.09.20,21:00,97.25,97.36,97.19,97.32,452
2013.09.20,22:00,97.31,97.34,97.00,97.02,1379
2013.09.23,16:00,96.95,97.32,96.80,97.06,890
2013.09.23,17:00,97.05,97.21,96.94,96.94,817
2013.09.23,18:00,96.95,97.34,96.93,97.26,641
2013.09.23,19:00,97.27,97.45,97.25,97.38,509
2013.09.23,20:00,97.39,97.56,97.35,97.55,512
2013.09.23,21:00,97.56,97.56,97.37,97.45,489
2013.09.23,22:00,97.44,97.47,97.23,97.29,705
2013.09.24,16:00,97.12,97.43,96.84,97.43,808
2013.09.24,17:00,97.42,97.92,97.30,97.82,1039
2013.09.24,18:00,97.83,98.14,97.78,98.13,879
2013.09.24,19:00,98.14,98.58,98.08,98.16,1132
2013.09.24,20:00,98.17,98.17,97.92,97.97,536
2013.09.24,21:00,97.96,98.02,97.86,97.98,441
2013.09.24,22:00,97.99,97.99,97.64,97.79,1023
2013.09.25,16:00,97.78,97.91,97.56,97.62,430
2013.09.25,17:00,97.59,97.87,97.53,97.67,820
2013.09.25,18:00,97.68,97.97,97.57,97.72,572
2013.09.25,19:00,97.73,97.77,97.50,97.76,445
2013.09.25,20:00,97.77,97.79,97.39,97.61,731
2013.09.25,21:00,97.62,97.87,97.54,97.79,710
2013.09.25,22:00,97.80,97.88,97.59,97.61,918
2013.09.26,16:00,97.87,98.15,97.78,98.11,502
2013.09.26,17:00,98.08,98.30,97.84,97.89,759
2013.09.26,18:00,97.88,98.06,97.80,98.01,487
2013.09.26,19:00,98.02,98.21,97.96,98.12,330
2013.09.26,20:00,98.13,98.26,98.00,98.12,372
2013.09.26,21:00,98.11,98.14,97.95,98.02,465
2013.09.26,22:00,98.01,98.22,97.97,98.17,785
2013.09.27,16:00,97.87,97.97,97.24,97.28,857
2013.09.27,17:00,97.27,97.36,96.98,97.29,1075
2013.09.27,18:00,97.31,97.31,97.08,97.23,561
2013.09.27,19:00,97.22,97.25,97.11,97.17,324
2013.09.27,20:00,97.18,97.20,97.05,97.09,292
2013.09.27,21:00,97.12,97.19,96.98,97.11,384
2013.09.27,22:00,97.12,97.17,96.98,97.10,999
2013.09.30,16:00,96.49,96.63,95.56,96.15,1133
2013.09.30,17:00,96.16,96.67,96.16,96.38,840
2013.09.30,18:00,96.39,96.59,96.23,96.50,559
2013.09.30,19:00,96.49,96.49,96.26,96.30,399
2013.09.30,20:00,96.31,96.38,96.01,96.07,453
2013.09.30,21:00,96.08,96.27,96.06,96.11,524
2013.09.30,22:00,96.10,96.24,95.91,96.20,1258
2013.10.01,16:00,96.16,96.26,95.94,96.00,675
2013.10.01,17:00,95.97,96.28,95.83,96.21,802
2013.10.01,18:00,96.22,96.37,96.08,96.34,564
2013.10.01,19:00,96.36,96.36,96.06,96.10,422
2013.10.01,20:00,96.11,96.18,96.02,96.04,362
2013.10.01,21:00,96.03,96.07,95.89,95.98,451
2013.10.01,22:00,95.99,96.12,95.88,96.12,901
2013.10.02,16:00,95.62,95.86,94.19,94.19,2189
2013.10.02,17:00,94.20,94.45,93.99,94.31,2002
2013.10.02,18:00,94.32,94.88,94.28,94.71,1063
2013.10.02,19:00,94.70,95.01,94.70,94.95,615
2013.10.02,20:00,94.96,95.17,94.85,94.97,530
2013.10.02,21:00,94.98,95.16,94.86,95.14,632
2013.10.02,22:00,95.13,95.37,95.02,95.23,1051
2013.10.03,16:00,95.13,95.18,94.98,95.11,845
2013.10.03,17:00,95.10,95.17,94.65,94.71,1088
2013.10.03,18:00,94.70,94.95,94.67,94.73,1072
2013.10.03,19:00,94.71,94.87,94.65,94.79,634
2013.10.03,20:00,94.80,94.98,94.74,94.87,601
2013.10.03,21:00,94.88,94.89,94.65,94.79,717
2013.10.03,22:00,94.80,94.99,94.59,94.65,966
2013.10.04,16:00,94.59,94.78,94.38,94.76,645
2013.10.04,17:00,94.77,94.78,94.45,94.67,772
2013.10.04,18:00,94.66,94.69,94.43,94.59,547
2013.10.04,19:00,94.60,94.76,94.55,94.70,450
2013.10.04,20:00,94.62,94.66,94.51,94.51,378
2013.10.04,21:00,94.52,94.66,94.51,94.59,419
2013.10.04,22:00,94.60,94.71,94.52,94.69,711
2013.10.07,16:00,94.24,94.44,94.13,94.19,626
2013.10.07,17:00,94.20,94.65,94.12,94.63,659
2013.10.07,18:00,94.64,94.78,94.51,94.73,498
2013.10.07,19:00,94.72,94.73,94.38,94.41,487
2013.10.07,20:00,94.44,94.61,94.41,94.58,352
2013.10.07,21:00,94.51,94.69,94.51,94.62,432
2013.10.07,22:00,94.66,94.67,94.35,94.36,742
2013.10.08,16:00,94.25,94.44,94.08,94.27,557
2013.10.08,17:00,94.29,94.38,94.11,94.25,930
2013.10.08,18:00,94.24,94.56,94.22,94.51,754
2013.10.08,19:00,94.50,94.53,94.23,94.34,620
2013.10.08,20:00,94.35,94.41,94.12,94.18,559
2013.10.08,21:00,94.19,94.23,94.08,94.20,661
2013.10.08,22:00,94.21,94.30,93.93,93.94,1017
2013.10.09,16:00,93.80,93.83,93.13,93.36,1180
2013.10.09,17:00,93.35,93.94,93.19,93.56,1101
2013.10.09,18:00,93.57,93.77,93.25,93.46,829
2013.10.09,19:00,93.47,93.51,93.27,93.36,568
2013.10.09,20:00,93.37,93.57,93.21,93.46,793
2013.10.09,21:00,93.47,93.70,93.28,93.41,896
2013.10.09,22:00,93.42,93.50,93.20,93.23,1133
2013.10.10,16:00,94.13,94.21,93.53,93.70,866
2013.10.10,17:00,93.71,93.78,93.50,93.57,963
2013.10.10,18:00,93.55,94.08,93.48,93.98,850
2013.10.10,19:00,93.99,94.17,93.95,94.15,530
2013.10.10,20:00,94.14,94.19,94.02,94.14,418
2013.10.10,21:00,94.13,94.17,93.98,94.03,395
2013.10.10,22:00,94.04,94.42,94.00,94.42,1274
2013.10.11,16:00,94.67,94.71,94.31,94.71,689
2013.10.11,17:00,94.68,94.78,94.48,94.61,801
2013.10.11,18:00,94.62,94.69,94.55,94.64,492
2013.10.11,19:00,94.63,94.71,94.62,94.66,463
2013.10.11,20:00,94.65,94.77,94.62,94.68,470
2013.10.11,21:00,94.67,94.68,94.50,94.51,486
2013.10.11,22:00,94.50,94.72,94.44,94.72,935
2013.10.14,16:00,94.39,94.44,94.16,94.34,504
2013.10.14,17:00,94.35,94.61,94.21,94.54,538
2013.10.14,18:00,94.53,94.63,94.42,94.48,457
2013.10.14,19:00,94.47,94.49,94.26,94.27,458
2013.10.14,20:00,94.28,94.47,94.26,94.47,525
2013.10.14,21:00,94.46,94.83,94.42,94.64,540
2013.10.14,22:00,94.65,94.86,94.50,94.70,781
2013.10.15,16:00,93.97,94.18,93.43,93.51,1311
2013.10.15,17:00,93.50,93.87,93.43,93.68,1132
2013.10.15,18:00,93.70,94.08,93.63,93.82,901
2013.10.15,19:00,93.81,93.81,93.53,93.78,687
2013.10.15,20:00,93.77,93.87,93.66,93.80,534
2013.10.15,21:00,93.81,93.87,93.48,93.65,703
2013.10.15,22:00,93.66,93.92,93.58,93.76,1399
2013.10.16,16:00,94.13,94.76,94.13,94.63,894
2013.10.16,17:00,94.64,95.05,94.56,95.05,1037
2013.10.16,18:00,95.04,95.07,94.74,94.91,770
2013.10.16,19:00,94.93,94.95,94.77,94.93,573
2013.10.16,20:00,94.94,95.05,94.88,94.93,477
2013.10.16,21:00,94.92,95.03,94.67,94.93,666
2013.10.16,22:00,94.94,95.22,94.82,95.22,1152
2013.10.17,16:00,95.17,95.25,94.71,94.71,619
2013.10.17,17:00,94.72,94.93,94.63,94.87,712
2013.10.17,18:00,94.88,95.24,94.81,95.18,585
2013.10.17,19:00,95.17,95.32,95.09,95.29,513
2013.10.17,20:00,95.30,95.42,95.08,95.26,473
2013.10.17,21:00,95.25,95.40,95.22,95.35,488
2013.10.17,22:00,95.36,95.50,95.26,95.44,1140
2013.10.18,16:00,95.67,95.67,94.50,95.47,1555
2013.10.18,17:00,95.46,95.62,94.98,95.04,1031
2013.10.18,18:00,95.05,95.19,94.98,95.06,622
2013.10.18,19:00,95.08,95.27,95.04,95.19,471
2013.10.18,20:00,95.20,95.43,95.13,95.19,578
2013.10.18,21:00,95.18,95.38,95.10,95.33,891
2013.10.18,22:00,95.34,95.36,94.88,94.99,1516
2013.10.21,16:00,93.69,93.98,93.22,93.54,2617
2013.10.21,17:00,93.51,94.49,93.49,94.29,3188
2013.10.21,18:00,94.30,94.83,94.26,94.61,1533
2013.10.21,19:00,94.62,94.62,94.18,94.28,824
2013.10.21,20:00,94.29,94.57,94.27,94.51,614
2013.10.21,21:00,94.50,94.55,94.06,94.07,702
2013.10.21,22:00,94.06,94.60,94.06,94.58,1478
2013.10.22,16:00,94.66,94.75,94.19,94.46,975
2013.10.22,17:00,94.45,94.89,94.36,94.87,1323
2013.10.22,18:00,94.85,95.23,94.83,95.08,1081
2013.10.22,19:00,95.09,95.12,94.72,94.88,679
2013.10.22,20:00,94.89,95.28,94.83,95.26,531
2013.10.22,21:00,95.25,95.47,95.18,95.35,712
2013.10.22,22:00,95.36,95.40,94.93,95.09,1131
2013.10.23,16:00,95.06,95.18,94.45,94.46,685
2013.10.23,17:00,94.45,94.49,94.06,94.24,1078
2013.10.23,18:00,94.25,94.42,94.07,94.13,924
2013.10.23,19:00,94.14,94.25,93.91,94.23,675
2013.10.23,20:00,94.22,94.32,94.12,94.22,519
2013.10.23,21:00,94.21,94.36,94.06,94.21,580
2013.10.23,22:00,94.22,94.26,94.02,94.19,1153
2013.10.24,16:00,94.39,94.53,94.23,94.40,662
2013.10.24,17:00,94.38,94.78,94.37,94.72,634
2013.10.24,18:00,94.71,94.79,94.50,94.54,686
2013.10.24,19:00,94.55,94.63,94.43,94.63,458
2013.10.24,20:00,94.62,94.68,94.57,94.68,344
2013.10.24,21:00,94.67,94.77,94.60,94.75,701
2013.10.24,22:00,94.74,94.76,94.54,94.67,990
2013.10.25,16:00,94.77,94.86,94.50,94.65,613
2013.10.25,17:00,94.68,94.69,94.34,94.62,733
2013.10.25,18:00,94.61,94.78,94.58,94.68,548
2013.10.25,19:00,94.67,94.73,94.56,94.70,403
2013.10.25,20:00,94.69,94.75,94.63,94.67,303
2013.10.25,21:00,94.68,94.78,94.63,94.67,315
2013.10.25,22:00,94.68,94.79,94.56,94.76,763
2013.10.28,15:00,94.67,95.09,94.66,95.04,456
2013.10.28,16:00,95.03,95.35,94.99,95.01,748
2013.10.28,17:00,95.02,95.35,94.99,95.19,585
2013.10.28,18:00,95.20,95.25,95.08,95.20,455
2013.10.28,19:00,95.21,95.28,95.10,95.23,522
2013.10.28,20:00,95.22,95.70,95.20,95.63,489
2013.10.28,21:00,95.62,95.62,95.20,95.36,936
2013.10.29,15:00,95.60,95.92,95.28,95.63,915
2013.10.29,16:00,95.65,95.75,95.38,95.61,709
2013.10.29,17:00,95.62,95.86,95.62,95.75,579
2013.10.29,18:00,95.76,95.88,95.62,95.83,509
2013.10.29,19:00,95.81,95.83,95.67,95.79,404
2013.10.29,20:00,95.78,95.91,95.78,95.90,300
2013.10.29,21:00,95.89,96.07,95.83,96.03,793
2013.10.30,15:00,96.15,96.43,95.83,96.24,697
2013.10.30,16:00,96.23,96.25,96.03,96.21,617
2013.10.30,17:00,96.20,96.28,96.00,96.17,498
2013.10.30,18:00,96.16,96.18,96.03,96.04,352
2013.10.30,19:00,96.03,96.21,96.01,96.07,425
2013.10.30,20:00,96.09,96.30,95.71,95.97,990
2013.10.30,21:00,95.98,96.14,95.93,96.01,694
2013.10.31,15:00,96.18,96.68,96.09,96.46,784
2013.10.31,16:00,96.47,96.51,96.15,96.40,885
2013.10.31,17:00,96.41,96.58,96.31,96.40,558
2013.10.31,18:00,96.41,96.46,96.26,96.29,472
2013.10.31,19:00,96.30,96.46,96.27,96.45,487
2013.10.31,20:00,96.44,96.60,96.37,96.46,494
2013.10.31,21:00,96.47,96.60,96.30,96.51,943
2013.11.01,15:00,96.65,97.08,96.59,96.70,568
2013.11.01,16:00,96.69,96.90,96.54,96.85,746
2013.11.01,17:00,96.86,97.20,96.70,97.02,1004
2013.11.01,18:00,97.03,97.16,96.79,96.88,639
2013.11.01,19:00,96.89,97.23,96.87,97.23,564
2013.11.01,20:00,97.22,97.26,97.07,97.17,440
2013.11.01,21:00,97.18,97.48,97.11,97.26,1121
2013.11.04,16:00,97.24,97.48,97.21,97.40,508
2013.11.04,17:00,97.41,97.44,96.91,96.91,840
2013.11.04,18:00,96.90,97.28,96.81,96.97,705
2013.11.04,19:00,96.98,97.05,96.90,96.95,544
2013.11.04,20:00,96.96,97.15,96.89,97.05,588
2013.11.04,21:00,97.06,97.36,97.04,97.25,655
2013.11.04,22:00,97.27,97.38,97.24,97.31,333
2013.11.05,16:00,97.36,97.63,97.10,97.28,887
2013.11.05,17:00,97.26,97.53,97.00,97.45,1070
2013.11.05,18:00,97.47,97.73,97.42,97.48,839
2013.11.05,19:00,97.47,97.51,97.27,97.37,556
2013.11.05,20:00,97.38,97.53,97.37,97.43,426
2013.11.05,21:00,97.44,97.52,97.32,97.39,404
2013.11.05,22:00,97.38,97.52,97.32,97.37,970
2013.11.06,16:00,97.64,97.95,97.45,97.91,667
2013.11.06,17:00,97.92,98.17,97.84,97.94,800
2013.11.06,18:00,97.92,97.96,97.56,97.56,657
2013.11.06,19:00,97.55,97.82,97.53,97.73,585
2013.11.06,20:00,97.71,97.76,97.57,97.72,573
2013.11.06,21:00,97.71,97.97,97.67,97.87,536
2013.11.06,22:00,97.86,98.01,97.70,97.87,859
2013.11.07,16:00,97.94,98.07,97.39,97.59,986
2013.11.07,17:00,97.58,97.75,97.50,97.57,898
2013.11.07,18:00,97.58,97.66,97.22,97.36,1047
2013.11.07,19:00,97.37,97.55,97.28,97.33,522
2013.11.07,20:00,97.34,97.34,97.04,97.06,513
2013.11.07,21:00,97.05,97.28,96.77,97.16,861
2013.11.07,22:00,97.15,97.20,97.01,97.16,1008
2013.11.08,16:00,97.15,97.28,96.52,96.60,961
2013.11.08,17:00,96.62,96.71,96.39,96.58,1357
2013.11.08,18:00,96.61,96.66,96.31,96.34,896
2013.11.08,19:00,96.35,96.65,96.30,96.37,735
2013.11.08,20:00,96.38,96.61,96.31,96.60,526
2013.11.08,21:00,96.59,96.64,96.54,96.59,450
2013.11.08,22:00,96.60,96.99,96.51,96.99,1066
2013.11.11,16:00,96.81,97.10,96.78,97.09,554
2013.11.11,17:00,97.10,97.47,97.07,97.35,700
2013.11.11,18:00,97.37,97.38,97.03,97.04,512
2013.11.11,19:00,97.03,97.18,96.98,96.98,341
2013.11.11,20:00,96.99,97.02,96.82,96.90,235
2013.11.11,21:00,96.89,96.92,96.81,96.91,303
2013.11.11,22:00,96.92,97.09,96.90,97.05,655
2013.11.12,16:00,97.03,97.50,96.83,97.44,715
2013.11.12,17:00,97.45,97.64,97.36,97.53,627
2013.11.12,18:00,97.52,97.64,97.39,97.45,536
2013.11.12,19:00,97.44,97.59,97.39,97.57,407
2013.11.12,20:00,97.56,97.69,97.47,97.56,330
2013.11.12,21:00,97.55,97.66,97.54,97.66,264
2013.11.12,22:00,97.67,97.74,97.54,97.65,778
2013.11.13,16:00,97.44,97.93,97.29,97.87,759
2013.11.13,17:00,97.89,97.96,97.69,97.76,688
2013.11.13,18:00,97.75,97.92,97.62,97.76,539
2013.11.13,19:00,97.75,97.86,97.48,97.80,408
2013.11.13,20:00,97.79,97.88,97.74,97.83,332
2013.11.13,21:00,97.82,97.88,97.76,97.87,345
2013.11.13,22:00,97.86,98.10,97.85,98.07,702
2013.11.14,16:00,98.16,98.68,98.12,98.63,538
2013.11.14,17:00,98.65,98.67,98.24,98.25,950
2013.11.14,18:00,98.24,98.48,97.27,97.66,1907
2013.11.14,19:00,97.51,97.84,97.21,97.31,932
2013.11.14,20:00,97.32,97.50,97.16,97.28,761
2013.11.14,21:00,97.27,97.49,97.26,97.41,677
2013.11.14,22:00,97.42,97.64,97.42,97.53,953
2013.11.15,16:00,97.46,97.69,96.88,97.03,782
2013.11.15,17:00,97.02,97.03,96.48,96.76,1194
2013.11.15,18:00,96.75,96.97,96.68,96.84,751
2013.11.15,19:00,96.85,96.85,96.40,96.42,704
2013.11.15,20:00,96.43,96.73,96.38,96.69,684
2013.11.15,21:00,96.70,96.70,96.49,96.65,570
2013.11.15,22:00,96.64,96.90,96.62,96.89,1136
2013.11.18,16:00,96.88,97.43,96.88,97.09,991
2013.11.18,17:00,97.07,97.70,97.00,97.28,1071
2013.11.18,18:00,97.29,97.53,97.16,97.50,623
2013.11.18,19:00,97.51,97.71,97.48,97.52,460
2013.11.18,20:00,97.53,97.74,97.49,97.71,414
2013.11.18,21:00,97.72,97.77,97.65,97.69,495
2013.11.18,22:00,97.71,97.73,97.51,97.63,1150
2013.11.19,16:00,97.50,97.75,97.34,97.35,641
2013.11.19,17:00,97.37,97.65,97.35,97.54,844
2013.11.19,18:00,97.55,97.74,97.48,97.73,629
2013.11.19,19:00,97.72,98.07,97.72,97.96,545
2013.11.19,20:00,97.95,98.17,97.94,98.05,896
2013.11.19,21:00,98.06,98.27,98.04,98.14,723
2013.11.19,22:00,98.15,98.21,97.87,97.96,879
2013.11.20,16:00,97.55,97.91,97.55,97.76,695
2013.11.20,17:00,97.75,98.03,97.51,97.53,992
2013.11.20,18:00,97.52,97.71,97.35,97.59,590
2013.11.20,19:00,97.58,97.68,97.43,97.48,348
2013.11.20,20:00,97.47,97.60,97.46,97.55,358
2013.11.20,21:00,97.56,97.56,97.28,97.33,891
2013.11.20,22:00,97.32,97.59,97.16,97.52,1140
2013.11.21,16:00,97.79,97.94,97.57,97.85,606
2013.11.21,17:00,97.86,97.95,97.66,97.91,684
2013.11.21,18:00,97.92,97.93,97.71,97.81,491
2013.11.21,19:00,97.82,97.85,97.64,97.80,371
2013.11.21,20:00,97.79,98.07,97.77,98.01,386
2013.11.21,21:00,98.00,98.07,97.63,97.76,794
2013.11.21,22:00,97.77,97.82,97.63,97.69,852
2013.11.22,16:00,97.82,97.94,97.35,97.67,673
2013.11.22,17:00,97.68,98.10,97.66,97.84,791
2013.11.22,18:00,97.83,98.18,97.82,98.09,574
2013.11.22,19:00,98.08,98.43,98.08,98.39,574
2013.11.22,20:00,98.41,98.44,98.27,98.42,372
2013.11.22,21:00,98.41,98.49,98.30,98.37,456
2013.11.22,22:00,98.36,98.41,98.15,98.24,1012
2013.11.25,16:00,98.73,99.10,98.63,99.02,1020
2013.11.25,17:00,99.03,99.24,99.01,99.08,906
2013.11.25,18:00,99.10,99.17,98.96,99.04,901
2013.11.25,19:00,99.03,99.22,99.00,99.07,598
2013.11.25,20:00,99.06,99.16,98.98,99.14,663
2013.11.25,21:00,99.15,99.19,99.10,99.10,595
2013.11.25,22:00,99.09,99.16,98.82,98.91,1182
2013.11.26,16:00,98.78,99.07,98.52,98.84,615
2013.11.26,17:00,98.81,98.87,98.13,98.33,1071
2013.11.26,18:00,98.35,98.38,98.19,98.26,843
2013.11.26,19:00,98.27,98.47,98.23,98.32,602
2013.11.26,20:00,98.33,98.40,98.26,98.29,265
2013.11.26,21:00,98.28,98.37,98.16,98.17,480
2013.11.26,22:00,98.19,98.31,98.15,98.20,1213
2013.11.27,16:00,97.60,97.64,96.98,97.15,907
2013.11.27,17:00,97.13,97.40,97.00,97.02,932
2013.11.27,18:00,97.03,97.12,96.93,97.07,759
2013.11.27,19:00,97.08,97.12,96.98,97.04,448
2013.11.27,20:00,97.03,97.17,96.98,97.10,445
2013.11.27,21:00,97.09,97.21,97.07,97.13,419
2013.11.27,22:00,97.14,97.16,97.05,97.06,743
2013.11.29,16:00,97.22,97.42,97.06,97.18,636
2013.11.29,17:00,97.17,97.46,97.17,97.38,719
2013.11.29,18:00,97.37,97.58,97.35,97.48,688
2013.11.29,19:00,97.49,97.54,97.18,97.30,984
2013.12.02,16:00,97.27,97.27,96.73,96.78,1017
2013.12.02,17:00,96.79,96.96,96.44,96.51,1161
2013.12.02,18:00,96.52,96.65,96.31,96.60,865
2013.12.02,19:00,96.59,96.82,96.51,96.74,473
2013.12.02,20:00,96.76,96.77,96.59,96.72,353
2013.12.02,21:00,96.71,96.75,96.56,96.59,494
2013.12.02,22:00,96.60,96.64,96.36,96.49,1052
2013.12.03,16:00,96.71,96.71,96.05,96.18,1390
2013.12.03,17:00,96.19,96.51,96.19,96.45,1175
2013.12.03,18:00,96.44,96.48,96.19,96.33,703
2013.12.03,19:00,96.32,96.46,96.29,96.36,515
2013.12.03,20:00,96.37,96.40,96.24,96.29,445
2013.12.03,21:00,96.30,96.40,96.15,96.39,466
2013.12.03,22:00,96.38,96.40,96.13,96.35,1129
2013.12.04,16:00,95.56,96.03,95.56,95.93,945
2013.12.04,17:00,95.92,96.11,95.86,95.95,1183
2013.12.04,18:00,95.94,96.02,95.82,95.83,639
2013.12.04,19:00,95.82,95.98,95.71,95.82,507
2013.12.04,20:00,95.83,95.84,95.34,95.56,713
2013.12.04,21:00,95.57,95.70,95.48,95.54,747
2013.12.04,22:00,95.56,95.76,95.47,95.69,965
2013.12.05,16:00,95.35,95.52,95.18,95.30,800
2013.12.05,17:00,95.29,95.52,95.25,95.43,1075
2013.12.05,18:00,95.44,95.70,95.35,95.69,994
2013.12.05,19:00,95.68,95.80,95.57,95.64,542
2013.12.05,20:00,95.65,95.75,95.42,95.49,531
2013.12.05,21:00,95.48,95.58,95.30,95.31,505
2013.12.05,22:00,95.30,95.49,95.18,95.41,1036
2013.12.06,16:00,95.90,96.38,95.88,96.33,976
2013.12.06,17:00,96.32,96.55,96.27,96.32,1059
2013.12.06,18:00,96.31,96.66,96.31,96.58,709
2013.12.06,19:00,96.57,96.63,96.41,96.62,616
2013.12.06,20:00,96.63,96.70,96.48,96.58,604
2013.12.06,21:00,96.59,96.92,96.56,96.92,574
2013.12.06,22:00,96.91,96.92,96.55,96.79,1297
2013.12.09,16:00,96.12,96.48,95.53,95.86,1107
2013.12.09,17:00,95.84,95.90,95.43,95.63,1169
2013.12.09,18:00,95.64,95.98,95.61,95.73,780
2013.12.09,19:00,95.74,95.83,95.63,95.73,506
2013.12.09,20:00,95.72,95.90,95.69,95.76,533
2013.12.09,21:00,95.75,95.78,95.53,95.59,528
2013.12.09,22:00,95.60,95.73,95.56,95.71,1019
2013.12.10,16:00,95.65,95.68,95.12,95.14,726
2013.12.10,17:00,95.16,95.42,95.05,95.32,1016
2013.12.10,18:00,95.31,95.34,95.09,95.17,605
2013.12.10,19:00,95.16,95.32,95.11,95.26,440
2013.12.10,20:00,95.25,95.30,95.19,95.26,417
2013.12.10,21:00,95.27,95.43,95.23,95.37,535
2013.12.10,22:00,95.38,95.48,95.30,95.40,743
2013.12.11,16:00,95.49,95.70,95.42,95.57,1002
2013.12.11,17:00,95.56,95.60,95.38,95.50,958
2013.12.11,18:00,95.49,95.56,95.48,95.50,606
2013.12.11,19:00,95.51,95.58,95.32,95.34,458
2013.12.11,20:00,95.35,95.51,95.34,95.49,496
2013.12.11,21:00,95.48,95.54,95.37,95.42,446
2013.12.11,22:00,95.41,95.46,95.15,95.24,859
2013.12.12,16:00,95.39,95.66,94.60,94.78,918
2013.12.12,17:00,94.77,94.79,94.37,94.59,1122
2013.12.12,18:00,94.60,94.72,94.44,94.48,607
2013.12.12,19:00,94.47,94.48,94.21,94.23,610
2013.12.12,20:00,94.24,94.49,94.06,94.07,754
2013.12.12,21:00,94.08,94.42,94.07,94.34,622
2013.12.12,22:00,94.35,94.35,94.02,94.09,1002
2013.12.13,16:00,94.17,94.54,94.03,94.24,631
2013.12.13,17:00,94.25,94.57,94.11,94.47,633
2013.12.13,18:00,94.46,94.60,94.26,94.41,570
2013.12.13,19:00,94.40,94.48,94.26,94.48,375
2013.12.13,20:00,94.47,94.52,94.34,94.35,338
2013.12.13,21:00,94.34,94.47,94.19,94.44,437
2013.12.13,22:00,94.45,94.53,94.34,94.42,811
2013.12.16,16:00,94.95,95.76,94.88,95.63,1071
2013.12.16,17:00,95.64,95.72,95.30,95.43,809
2013.12.16,18:00,95.41,95.57,95.41,95.54,712
2013.12.16,19:00,95.55,95.58,95.29,95.34,527
2013.12.16,20:00,95.33,95.34,95.13,95.25,474
2013.12.16,21:00,95.26,95.41,95.11,95.40,533
2013.12.16,22:00,95.39,95.47,95.29,95.42,1041
2013.12.17,16:00,95.33,95.55,94.83,94.90,835
2013.12.17,17:00,94.89,95.14,94.62,94.67,796
2013.12.17,18:00,94.66,94.67,94.31,94.40,769
2013.12.17,19:00,94.41,94.48,94.35,94.42,537
2013.12.17,20:00,94.43,94.44,94.25,94.29,567
2013.12.17,21:00,94.28,94.55,94.28,94.35,611
2013.12.17,22:00,94.36,94.51,94.28,94.36,989
2013.12.18,16:00,94.64,95.03,94.55,94.95,669
2013.12.18,17:00,94.94,94.96,94.67,94.84,679
2013.12.18,18:00,94.85,95.17,94.83,95.09,682
2013.12.18,19:00,95.08,95.23,95.00,95.04,437
2013.12.18,20:00,95.03,95.18,94.88,95.04,518
2013.12.18,21:00,95.05,95.73,94.68,95.51,1900
2013.12.18,22:00,95.52,95.93,95.37,95.92,1838
2013.12.19,16:00,95.86,96.28,95.64,95.74,1149
2013.12.19,17:00,95.72,95.84,95.43,95.69,1305
2013.12.19,18:00,95.68,95.76,95.43,95.65,830
2013.12.19,19:00,95.66,95.66,95.26,95.32,596
2013.12.19,20:00,95.31,95.37,95.26,95.30,530
2013.12.19,21:00,95.31,95.32,94.91,95.06,777
2013.12.19,22:00,95.07,95.21,94.97,95.11,1083
2013.12.20,16:00,95.56,95.83,95.53,95.75,405
2013.12.20,17:00,95.76,96.13,95.62,95.97,845
2013.12.20,18:00,95.93,96.15,95.89,96.00,593
2013.12.20,19:00,96.01,96.20,96.00,96.11,509
2013.12.20,20:00,96.12,96.19,96.03,96.17,448
2013.12.20,21:00,96.18,96.29,96.09,96.26,434
2013.12.20,22:00,96.25,96.45,96.16,96.44,1133
2013.12.23,16:00,96.70,96.93,96.34,96.35,576
2013.12.23,17:00,96.34,96.54,96.15,96.19,768
2013.12.23,18:00,96.20,96.25,96.06,96.23,676
2013.12.23,19:00,96.24,96.27,96.10,96.22,579
2013.12.23,20:00,96.21,96.29,96.10,96.16,416
2013.12.23,21:00,96.15,96.19,96.07,96.13,422
2013.12.23,22:00,96.12,96.30,96.03,96.28,773
2013.12.24,16:00,96.12,96.73,96.12,96.37,408
2013.12.24,17:00,96.34,96.65,96.32,96.50,665
2013.12.24,18:00,96.54,96.58,96.42,96.52,458
2013.12.26,16:00,96.75,96.86,96.61,96.75,436
2013.12.26,17:00,96.76,96.89,96.68,96.76,502
2013.12.26,18:00,96.75,96.85,96.69,96.74,420
2013.12.26,19:00,96.75,96.78,96.64,96.73,336
2013.12.26,20:00,96.74,96.78,96.68,96.74,283
2013.12.26,21:00,96.75,96.84,96.70,96.76,321
2013.12.26,22:00,96.75,96.83,96.71,96.82,446
2013.12.27,16:00,96.85,97.26,96.78,96.91,489
2013.12.27,17:00,96.89,97.04,96.84,96.88,543
2013.12.27,18:00,96.87,97.00,96.84,96.98,366
2013.12.27,19:00,96.99,97.00,96.87,96.88,268
2013.12.27,20:00,96.89,96.96,96.82,96.89,235
2013.12.27,21:00,96.88,97.01,96.87,96.89,241
2013.12.27,22:00,96.88,96.93,96.84,96.89,564
2013.12.30,16:00,96.86,97.06,96.79,96.85,419
2013.12.30,17:00,96.87,97.09,96.82,96.98,465
2013.12.30,18:00,96.97,96.99,96.78,96.78,478
2013.12.30,19:00,96.79,96.90,96.78,96.84,227
2013.12.30,20:00,96.85,96.89,96.77,96.84,319
2013.12.30,21:00,96.85,97.13,96.84,97.01,351
2013.12.30,22:00,97.02,97.02,96.90,96.99,479
2013.12.31,16:00,96.93,96.98,96.61,96.67,469
2013.12.31,17:00,96.68,96.86,96.61,96.67,450
2013.12.31,18:00,96.68,96.93,96.68,96.81,356
2014.01.02,16:00,96.79,97.01,96.61,96.79,560
2014.01.02,17:00,96.78,96.84,96.24,96.59,837
2014.01.02,18:00,96.60,96.74,96.42,96.51,555
2014.01.02,19:00,96.52,96.53,96.32,96.43,430
2014.01.02,20:00,96.45,96.53,96.37,96.51,453
2014.01.02,21:00,96.50,96.61,96.29,96.43,365
2014.01.02,22:00,96.44,96.54,96.36,96.40,717
2014.01.03,16:00,96.98,96.98,96.62,96.80,469
2014.01.03,17:00,96.81,96.99,96.74,96.89,604
2014.01.03,18:00,96.90,97.01,96.58,96.64,485
2014.01.03,19:00,96.63,96.88,96.56,96.67,416
2014.01.03,20:00,96.66,96.73,96.58,96.62,324
2014.01.03,21:00,96.64,96.72,96.56,96.67,299
2014.01.03,22:00,96.68,96.84,96.48,96.52,769
2014.01.06,16:00,96.60,96.60,96.17,96.28,678
2014.01.06,17:00,96.29,96.42,95.76,95.77,872
2014.01.06,18:00,95.78,95.84,95.50,95.80,890
2014.01.06,19:00,95.81,96.04,95.75,96.00,517
2014.01.06,20:00,96.01,96.05,95.73,95.99,508
2014.01.06,21:00,96.00,96.05,95.76,95.92,488
2014.01.06,22:00,95.93,96.06,95.83,95.84,941
2014.01.07,16:00,96.37,96.83,96.11,96.65,816
2014.01.07,17:00,96.64,97.06,96.63,96.76,1069
2014.01.07,18:00,96.75,96.76,96.37,96.39,664
2014.01.07,19:00,96.40,96.50,96.23,96.33,558
2014.01.07,20:00,96.34,96.52,96.14,96.49,448
2014.01.07,21:00,96.48,96.62,96.39,96.58,432
2014.01.07,22:00,96.57,96.60,96.35,96.35,883
2014.01.08,16:00,95.53,95.69,95.02,95.30,1284
2014.01.08,17:00,95.28,95.58,95.09,95.22,1303
2014.01.08,18:00,95.20,95.48,95.10,95.27,1002
2014.01.08,19:00,95.28,95.33,94.99,95.08,711
2014.01.08,20:00,95.09,95.22,94.98,95.21,628
2014.01.08,21:00,95.20,95.25,94.98,95.08,808
2014.01.08,22:00,95.07,95.38,95.07,95.35,1718
2014.01.09,16:00,96.22,96.33,95.23,95.56,2025
2014.01.09,17:00,95.58,96.00,95.48,95.81,2096
2014.01.09,18:00,95.80,95.84,95.43,95.50,958
2014.01.09,19:00,95.49,95.73,95.46,95.64,814
2014.01.09,20:00,95.63,95.72,95.37,95.39,815
2014.01.09,21:00,95.38,95.56,95.27,95.37,707
2014.01.09,22:00,95.36,95.53,95.29,95.44,769
2014.01.10,16:00,95.82,96.20,95.74,95.82,702
2014.01.10,17:00,95.85,96.15,95.64,96.02,952
2014.01.10,18:00,96.01,96.16,95.88,95.99,874
2014.01.10,19:00,95.98,96.13,95.90,95.98,611
2014.01.10,20:00,95.97,95.98,95.73,95.75,397
2014.01.10,21:00,95.76,95.85,95.72,95.75,482
2014.01.10,22:00,95.74,95.87,95.62,95.78,1026
2014.01.13,16:00,95.81,95.81,95.00,95.05,533
2014.01.13,17:00,95.06,95.36,95.03,95.18,801
2014.01.13,18:00,95.17,95.24,95.04,95.21,499
2014.01.13,19:00,95.20,95.20,94.70,94.70,532
2014.01.13,20:00,94.71,94.82,94.57,94.75,713
2014.01.13,21:00,94.74,94.83,94.64,94.76,659
2014.01.13,22:00,94.75,94.87,94.64,94.81,1480
2014.01.14,16:00,94.79,95.29,94.78,95.23,656
2014.01.14,17:00,95.24,95.27,95.01,95.20,701
2014.01.14,18:00,95.22,95.38,95.12,95.17,532
2014.01.14,19:00,95.16,95.26,95.10,95.13,359
2014.01.14,20:00,95.14,95.28,95.07,95.17,384
2014.01.14,21:00,95.16,95.23,95.04,95.17,405
2014.01.14,22:00,95.18,95.27,95.10,95.19,615
2014.01.15,16:00,95.41,95.47,95.14,95.18,477
2014.01.15,17:00,95.20,95.40,95.18,95.36,628
2014.01.15,18:00,95.37,95.51,95.25,95.28,693
2014.01.15,19:00,95.29,95.41,95.26,95.39,415
2014.01.15,20:00,95.38,95.51,95.34,95.43,409
2014.01.15,21:00,95.42,95.65,95.35,95.60,445
2014.01.15,22:00,95.61,95.61,95.36,95.44,746
2014.01.16,16:00,95.38,95.76,95.21,95.67,541
2014.01.16,17:00,95.68,96.11,95.67,95.96,1024
2014.01.16,18:00,95.97,96.11,95.90,96.08,672
2014.01.16,19:00,96.10,96.28,95.92,95.96,542
2014.01.16,20:00,95.95,96.03,95.81,96.03,482
2014.01.16,21:00,96.02,96.10,95.85,95.98,481
2014.01.16,22:00,95.97,96.08,95.80,96.05,862
2014.01.17,16:00,95.96,96.05,95.04,95.12,758
2014.01.17,17:00,95.13,95.33,95.04,95.25,637
2014.01.17,18:00,95.26,95.34,95.06,95.15,442
2014.01.17,19:00,95.16,95.23,95.05,95.07,326
2014.01.17,20:00,95.06,95.10,94.90,94.98,397
2014.01.17,21:00,94.97,95.02,94.77,94.80,505
2014.01.17,22:00,94.81,94.97,94.76,94.90,1285
2014.01.21,16:00,95.34,95.91,95.34,95.61,951
2014.01.21,17:00,95.62,95.72,95.24,95.47,1104
2014.01.21,18:00,95.46,95.62,95.07,95.24,1242
2014.01.21,19:00,95.25,95.25,94.99,95.18,772
2014.01.21,20:00,95.17,95.23,95.12,95.17,564
2014.01.21,21:00,95.18,95.20,95.10,95.12,484
2014.01.21,22:00,95.11,95.17,94.99,95.06,816
2014.01.22,16:00,95.05,95.30,94.81,95.16,734
2014.01.22,17:00,95.17,95.23,94.74,94.78,959
2014.01.22,18:00,94.77,95.08,94.67,95.05,641
2014.01.22,19:00,95.06,95.06,94.90,94.98,500
2014.01.22,20:00,94.99,95.07,94.83,95.05,522
2014.01.22,21:00,95.06,95.06,94.75,94.80,529
2014.01.22,22:00,94.79,95.08,94.78,94.86,1045
2014.01.23,16:00,94.53,95.38,94.48,95.00,1665
2014.01.23,17:00,95.03,95.93,94.98,95.70,1977
2014.01.23,18:00,95.69,95.81,94.94,95.01,1243
2014.01.23,19:00,95.00,95.28,94.85,95.13,658
2014.01.23,20:00,95.14,95.18,94.88,95.08,671
2014.01.23,21:00,95.07,95.27,95.03,95.23,692
2014.01.23,22:00,95.22,95.44,95.09,95.33,1219
2014.01.24,16:00,94.71,95.28,94.43,95.02,1091
2014.01.24,17:00,95.04,95.22,94.68,95.07,1185
2014.01.24,18:00,95.06,95.47,95.01,95.42,979
2014.01.24,19:00,95.41,95.93,95.20,95.35,975
2014.01.24,20:00,95.36,95.36,95.04,95.10,635
2014.01.24,21:00,95.09,95.12,94.62,94.62,599
2014.01.24,22:00,94.63,94.74,94.41,94.41,1176
2014.01.27,16:00,94.27,94.44,94.05,94.08,742
2014.01.27,17:00,94.07,94.62,94.00,94.27,1094
2014.01.27,18:00,94.26,94.30,93.99,94.09,858
2014.01.27,19:00,94.10,94.17,93.90,94.08,855
2014.01.27,20:00,94.09,94.59,94.08,94.55,696
2014.01.27,21:00,94.56,94.66,94.43,94.57,592
2014.01.27,22:00,94.56,94.58,94.04,94.06,872
2014.01.28,16:00,94.31,94.61,94.14,94.30,696
2014.01.28,17:00,94.32,94.62,94.31,94.43,905
2014.01.28,18:00,94.41,94.53,94.18,94.25,592
2014.01.28,19:00,94.24,94.40,94.23,94.39,450
2014.01.28,20:00,94.38,94.40,94.15,94.15,359
2014.01.28,21:00,94.14,94.18,94.08,94.10,374
2014.01.28,22:00,94.09,94.21,94.08,94.16,733
2014.01.29,16:00,93.94,94.28,93.49,93.56,1109
2014.01.29,17:00,93.55,93.70,93.03,93.23,1317
2014.01.29,18:00,93.24,93.45,93.20,93.20,691
2014.01.29,19:00,93.19,93.38,93.15,93.15,551
2014.01.29,20:00,93.14,93.26,93.09,93.21,469
2014.01.29,21:00,93.22,93.46,92.85,93.15,1610
2014.01.29,22:00,93.14,93.37,92.98,93.14,1657
2014.01.30,16:00,93.37,93.51,92.90,93.40,776
2014.01.30,17:00,93.41,93.73,93.41,93.63,890
2014.01.30,18:00,93.62,93.98,93.62,93.88,791
2014.01.30,19:00,93.89,93.89,93.68,93.74,463
2014.01.30,20:00,93.73,93.75,93.44,93.65,562
2014.01.30,21:00,93.64,93.78,93.53,93.74,532
2014.01.30,22:00,93.73,93.88,93.69,93.79,928
2014.01.31,16:00,93.03,93.50,92.93,93.38,998
2014.01.31,17:00,93.39,93.76,93.21,93.61,970
2014.01.31,18:00,93.60,94.08,93.53,93.95,712
2014.01.31,19:00,93.94,94.12,93.84,94.01,648
2014.01.31,20:00,94.02,94.48,93.98,94.46,604
2014.01.31,21:00,94.47,94.53,94.21,94.29,728
2014.01.31,22:00,94.28,94.33,94.03,94.15,1320
2014.02.03,16:00,94.52,94.72,94.04,94.04,1249
2014.02.03,17:00,94.02,94.32,93.69,93.90,1465
2014.02.03,18:00,93.92,93.92,93.61,93.68,1071
2014.02.03,19:00,93.67,93.75,93.17,93.17,855
2014.02.03,20:00,93.16,93.36,93.02,93.31,1148
2014.02.03,21:00,93.30,93.39,92.95,92.96,818
2014.02.03,22:00,92.95,93.09,92.89,93.02,1235
2014.02.04,16:00,92.84,93.41,92.57,93.35,1310
2014.02.04,17:00,93.36,93.45,93.07,93.14,1168
2014.02.04,18:00,93.13,93.34,93.08,93.29,792
2014.02.04,19:00,93.30,93.36,93.07,93.11,488
2014.02.04,20:00,93.12,93.20,92.93,93.08,517
2014.02.04,21:00,93.09,93.36,93.03,93.31,477
2014.02.04,22:00,93.30,93.32,92.96,93.07,1077
2014.02.05,16:00,92.81,92.83,92.20,92.71,1013
2014.02.05,17:00,92.69,93.47,92.68,93.29,1477
2014.02.05,18:00,93.28,93.71,93.23,93.50,969
2014.02.05,19:00,93.51,93.59,93.37,93.56,513
2014.02.05,20:00,93.57,93.79,93.56,93.70,534
2014.02.05,21:00,93.69,93.82,93.51,93.60,484
2014.02.05,22:00,93.59,93.68,93.53,93.56,837
2014.02.06,16:00,93.74,94.48,93.67,94.48,825
2014.02.06,17:00,94.47,94.93,94.47,94.79,1309
2014.02.06,18:00,94.78,94.94,94.65,94.89,735
2014.02.06,19:00,94.90,95.12,94.88,95.05,424
2014.02.06,20:00,95.04,95.13,94.91,95.02,527
2014.02.06,21:00,95.01,95.17,94.95,94.96,548
2014.02.06,22:00,94.95,94.99,94.72,94.92,1223
2014.02.07,16:00,95.07,95.30,94.60,95.08,1253
2014.02.07,17:00,95.09,95.41,94.90,95.32,1050
2014.02.07,18:00,95.31,95.67,95.25,95.67,567
2014.02.07,19:00,95.66,95.71,95.56,95.64,427
2014.02.07,20:00,95.65,95.83,95.63,95.81,400
2014.02.07,21:00,95.80,95.86,95.74,95.79,427
2014.02.07,22:00,95.80,95.93,95.76,95.90,938
2014.02.10,16:00,95.73,95.88,95.22,95.22,1095
2014.02.10,17:00,95.21,95.25,94.50,94.60,1476
2014.02.10,18:00,94.59,95.07,94.51,95.04,935
2014.02.10,19:00,95.05,95.16,95.02,95.09,473
2014.02.10,20:00,95.10,95.11,94.94,95.09,497
2014.02.10,21:00,95.10,95.15,94.93,95.00,704
2014.02.10,22:00,94.99,95.01,94.73,94.83,1020
2014.02.11,16:00,95.04,95.26,94.81,95.26,783
2014.02.11,17:00,95.27,95.73,95.21,95.67,739
2014.02.11,18:00,95.66,95.82,95.46,95.59,857
2014.02.11,19:00,95.58,95.59,95.39,95.51,565
2014.02.11,20:00,95.53,95.72,95.48,95.49,425
2014.02.11,21:00,95.48,95.64,95.42,95.51,614
2014.02.11,22:00,95.50,95.56,95.20,95.30,1178
2014.02.12,16:00,95.42,95.65,95.35,95.40,629
2014.02.12,17:00,95.39,95.53,95.02,95.09,981
2014.02.12,18:00,95.11,95.15,94.96,95.00,728
2014.02.12,19:00,94.99,95.07,94.97,95.06,646
2014.02.12,20:00,95.05,95.11,94.97,95.00,592
2014.02.12,21:00,94.99,95.11,94.96,94.99,458
2014.02.12,22:00,94.98,95.01,94.77,94.87,947
2014.02.13,16:00,94.67,95.24,94.49,95.24,672
2014.02.13,17:00,95.22,95.45,95.11,95.27,622
2014.02.13,18:00,95.28,95.45,95.27,95.40,462
2014.02.13,19:00,95.41,95.43,95.24,95.35,394
2014.02.13,20:00,95.34,95.56,95.31,95.42,411
2014.02.13,21:00,95.43,95.48,95.27,95.44,445
2014.02.13,22:00,95.43,95.46,95.35,95.43,575
2014.02.14,16:00,95.27,95.48,95.10,95.41,759
2014.02.14,17:00,95.44,95.67,95.32,95.60,624
2014.02.14,18:00,95.59,95.78,95.56,95.73,444
2014.02.14,19:00,95.72,95.81,95.64,95.79,390
2014.02.14,20:00,95.78,95.95,95.77,95.85,310
2014.02.14,21:00,95.86,95.92,95.83,95.89,363
2014.02.14,22:00,95.90,95.90,95.71,95.76,613
2014.02.18,16:00,96.01,96.09,95.52,96.02,771
2014.02.18,17:00,96.00,96.08,95.76,95.82,707
2014.02.18,18:00,95.83,96.37,95.81,96.20,647
2014.02.18,19:00,96.21,96.47,96.20,96.42,484
2014.02.18,20:00,96.43,96.47,96.27,96.42,446
2014.02.18,21:00,96.43,96.55,96.32,96.34,682
2014.02.18,22:00,96.33,96.34,95.98,96.00,968
2014.02.19,16:00,95.76,96.35,95.66,96.33,529
2014.02.19,17:00,96.36,96.64,96.22,96.26,568
2014.02.19,18:00,96.24,96.27,95.90,95.90,528
2014.02.19,19:00,95.89,96.02,95.78,95.90,465
2014.02.19,20:00,95.89,96.05,95.73,95.73,402
2014.02.19,21:00,95.75,95.94,95.53,95.73,850
2014.02.19,22:00,95.74,95.80,95.44,95.52,812
2014.02.20,16:00,95.64,95.96,95.47,95.60,537
2014.02.20,17:00,95.58,96.09,95.46,95.96,663
2014.02.20,18:00,95.98,96.06,95.74,95.81,405
2014.02.20,19:00,95.80,96.03,95.79,95.82,383
2014.02.20,20:00,95.83,95.97,95.83,95.97,294
2014.02.20,21:00,95.96,96.04,95.89,95.98,334
2014.02.20,22:00,95.97,96.00,95.73,95.73,613
2014.02.21,16:00,96.02,96.93,96.02,96.83,744
2014.02.21,17:00,96.82,96.96,96.72,96.84,857
2014.02.21,18:00,96.85,96.93,96.79,96.90,517
2014.02.21,19:00,96.91,96.98,96.77,96.85,364
2014.02.21,20:00,96.86,96.96,96.78,96.80,344
2014.02.21,21:00,96.81,96.89,96.74,96.76,480
2014.02.21,22:00,96.77,96.78,96.32,96.43,933
2014.02.24,16:00,96.41,96.68,96.22,96.41,673
2014.02.24,17:00,96.42,96.77,96.30,96.62,696
2014.02.24,18:00,96.63,96.89,96.58,96.84,508
2014.02.24,19:00,96.83,96.92,96.75,96.81,529
2014.02.24,20:00,96.82,96.85,96.63,96.66,331
2014.02.24,21:00,96.67,96.77,96.64,96.74,488
2014.02.24,22:00,96.73,96.73,96.47,96.48,925
2014.02.25,16:00,96.45,96.64,95.87,96.09,820
2014.02.25,17:00,96.08,96.53,96.00,96.44,999
2014.02.25,18:00,96.43,96.65,96.21,96.55,647
2014.02.25,19:00,96.56,96.63,96.48,96.53,422
2014.02.25,20:00,96.54,96.70,96.49,96.61,472
2014.02.25,21:00,96.62,96.64,96.41,96.49,546
2014.02.25,22:00,96.48,96.61,96.40,96.59,689
2014.02.26,16:00,96.61,96.72,96.24,96.52,554
2014.02.26,17:00,96.53,96.67,96.34,96.36,699
2014.02.26,18:00,96.35,96.49,96.11,96.13,452
2014.02.26,19:00,96.14,96.22,96.04,96.04,375
2014.02.26,20:00,96.03,96.15,96.00,96.04,385
2014.02.26,21:00,96.05,96.08,95.69,95.88,441
2014.02.26,22:00,95.89,95.95,95.72,95.88,911
2014.02.27,16:00,95.22,95.39,94.90,95.01,569
2014.02.27,17:00,95.02,95.14,94.89,94.91,586
2014.02.27,18:00,94.92,94.96,94.82,94.93,544
2014.02.27,19:00,94.92,94.95,94.63,94.71,570
2014.02.27,20:00,94.70,94.82,94.63,94.78,531
2014.02.27,21:00,94.77,94.85,94.71,94.80,507
2014.02.27,22:00,94.79,95.06,94.79,95.06,823
2014.02.28,16:00,95.09,95.21,94.85,95.16,596
2014.02.28,17:00,95.15,95.44,95.13,95.26,778
2014.02.28,18:00,95.25,95.26,95.13,95.19,565
2014.02.28,19:00,95.20,95.23,95.10,95.13,481
2014.02.28,20:00,95.14,95.27,95.14,95.22,373
2014.02.28,21:00,95.21,95.26,95.12,95.17,475
2014.02.28,22:00,95.16,95.16,94.84,95.11,1116
2014.03.03,16:00,94.20,94.78,94.20,94.45,944
2014.03.03,17:00,94.46,94.64,94.18,94.46,1067
2014.03.03,18:00,94.47,94.48,93.98,93.99,603
2014.03.03,19:00,94.00,94.30,93.98,94.15,687
2014.03.03,20:00,94.16,94.28,94.09,94.28,491
2014.03.03,21:00,94.27,94.45,94.23,94.35,486
2014.03.03,22:00,94.36,94.45,94.29,94.40,853
2014.03.04,16:00,95.23,95.25,94.90,95.10,687
2014.03.04,17:00,95.11,95.24,94.88,94.98,743
2014.03.04,18:00,94.99,95.01,94.92,94.97,589
2014.03.04,19:00,94.96,94.99,94.89,94.91,374
2014.03.04,20:00,94.90,94.99,94.84,94.95,389
2014.03.04,21:00,94.94,94.96,94.86,94.92,379
2014.03.04,22:00,94.93,94.98,94.84,94.96,910
2014.03.05,16:00,95.32,95.59,95.11,95.38,685
2014.03.05,17:00,95.37,95.45,94.98,95.09,729
2014.03.05,18:00,95.10,95.13,94.94,95.06,517
2014.03.05,19:00,95.07,95.18,95.06,95.17,439
2014.03.05,20:00,95.16,95.19,94.92,94.93,366
2014.03.05,21:00,94.94,95.13,94.93,95.03,456
2014.03.05,22:00,95.02,95.04,94.94,95.01,749
2014.03.06,16:00,95.04,95.20,94.79,94.93,697
2014.03.06,17:00,94.92,95.20,94.73,95.02,769
2014.03.06,18:00,95.03,95.38,94.99,95.36,413
2014.03.06,19:00,95.37,95.58,95.35,95.53,472
2014.03.06,20:00,95.52,95.60,95.38,95.49,463
2014.03.06,21:00,95.48,95.62,95.47,95.56,334
2014.03.06,22:00,95.57,95.65,95.49,95.59,759
2014.03.07,16:00,95.72,95.77,95.01,95.32,722
2014.03.07,17:00,95.33,95.46,95.20,95.25,619
2014.03.07,18:00,95.24,95.28,95.12,95.22,576
2014.03.07,19:00,95.23,95.23,94.95,94.99,559
2014.03.07,20:00,95.00,95.11,94.96,95.10,502
2014.03.07,21:00,95.09,95.38,94.98,95.34,540
2014.03.07,22:00,95.35,95.48,95.29,95.47,616
2014.03.10,15:00,95.24,95.31,95.10,95.22,598
2014.03.10,16:00,95.21,95.24,94.95,95.07,577
2014.03.10,17:00,95.06,95.66,94.99,95.43,712
2014.03.10,18:00,95.44,95.58,95.37,95.40,557
2014.03.10,19:00,95.41,95.48,95.24,95.38,368
2014.03.10,20:00,95.37,95.37,95.20,95.27,345
2014.03.10,21:00,95.26,95.28,95.09,95.17,706
2014.03.11,15:00,95.92,97.13,95.69,97.05,1980
2014.03.11,16:00,97.07,98.90,97.05,98.64,5080
2014.03.11,17:00,98.65,98.87,98.31,98.77,2518
2014.03.11,18:00,98.78,98.83,98.27,98.31,1354
2014.03.11,19:00,98.30,98.56,97.90,98.09,1203
2014.03.11,20:00,98.08,98.71,98.08,98.53,1132
2014.03.11,21:00,98.52,98.77,98.37,98.75,1860
2014.03.12,15:00,98.41,99.05,98.13,98.73,1683
2014.03.12,16:00,98.72,98.81,98.28,98.48,1158
2014.03.12,17:00,98.49,98.74,98.30,98.31,844
2014.03.12,18:00,98.32,98.55,98.13,98.36,713
2014.03.12,19:00,98.37,98.74,98.29,98.73,575
2014.03.12,20:00,98.74,98.85,98.60,98.66,533
2014.03.12,21:00,98.65,98.78,98.59,98.69,852
2014.03.13,15:00,98.88,98.88,98.12,98.31,577
2014.03.13,16:00,98.30,98.47,98.04,98.06,815
2014.03.13,17:00,98.05,98.19,97.69,97.72,666
2014.03.13,18:00,97.71,97.76,97.43,97.60,814
2014.03.13,19:00,97.61,97.61,97.19,97.19,826
2014.03.13,20:00,97.18,97.33,97.08,97.21,670
2014.03.13,21:00,97.20,97.41,96.99,97.35,1082
2014.03.14,15:00,97.31,97.62,96.99,97.39,724
2014.03.14,16:00,97.40,97.55,97.23,97.53,875
2014.03.14,17:00,97.52,97.87,97.45,97.83,869
2014.03.14,18:00,97.84,97.87,97.54,97.62,659
2014.03.14,19:00,97.63,97.70,97.50,97.54,398
2014.03.14,20:00,97.53,97.55,97.22,97.23,485
2014.03.14,21:00,97.22,97.64,97.21,97.56,1015
2014.03.17,15:00,98.12,98.18,97.56,97.98,668
2014.03.17,16:00,97.96,97.98,97.56,97.57,674
2014.03.17,17:00,97.56,97.88,97.54,97.74,777
2014.03.17,18:00,97.75,97.88,97.65,97.68,399
2014.03.17,19:00,97.69,97.76,97.49,97.68,336
2014.03.17,20:00,97.69,97.91,97.68,97.73,390
2014.03.17,21:00,97.72,97.79,97.44,97.58,1058
2014.03.18,15:00,97.78,97.97,97.53,97.62,443
2014.03.18,16:00,97.63,97.83,97.35,97.38,556
2014.03.18,17:00,97.37,97.45,97.24,97.27,458
2014.03.18,18:00,97.28,97.37,97.21,97.34,356
2014.03.18,19:00,97.33,97.38,97.21,97.32,273
2014.03.18,20:00,97.33,97.36,97.20,97.27,345
2014.03.18,21:00,97.28,97.32,97.20,97.28,710
2014.03.19,15:00,97.25,97.27,97.01,97.05,309
2014.03.19,16:00,97.06,97.18,96.99,97.04,544
2014.03.19,17:00,97.03,97.05,96.72,96.87,374
2014.03.19,18:00,96.88,97.04,96.81,96.87,343
2014.03.19,19:00,96.86,96.92,96.79,96.82,393
2014.03.19,20:00,96.83,96.83,96.43,96.52,924
2014.03.19,21:00,96.53,96.64,95.76,96.08,1569
2014.03.20,15:00,95.92,96.28,95.79,96.28,520
2014.03.20,16:00,96.29,96.77,96.16,96.49,688
2014.03.20,17:00,96.48,96.73,96.39,96.73,587
2014.03.20,18:00,96.72,96.82,96.65,96.82,405
2014.03.20,19:00,96.81,96.85,96.68,96.68,328
2014.03.20,20:00,96.69,96.85,96.68,96.75,515
2014.03.20,21:00,96.74,96.93,96.51,96.59,1273
2014.03.21,15:00,97.13,97.36,96.56,97.20,708
2014.03.21,16:00,97.18,97.22,96.65,96.85,695
2014.03.21,17:00,96.84,96.86,96.47,96.76,617
2014.03.21,18:00,96.77,97.08,96.77,96.81,413
2014.03.21,19:00,96.82,96.93,96.72,96.77,456
2014.03.21,20:00,96.76,96.85,96.68,96.78,619
2014.03.21,21:00,96.79,96.79,95.61,95.76,2422
2014.03.24,15:00,96.07,96.48,95.97,96.43,1072
2014.03.24,16:00,96.42,96.72,96.23,96.54,1258
2014.03.24,17:00,96.55,96.55,96.22,96.38,1225
2014.03.24,18:00,96.37,96.45,96.04,96.14,690
2014.03.24,19:00,96.16,96.42,96.07,96.40,508
2014.03.24,20:00,96.39,96.51,96.18,96.20,520
2014.03.24,21:00,96.21,96.37,96.13,96.19,942
2014.03.25,15:00,96.42,96.47,96.18,96.26,560
2014.03.25,16:00,96.28,96.33,95.84,95.86,747
2014.03.25,17:00,95.85,96.01,95.81,95.97,581
2014.03.25,18:00,95.96,96.07,95.84,96.07,502
2014.03.25,19:00,96.06,96.34,96.05,96.12,566
2014.03.25,20:00,96.13,96.17,95.92,96.06,465
2014.03.25,21:00,96.07,96.08,95.91,95.91,755
2014.03.26,15:00,96.02,96.16,95.93,96.02,491
2014.03.26,16:00,96.01,96.38,95.97,96.18,716
2014.03.26,17:00,96.19,96.23,96.07,96.22,536
2014.03.26,18:00,96.21,96.48,96.16,96.45,479
2014.03.26,19:00,96.44,96.54,95.99,96.03,628
2014.03.26,20:00,96.04,96.18,95.97,96.06,532
2014.03.26,21:00,96.07,96.10,95.82,95.83,778
2014.03.27,15:00,95.75,96.09,95.50,95.97,630
2014.03.27,16:00,95.96,96.26,95.82,96.15,849
2014.03.27,17:00,96.16,96.30,96.01,96.16,529
2014.03.27,18:00,96.17,96.19,96.01,96.12,389
2014.03.27,19:00,96.14,96.31,96.03,96.04,447
2014.03.27,20:00,96.03,96.15,95.89,96.06,491
2014.03.27,21:00,96.07,96.34,96.04,96.15,809
2014.03.28,15:00,96.26,96.94,96.19,96.70,619
2014.03.28,16:00,96.69,96.79,96.47,96.62,660
2014.03.28,17:00,96.61,96.92,96.60,96.92,590
2014.03.28,18:00,96.93,97.37,96.92,97.18,623
2014.03.28,19:00,97.17,97.42,97.15,97.35,373
2014.03.28,20:00,97.34,97.40,97.08,97.14,593
2014.03.28,21:00,97.13,97.24,96.98,97.22,822
2014.03.31,16:00,97.42,98.01,97.28,97.80,707
2014.03.31,17:00,97.81,98.08,97.79,98.03,737
2014.03.31,18:00,98.02,98.11,97.90,98.08,574
2014.03.31,19:00,98.09,98.43,98.09,98.29,620
2014.03.31,20:00,98.31,98.31,98.00,98.02,341
2014.03.31,21:00,98.01,98.12,98.00,98.04,320
2014.03.31,22:00,98.03,98.10,97.99,98.03,692
2014.04.01,16:00,98.08,98.42,97.95,98.40,531
2014.04.01,17:00,98.36,98.50,98.23,98.23,674
2014.04.01,18:00,98.24,98.30,97.76,97.94,686
2014.04.01,19:00,97.93,98.06,97.86,97.97,386
2014.04.01,20:00,97.98,98.00,97.89,97.94,350
2014.04.01,21:00,97.95,97.95,97.61,97.65,504
2014.04.01,22:00,97.64,97.90,97.63,97.87,729
2014.04.02,16:00,98.13,98.21,97.39,97.43,745
2014.04.02,17:00,97.44,97.93,97.44,97.74,753
2014.04.02,18:00,97.75,97.81,97.56,97.72,492
2014.04.02,19:00,97.71,97.72,97.42,97.52,449
2014.04.02,20:00,97.51,97.58,97.32,97.41,353
2014.04.02,21:00,97.42,97.62,97.41,97.62,331
2014.04.02,22:00,97.61,97.79,97.57,97.57,838
2014.04.03,16:00,98.01,98.09,97.67,97.77,387
2014.04.03,17:00,97.76,97.88,97.53,97.87,643
2014.04.03,18:00,97.88,97.88,97.49,97.56,419
2014.04.03,19:00,97.55,97.66,97.49,97.55,317
2014.04.03,20:00,97.54,97.57,97.37,97.43,328
2014.04.03,21:00,97.44,97.58,97.33,97.57,438
2014.04.03,22:00,97.58,97.73,97.54,97.61,581
2014.04.04,16:00,97.75,98.21,97.37,98.08,621
2014.04.04,17:00,98.07,98.40,97.92,98.00,883
2014.04.04,18:00,97.99,98.12,97.81,97.93,751
2014.04.04,19:00,97.94,98.18,97.84,97.96,790
2014.04.04,20:00,97.95,98.20,97.92,98.08,696
2014.04.04,21:00,98.09,98.11,97.69,97.77,986
2014.04.04,22:00,97.78,97.97,97.68,97.89,1125
2014.04.07,16:00,97.56,98.22,97.42,98.18,790
2014.04.07,17:00,98.17,98.19,97.72,97.74,1379
2014.04.07,18:00,97.73,97.78,97.06,97.08,1015
2014.04.07,19:00,97.07,97.19,96.77,96.81,914
2014.04.07,20:00,96.82,96.84,96.55,96.74,770
2014.04.07,21:00,96.75,97.12,96.70,97.09,638
2014.04.07,22:00,97.08,97.29,96.99,97.00,1027
2014.04.08,16:00,96.96,97.07,96.50,96.75,568
2014.04.08,17:00,96.77,96.89,96.58,96.67,930
2014.04.08,18:00,96.78,97.75,96.73,97.70,810
2014.04.08,19:00,97.71,97.98,97.64,97.72,592
2014.04.08,20:00,97.71,98.05,97.71,98.04,519
2014.04.08,21:00,98.05,98.20,97.88,98.06,597
2014.04.08,22:00,98.05,98.12,97.93,98.06,940
2014.04.09,16:00,98.05,98.46,97.88,98.39,667
2014.04.09,17:00,98.37,98.38,97.91,97.98,676
2014.04.09,18:00,97.97,98.29,97.91,98.19,463
2014.04.09,19:00,98.18,98.20,98.00,98.03,320
2014.04.09,20:00,98.04,98.20,97.98,98.20,348
2014.04.09,21:00,98.19,98.52,98.19,98.26,558
2014.04.09,22:00,98.25,98.38,98.21,98.33,843
2014.04.10,16:00,98.53,99.18,98.14,99.17,846
2014.04.10,17:00,99.18,99.73,98.92,99.61,1404
2014.04.10,18:00,99.60,99.83,99.54,99.62,1127
2014.04.10,19:00,99.61,99.64,99.13,99.21,1151
2014.04.10,20:00,99.23,99.31,99.01,99.28,763
2014.04.10,21:00,99.29,99.64,99.26,99.48,976
2014.04.10,22:00,99.47,99.74,99.26,99.40,1781
2014.04.11,16:00,99.13,99.66,99.04,99.13,1129
2014.04.11,17:00,99.14,99.53,99.04,99.40,1097
2014.04.11,18:00,99.39,99.48,99.05,99.37,823
2014.04.11,19:00,99.38,99.71,99.28,99.30,823
2014.04.11,20:00,99.31,99.37,99.10,99.11,551
2014.04.11,21:00,99.12,99.34,99.11,99.22,603
2014.04.11,22:00,99.23,99.42,99.16,99.27,1247
2014.04.14,16:00,99.64,99.92,99.39,99.70,1000
2014.04.14,17:00,99.68,99.70,99.32,99.50,756
2014.04.14,18:00,99.49,99.57,99.30,99.54,408
2014.04.14,19:00,99.55,99.83,99.55,99.78,469
2014.04.14,20:00,99.79,99.89,99.64,99.83,488
2014.04.14,21:00,99.82,99.90,99.73,99.86,522
2014.04.14,22:00,99.87,100.14,99.66,100.10,1371
2014.04.15,16:00,100.68,100.92,100.19,100.69,720
2014.04.15,17:00,100.67,100.88,100.45,100.62,1147
2014.04.15,18:00,100.61,100.73,100.47,100.60,1041
2014.04.15,19:00,100.61,100.61,100.31,100.34,788
2014.04.15,20:00,100.33,100.49,100.05,100.15,683
2014.04.15,21:00,100.16,100.68,100.14,100.58,812
2014.04.15,22:00,100.60,100.92,100.45,100.80,1341
2014.04.16,16:00,100.98,101.08,100.61,100.95,660
2014.04.16,17:00,100.96,100.98,100.54,100.79,715
2014.04.16,18:00,100.81,100.82,100.47,100.63,565
2014.04.16,19:00,100.64,100.82,100.57,100.59,482
2014.04.16,20:00,100.60,100.98,100.59,100.73,521
2014.04.16,21:00,100.74,100.90,100.71,100.80,503
2014.04.16,22:00,100.79,100.82,100.56,100.81,864
2014.04.17,16:00,100.71,100.98,100.49,100.81,735
2014.04.17,17:00,100.79,100.91,100.60,100.78,678
2014.04.17,18:00,100.79,100.95,100.61,100.68,517
2014.04.17,19:00,100.69,100.75,100.24,100.37,693
2014.04.17,20:00,100.36,100.68,100.36,100.58,441
2014.04.17,21:00,100.57,100.58,100.30,100.43,391
2014.04.17,22:00,100.44,100.50,100.23,100.24,878
2014.04.21,16:00,99.78,100.32,99.75,100.04,738
2014.04.21,17:00,100.03,100.37,99.99,100.05,746
2014.04.21,18:00,100.06,100.30,99.94,100.08,543
2014.04.21,19:00,100.09,100.22,99.88,99.88,455
2014.04.21,20:00,99.89,99.96,99.66,99.69,583
2014.04.21,21:00,99.70,99.77,99.48,99.57,828
2014.04.21,22:00,99.58,99.75,99.23,99.61,1662
2014.04.22,16:00,100.00,100.23,99.04,99.37,2025
2014.04.22,17:00,99.34,99.98,99.12,99.65,1685
2014.04.22,18:00,99.66,99.98,99.04,99.90,1989
2014.04.22,19:00,99.91,99.96,99.38,99.56,1104
2014.04.22,20:00,99.57,99.58,98.87,99.23,1211
2014.04.22,21:00,99.24,99.58,98.92,99.51,883
2014.04.22,22:00,99.50,99.57,99.31,99.32,1262
2014.04.23,16:00,99.33,99.42,98.99,99.38,680
2014.04.23,17:00,99.39,99.97,99.38,99.49,1110
2014.04.23,18:00,99.50,99.58,99.31,99.39,718
2014.04.23,19:00,99.37,99.54,99.35,99.37,547
2014.04.23,20:00,99.36,99.40,99.07,99.19,595
2014.04.23,21:00,99.20,99.33,99.01,99.28,621
2014.04.23,22:00,99.29,99.35,99.08,99.11,893
2014.04.24,16:00,99.50,99.50,99.11,99.39,554
2014.04.24,17:00,99.37,99.92,99.22,99.79,863
2014.04.24,18:00,99.78,99.81,99.58,99.63,490
2014.04.24,19:00,99.64,99.97,99.62,99.97,574
2014.04.24,20:00,99.98,100.08,99.68,99.70,645
2014.04.24,21:00,99.69,99.96,99.65,99.96,632
2014.04.24,22:00,99.95,100.05,99.73,99.82,1047
2014.04.25,16:00,99.83,99.98,99.47,99.65,573
2014.04.25,17:00,99.63,99.91,99.37,99.77,645
2014.04.25,18:00,99.76,100.28,99.68,100.27,672
2014.04.25,19:00,100.26,100.67,100.26,100.55,667
2014.04.25,20:00,100.54,100.67,100.44,100.48,388
2014.04.25,21:00,100.50,100.56,100.29,100.48,598
2014.04.25,22:00,100.49,100.73,100.46,100.71,1011
2014.04.28,16:00,101.02,101.16,100.59,100.61,897
2014.04.28,17:00,100.63,100.90,100.25,100.47,959
2014.04.28,18:00,100.46,100.55,100.00,100.01,704
2014.04.28,19:00,100.00,100.11,99.82,100.08,674
2014.04.28,20:00,100.07,100.09,99.63,99.80,725
2014.04.28,21:00,99.79,99.89,99.68,99.78,631
2014.04.28,22:00,99.79,100.56,99.78,100.30,1395
2014.04.29,16:00,100.19,101.23,99.79,101.21,1024
2014.04.29,17:00,101.22,101.41,100.74,101.21,1069
2014.04.29,18:00,101.20,101.28,100.87,101.13,715
2014.04.29,19:00,101.15,101.37,101.01,101.20,550
2014.04.29,20:00,101.21,101.47,101.00,101.47,564
2014.04.29,21:00,101.46,101.71,101.46,101.62,587
2014.04.29,22:00,101.63,101.76,101.43,101.48,1050
2014.04.30,16:00,101.53,101.68,101.05,101.30,563
2014.04.30,17:00,101.29,101.73,101.17,101.39,800
2014.04.30,18:00,101.38,101.47,101.02,101.28,523
2014.04.30,19:00,101.27,101.74,101.25,101.59,468
2014.04.30,20:00,101.58,101.59,101.29,101.29,322
2014.04.30,21:00,101.28,101.44,101.13,101.16,709
2014.04.30,22:00,101.17,101.32,101.05,101.30,918
2014.05.01,16:00,100.65,100.84,100.35,100.66,852
2014.05.01,17:00,100.68,100.76,100.36,100.38,755
2014.05.01,18:00,100.37,100.49,100.31,100.34,632
2014.05.01,19:00,100.35,100.87,100.35,100.85,403
2014.05.01,20:00,100.83,100.94,100.78,100.83,334
2014.05.01,21:00,100.82,101.00,100.79,100.90,379
2014.05.01,22:00,100.89,101.02,100.81,100.94,623
2014.05.02,16:00,101.06,101.84,100.97,101.83,780
2014.05.02,17:00,101.84,102.25,101.44,101.50,1144
2014.05.02,18:00,101.49,101.76,101.40,101.71,618
2014.05.02,19:00,101.70,101.83,101.59,101.75,366
2014.05.02,20:00,101.76,101.79,101.25,101.26,428
2014.05.02,21:00,101.25,101.42,101.12,101.27,500
2014.05.02,22:00,101.28,101.51,101.25,101.41,755
2014.05.05,16:00,101.36,101.36,100.57,100.71,657
2014.05.05,17:00,100.72,100.86,100.58,100.77,703
2014.05.05,18:00,100.78,100.98,100.75,100.93,587
2014.05.05,19:00,100.94,101.29,100.92,101.25,432
2014.05.05,20:00,101.24,101.25,101.05,101.08,307
2014.05.05,21:00,101.09,101.35,101.00,101.27,485
2014.05.05,22:00,101.28,101.36,101.06,101.11,669
2014.05.06,16:00,101.04,101.22,100.79,101.08,596
2014.05.06,17:00,101.09,101.28,100.99,101.13,615
2014.05.06,18:00,101.14,101.24,100.95,101.22,445
2014.05.06,19:00,101.21,101.21,100.92,100.97,332
2014.05.06,20:00,100.98,101.03,100.81,100.90,376
2014.05.06,21:00,100.89,101.02,100.84,100.95,362
2014.05.06,22:00,100.94,101.08,100.87,100.93,776
2014.05.07,16:00,101.24,101.68,100.94,101.60,614
2014.05.07,17:00,101.59,101.70,101.13,101.62,867
2014.05.07,18:00,101.63,102.09,101.53,102.03,859
2014.05.07,19:00,102.01,102.08,101.86,102.05,515
2014.05.07,20:00,102.04,102.08,101.69,101.69,549
2014.05.07,21:00,101.70,101.83,101.66,101.77,447
2014.05.07,22:00,101.78,101.96,101.70,101.94,751
2014.05.08,16:00,102.01,102.16,101.71,101.98,540
2014.05.08,17:00,101.96,102.00,101.41,101.47,766
2014.05.08,18:00,101.49,101.93,101.43,101.85,617
2014.05.08,19:00,101.89,101.89,101.63,101.73,437
2014.05.08,20:00,101.74,101.96,101.68,101.95,432
2014.05.08,21:00,101.94,101.95,101.62,101.65,545
2014.05.08,22:00,101.66,102.00,101.52,101.94,894
2014.05.09,16:00,101.83,102.53,101.80,102.36,716
2014.05.09,17:00,102.34,102.49,102.31,102.41,690
2014.05.09,18:00,102.42,102.47,102.28,102.42,624
2014.05.09,19:00,102.38,102.67,102.36,102.63,489
2014.05.09,20:00,102.62,102.81,102.57,102.72,502
2014.05.09,21:00,102.73,102.75,102.47,102.60,464
2014.05.09,22:00,102.62,102.93,102.61,102.91,1026
2014.05.12,16:00,102.93,103.31,102.89,102.99,586
2014.05.12,17:00,102.97,103.07,102.85,102.98,744
2014.05.12,18:00,102.97,102.99,102.83,102.94,544
2014.05.12,19:00,102.93,102.96,102.78,102.80,410
2014.05.12,20:00,102.81,102.89,102.77,102.84,334
2014.05.12,21:00,102.83,102.89,102.78,102.83,396
2014.05.12,22:00,102.84,102.90,102.79,102.84,893
2014.05.13,16:00,103.28,103.60,103.04,103.07,669
2014.05.13,17:00,103.08,103.22,102.48,102.73,852
2014.05.13,18:00,102.74,102.91,102.63,102.87,503
2014.05.13,19:00,102.86,103.08,102.81,103.00,440
2014.05.13,20:00,103.01,103.23,103.01,103.20,393
2014.05.13,21:00,103.21,103.45,103.20,103.38,475
2014.05.13,22:00,103.39,103.53,103.35,103.52,810
2014.05.14,16:00,103.67,103.76,102.86,103.15,506
2014.05.14,17:00,103.13,103.15,102.70,102.92,712
2014.05.14,18:00,102.91,102.96,102.52,102.75,537
2014.05.14,19:00,102.76,102.76,102.63,102.66,338
2014.05.14,20:00,102.65,102.83,102.63,102.77,404
2014.05.14,21:00,102.78,102.84,102.75,102.84,370
2014.05.14,22:00,102.83,103.06,102.79,103.01,712
2014.05.15,16:00,102.76,102.98,102.60,102.66,448
2014.05.15,17:00,102.65,102.76,102.34,102.36,657
2014.05.15,18:00,102.35,102.38,102.13,102.23,644
2014.05.15,19:00,102.22,102.42,102.18,102.37,439
2014.05.15,20:00,102.38,102.51,102.31,102.42,445
2014.05.15,21:00,102.43,102.54,102.19,102.44,696
2014.05.15,22:00,102.45,102.64,102.26,102.47,1174
2014.05.16,16:00,102.57,102.98,102.33,102.97,767
2014.05.16,17:00,102.96,103.37,102.75,103.19,971
2014.05.16,18:00,103.20,103.21,102.74,102.88,793
2014.05.16,19:00,102.89,103.23,102.86,103.03,431
2014.05.16,20:00,103.04,103.08,102.87,102.97,427
2014.05.16,21:00,102.98,103.05,102.87,102.99,455
2014.05.16,22:00,103.00,103.22,102.97,103.13,976
2014.05.19,16:00,102.79,102.80,101.85,101.89,741
2014.05.19,17:00,101.90,101.99,101.72,101.84,871
2014.05.19,18:00,101.85,102.31,101.84,102.12,511
2014.05.19,19:00,102.11,102.16,101.88,102.10,428
2014.05.19,20:00,102.11,102.32,102.07,102.18,413
2014.05.19,21:00,102.19,102.26,102.04,102.14,446
2014.05.19,22:00,102.13,102.25,102.03,102.08,760
2014.05.20,16:00,102.03,102.42,101.95,102.10,549
2014.05.20,17:00,102.09,102.25,101.87,101.92,640
2014.05.20,18:00,101.91,101.94,101.55,101.56,610
2014.05.20,19:00,101.57,101.66,101.42,101.60,545
2014.05.20,20:00,101.58,101.60,101.43,101.52,466
2014.05.20,21:00,101.53,101.82,101.49,101.54,443
2014.05.20,22:00,101.55,101.71,101.48,101.52,604
2014.05.21,16:00,101.70,102.17,101.53,102.15,466
2014.05.21,17:00,102.14,102.21,101.88,102.09,646
2014.05.21,18:00,102.08,102.12,101.82,101.90,448
2014.05.21,19:00,101.91,102.30,101.91,102.27,388
2014.05.21,20:00,102.28,102.52,102.28,102.38,356
2014.05.21,21:00,102.37,102.47,102.16,102.38,487
2014.05.21,22:00,102.39,102.56,102.39,102.52,867
2014.05.22,16:00,102.65,102.96,102.43,102.55,502
2014.05.22,17:00,102.54,102.68,102.39,102.50,615
2014.05.22,18:00,102.51,102.61,102.21,102.38,658
2014.05.22,19:00,102.37,102.57,102.32,102.36,300
2014.05.22,20:00,102.37,102.48,102.26,102.47,373
2014.05.22,21:00,102.46,102.54,102.30,102.39,287
2014.05.22,22:00,102.40,102.64,102.38,102.43,676
2014.05.23,16:00,102.50,102.52,102.11,102.26,501
2014.05.23,17:00,102.27,102.78,102.25,102.30,746
2014.05.23,18:00,102.29,102.33,102.04,102.25,393
2014.05.23,19:00,102.26,102.41,102.23,102.35,411
2014.05.23,20:00,102.37,102.42,102.09,102.18,313
2014.05.23,21:00,102.17,102.22,101.78,101.87,490
2014.05.23,22:00,101.88,101.99,101.81,101.98,769
2014.05.27,16:00,102.18,102.83,102.05,102.63,763
2014.05.27,17:00,102.64,102.75,102.46,102.58,632
2014.05.27,18:00,102.59,102.68,102.43,102.48,473
2014.05.27,19:00,102.50,102.69,102.37,102.68,341
2014.05.27,20:00,102.67,102.70,102.62,102.69,347
2014.05.27,21:00,102.68,102.88,102.57,102.69,664
2014.05.27,22:00,102.68,102.71,102.26,102.34,823
2014.05.28,16:00,101.82,101.97,100.85,101.17,2094
2014.05.28,17:00,101.16,101.74,101.05,101.71,1058
2014.05.28,18:00,101.70,102.02,101.70,101.72,653
2014.05.28,19:00,101.71,101.76,101.12,101.30,691
2014.05.28,20:00,101.31,101.66,101.27,101.44,637
2014.05.28,21:00,101.45,101.47,101.17,101.40,692
2014.05.28,22:00,101.41,101.48,101.20,101.29,1303
2014.05.29,16:00,101.25,101.38,101.00,101.20,640
2014.05.29,17:00,101.19,101.25,100.98,101.09,682
2014.05.29,18:00,101.08,101.11,100.85,101.05,422
2014.05.29,19:00,101.04,101.11,100.98,101.05,345
2014.05.29,20:00,101.04,101.15,100.98,101.01,381
2014.05.29,21:00,101.00,101.35,100.98,101.34,385
2014.05.29,22:00,101.33,101.47,101.23,101.32,892
2014.05.30,16:00,101.23,101.41,100.69,100.86,797
2014.05.30,17:00,100.85,101.15,100.82,100.99,744
2014.05.30,18:00,101.00,101.11,100.86,100.87,583
2014.05.30,19:00,100.88,101.08,100.86,100.93,543
2014.05.30,20:00,100.92,101.13,100.90,101.12,373
2014.05.30,21:00,101.13,101.24,101.11,101.14,438
2014.05.30,22:00,101.15,101.44,101.13,101.40,776
2014.06.02,16:00,101.37,102.07,101.30,101.98,475
2014.06.02,17:00,101.96,102.24,101.86,102.16,684
2014.06.02,18:00,102.17,102.47,102.11,102.40,652
2014.06.02,19:00,102.41,102.48,102.10,102.17,466
2014.06.02,20:00,102.18,102.18,101.93,101.94,314
2014.06.02,21:00,101.95,102.04,101.90,101.95,299
2014.06.02,22:00,101.94,102.09,101.89,102.02,723
2014.06.03,16:00,101.62,101.93,101.48,101.82,509
2014.06.03,17:00,101.81,101.98,101.75,101.80,611
2014.06.03,18:00,101.79,101.82,101.50,101.77,599
2014.06.03,19:00,101.76,101.78,101.55,101.76,474
2014.06.03,20:00,101.75,101.77,101.49,101.53,404
2014.06.03,21:00,101.54,101.54,101.39,101.43,426
2014.06.03,22:00,101.44,101.57,101.39,101.42,787
2014.06.04,16:00,101.34,102.17,101.25,102.16,548
2014.06.04,17:00,102.17,102.17,101.63,101.94,612
2014.06.04,18:00,101.93,102.22,101.88,102.20,445
2014.06.04,19:00,102.19,102.29,102.15,102.23,391
2014.06.04,20:00,102.20,102.27,102.03,102.15,422
2014.06.04,21:00,102.13,102.28,102.12,102.24,403
2014.06.04,22:00,102.23,102.44,102.15,102.41,900
2014.06.05,16:00,102.32,102.38,101.89,101.92,424
2014.06.05,17:00,101.91,102.42,101.73,102.40,669
2014.06.05,18:00,102.38,102.48,102.18,102.48,418
2014.06.05,19:00,102.45,102.58,102.37,102.39,570
2014.06.05,20:00,102.38,102.49,102.16,102.24,285
2014.06.05,21:00,102.25,102.49,102.24,102.31,336
2014.06.05,22:00,102.30,102.51,102.29,102.42,703
2014.06.06,16:00,102.49,102.60,102.27,102.34,349
2014.06.06,17:00,102.36,102.40,102.01,102.14,490
2014.06.06,18:00,102.13,102.15,101.94,102.00,368
2014.06.06,19:00,101.99,102.06,101.91,101.95,356
2014.06.06,20:00,101.97,101.98,101.82,101.86,366
2014.06.06,21:00,101.87,102.00,101.81,101.94,314
2014.06.06,22:00,101.93,102.01,101.76,101.91,563
2014.06.09,16:00,101.56,101.98,101.37,101.43,655
2014.06.09,17:00,101.44,101.57,101.16,101.51,712
2014.06.09,18:00,101.52,101.53,101.27,101.37,606
2014.06.09,19:00,101.38,101.56,101.28,101.34,404
2014.06.09,20:00,101.33,101.58,101.25,101.53,417
2014.06.09,21:00,101.52,101.53,101.31,101.36,444
2014.06.09,22:00,101.35,101.41,101.32,101.36,959
2014.06.10,16:00,101.59,101.59,101.29,101.35,679
2014.06.10,17:00,101.34,101.47,101.24,101.36,452
2014.06.10,18:00,101.37,101.49,101.13,101.15,427
2014.06.10,19:00,101.16,101.23,101.07,101.09,453
2014.06.10,20:00,101.10,101.10,100.86,100.89,402
2014.06.10,21:00,100.88,100.96,100.76,100.95,595
2014.06.10,22:00,100.94,100.96,100.66,100.85,1140
2014.06.11,16:00,100.72,100.89,100.58,100.84,757
2014.06.11,17:00,100.83,100.94,100.51,100.65,835
2014.06.11,18:00,100.64,100.66,100.55,100.60,529
2014.06.11,19:00,100.59,100.62,100.53,100.59,332
2014.06.11,20:00,100.60,100.67,100.55,100.58,449
2014.06.11,21:00,100.57,100.65,100.50,100.55,411
2014.06.11,22:00,100.54,100.59,100.31,100.41,1277
2014.06.12,16:00,100.40,100.99,100.28,100.69,610
2014.06.12,17:00,100.68,100.82,100.46,100.48,714
2014.06.12,18:00,100.47,100.54,100.27,100.31,564
2014.06.12,19:00,100.32,100.39,100.20,100.20,366
2014.06.12,20:00,100.21,100.25,100.03,100.07,446
2014.06.12,21:00,100.06,100.07,99.83,99.87,582
2014.06.12,22:00,99.86,99.87,99.52,99.74,1399
2014.06.13,16:00,99.39,100.35,99.39,100.13,711
2014.06.13,17:00,100.14,100.46,99.83,100.39,1060
2014.06.13,18:00,100.38,100.48,100.26,100.44,749
2014.06.13,19:00,100.43,100.57,100.39,100.46,414
2014.06.13,20:00,100.47,100.51,100.27,100.31,396
2014.06.13,21:00,100.32,100.49,100.29,100.42,406
2014.06.13,22:00,100.44,100.51,100.25,100.44,682
2014.06.16,16:00,100.40,100.86,100.22,100.65,472
2014.06.16,17:00,100.66,100.95,100.63,100.71,578
2014.06.16,18:00,100.70,100.82,100.61,100.75,518
2014.06.16,19:00,100.76,100.87,100.74,100.83,395
2014.06.16,20:00,100.84,100.91,100.82,100.87,288
2014.06.16,21:00,100.88,100.94,100.88,100.93,316
2014.06.16,22:00,100.92,101.15,100.85,101.09,885
2014.06.17,16:00,100.86,101.45,100.80,101.30,432
2014.06.17,17:00,101.31,101.82,101.31,101.60,759
2014.06.17,18:00,101.59,101.69,101.45,101.46,856
2014.06.17,19:00,101.45,101.64,101.44,101.46,572
2014.06.17,20:00,101.47,101.51,101.24,101.28,420
2014.06.17,21:00,101.29,101.40,101.22,101.31,444
2014.06.17,22:00,101.29,101.38,101.08,101.26,951
2014.06.18,16:00,101.77,101.77,100.89,101.45,750
2014.06.18,17:00,101.43,101.46,101.06,101.19,702
2014.06.18,18:00,101.18,101.18,100.90,100.95,457
2014.06.18,19:00,100.94,101.38,100.89,101.38,556
2014.06.18,20:00,101.39,101.44,101.24,101.29,390
2014.06.18,21:00,101.26,101.65,101.19,101.47,814
2014.06.18,22:00,101.46,101.59,101.23,101.27,1320
2014.06.19,16:00,101.37,101.91,101.02,101.77,551
2014.06.19,17:00,101.76,101.95,101.50,101.52,642
2014.06.19,18:00,101.51,101.81,101.50,101.52,331
2014.06.19,19:00,101.53,101.73,101.50,101.64,196
2014.06.19,20:00,101.65,101.67,101.51,101.64,260
2014.06.19,21:00,101.65,101.70,101.60,101.67,305
2014.06.19,22:00,101.66,102.01,101.54,101.88,851
2014.06.20,16:00,102.18,102.18,101.64,101.99,508
2014.06.20,17:00,102.01,102.23,101.87,102.23,566
2014.06.20,18:00,102.22,102.27,102.13,102.22,398
2014.06.20,19:00,102.23,102.28,102.11,102.15,316
2014.06.20,20:00,102.16,102.21,102.06,102.14,316
2014.06.20,21:00,102.13,102.14,101.99,101.99,494
2014.06.20,22:00,102.00,102.03,101.87,101.90,780
2014.06.23,16:00,101.62,101.97,101.49,101.61,379
2014.06.23,17:00,101.63,101.86,101.57,101.58,504
2014.06.23,18:00,101.59,101.76,101.57,101.74,321
2014.06.23,19:00,101.75,101.86,101.67,101.68,213
2014.06.23,20:00,101.67,101.72,101.62,101.70,239
2014.06.23,21:00,101.71,101.79,101.63,101.65,282
2014.06.23,22:00,101.66,101.93,101.65,101.86,620
2014.06.24,16:00,101.82,102.16,101.72,101.88,449
2014.06.24,17:00,101.89,101.98,101.78,101.78,486
2014.06.24,18:00,101.79,101.91,101.78,101.82,375
2014.06.24,19:00,101.84,101.88,101.74,101.79,329
2014.06.24,20:00,101.80,101.80,101.63,101.65,454
2014.06.24,21:00,101.66,101.78,101.49,101.68,446
2014.06.24,22:00,101.67,101.68,101.39,101.45,1089
2014.06.25,16:00,101.07,101.48,101.01,101.29,483
2014.06.25,17:00,101.32,101.48,101.25,101.46,702
2014.06.25,18:00,101.47,101.88,101.43,101.75,520
2014.06.25,19:00,101.73,101.81,101.61,101.69,314
2014.06.25,20:00,101.70,101.83,101.58,101.70,299
2014.06.25,21:00,101.71,101.75,101.52,101.58,335
2014.06.25,22:00,101.57,101.71,101.56,101.60,505
2014.06.26,16:00,101.59,101.87,101.05,101.10,602
2014.06.26,17:00,101.11,101.42,101.11,101.30,577
2014.06.26,18:00,101.29,101.57,101.29,101.49,315
2014.06.26,19:00,101.50,101.54,101.32,101.37,224
2014.06.26,20:00,101.38,101.46,101.27,101.27,338
2014.06.26,21:00,101.28,101.37,101.21,101.31,293
2014.06.26,22:00,101.32,101.51,101.29,101.50,530
2014.06.27,16:00,101.27,101.48,101.13,101.45,297
2014.06.27,17:00,101.44,101.61,101.41,101.46,347
2014.06.27,18:00,101.45,101.49,101.16,101.38,384
2014.06.27,19:00,101.37,101.39,101.32,101.36,222
2014.06.27,20:00,101.35,101.48,101.19,101.45,297
2014.06.27,21:00,101.44,101.63,101.39,101.39,338
2014.06.27,22:00,101.40,101.65,101.36,101.44,704
2014.06.30,16:00,101.22,101.44,100.63,100.72,539
2014.06.30,17:00,100.73,101.15,100.69,100.96,734
2014.06.30,18:00,100.95,101.01,100.76,100.86,490
2014.06.30,19:00,100.87,100.92,100.68,100.68,241
2014.06.30,20:00,100.69,100.87,100.63,100.72,352
2014.06.30,21:00,100.71,100.74,100.58,100.58,285
2014.06.30,22:00,100.59,100.75,100.48,100.72,836
2014.07.01,16:00,100.41,101.01,100.22,101.01,825
2014.07.01,17:00,101.00,101.31,100.95,101.20,769
2014.07.01,18:00,101.21,101.32,101.11,101.15,396
2014.07.01,19:00,101.16,101.18,101.02,101.09,324
2014.07.01,20:00,101.10,101.17,101.01,101.03,297
2014.07.01,21:00,101.02,101.08,100.98,101.02,344
2014.07.01,22:00,101.03,101.11,100.92,100.96,633
2014.07.02,16:00,101.00,101.06,100.62,100.67,367
2014.07.02,17:00,100.68,100.79,100.46,100.64,454
2014.07.02,18:00,100.65,100.73,100.51,100.65,579
2014.07.02,19:00,100.64,100.67,100.51,100.60,468
2014.07.02,20:00,100.59,100.60,100.53,100.59,353
2014.07.02,21:00,100.60,100.60,100.51,100.58,376
2014.07.02,22:00,100.59,100.59,100.33,100.48,940
2014.07.03,16:00,101.30,101.30,100.72,100.99,427
2014.07.03,17:00,100.98,101.12,100.79,101.00,565
2014.07.03,18:00,100.98,100.98,100.81,100.92,428
2014.07.03,19:00,100.91,101.06,100.84,100.96,627
2014.07.07,16:00,100.73,100.73,99.86,100.10,817
2014.07.07,17:00,100.06,100.15,99.86,99.87,633
2014.07.07,18:00,99.88,100.12,99.80,100.05,555
2014.07.07,19:00,100.06,100.07,99.99,100.04,259
2014.07.07,20:00,100.05,100.21,100.02,100.19,380
2014.07.07,21:00,100.18,100.18,99.98,100.05,326
2014.07.07,22:00,100.06,100.15,100.02,100.15,824
2014.07.08,16:00,99.73,100.48,99.71,100.40,553
2014.07.08,17:00,100.42,100.55,100.20,100.44,623
2014.07.08,18:00,100.43,100.47,100.24,100.34,514
2014.07.08,19:00,100.33,100.34,100.06,100.21,338
2014.07.08,20:00,100.22,100.23,100.10,100.15,307
2014.07.08,21:00,100.14,100.14,99.93,99.99,366
2014.07.08,22:00,100.00,100.15,99.95,100.07,586
2014.07.09,16:00,100.28,100.92,100.25,100.92,610
2014.07.09,17:00,100.93,101.06,100.72,100.90,676
2014.07.09,18:00,100.92,101.04,100.79,100.87,515
2014.07.09,19:00,100.88,101.06,100.88,101.05,284
2014.07.09,20:00,101.06,101.18,101.04,101.11,352
2014.07.09,21:00,101.12,101.23,101.00,101.13,621
2014.07.09,22:00,101.12,101.14,100.86,101.05,1013
2014.07.10,16:00,100.20,100.90,100.14,100.73,862
2014.07.10,17:00,100.75,101.00,100.64,100.99,597
2014.07.10,18:00,101.00,101.03,100.52,100.62,414
2014.07.10,19:00,100.61,100.62,100.39,100.45,296
2014.07.10,20:00,100.46,100.75,100.38,100.68,358
2014.07.10,21:00,100.69,100.77,100.55,100.60,342
2014.07.10,22:00,100.59,100.65,100.53,100.57,450
2014.07.11,16:00,100.61,100.79,100.40,100.56,508
2014.07.11,17:00,100.58,100.58,100.01,100.19,589
2014.07.11,18:00,100.20,100.21,100.04,100.08,345
2014.07.11,19:00,100.09,100.33,100.05,100.29,278
2014.07.11,20:00,100.28,100.35,100.09,100.30,275
2014.07.11,21:00,100.31,100.40,100.29,100.31,241
2014.07.11,22:00,100.30,100.38,100.26,100.35,405
2014.07.14,16:00,100.69,100.71,100.29,100.56,387
2014.07.14,17:00,100.59,100.59,100.28,100.38,532
2014.07.14,18:00,100.37,100.57,100.32,100.38,702
2014.07.14,19:00,100.39,100.49,100.31,100.36,338
2014.07.14,20:00,100.37,100.47,100.31,100.45,249
2014.07.14,21:00,100.46,100.54,100.41,100.53,280
2014.07.14,22:00,100.52,100.56,100.43,100.46,673
2014.07.15,16:00,100.30,100.35,99.84,100.08,664
2014.07.15,17:00,100.09,100.21,99.94,100.00,979
2014.07.15,18:00,100.01,100.13,99.96,99.99,412
2014.07.15,19:00,100.00,100.12,99.97,100.04,311
2014.07.15,20:00,100.05,100.11,99.99,100.08,278
2014.07.15,21:00,100.09,100.29,100.07,100.26,458
2014.07.15,22:00,100.27,100.33,100.19,100.27,712
2014.07.16,16:00,99.61,99.73,98.80,99.02,1443
2014.07.16,17:00,99.04,99.09,98.74,98.89,921
2014.07.16,18:00,98.88,99.48,98.88,99.44,840
2014.07.16,19:00,99.43,99.52,99.20,99.27,541
2014.07.16,20:00,99.26,99.61,99.23,99.56,484
2014.07.16,21:00,99.55,99.55,99.01,99.11,455
2014.07.16,22:00,99.10,99.27,99.07,99.23,1001
2014.07.17,16:00,98.94,99.07,98.67,98.97,573
2014.07.17,17:00,98.99,99.01,98.50,98.72,1124
2014.07.17,18:00,98.73,98.77,98.49,98.65,605
2014.07.17,19:00,98.66,98.78,98.56,98.74,424
2014.07.17,20:00,98.75,98.86,98.72,98.75,343
2014.07.17,21:00,98.74,98.77,98.53,98.63,389
2014.07.17,22:00,98.59,98.61,98.33,98.35,842
2014.07.18,16:00,98.62,98.76,98.37,98.44,448
2014.07.18,17:00,98.43,98.48,98.12,98.42,597
2014.07.18,18:00,98.43,98.78,98.39,98.72,394
2014.07.18,19:00,98.73,98.94,98.72,98.84,334
2014.07.18,20:00,98.83,99.01,98.72,99.00,335
2014.07.18,21:00,99.02,99.07,98.86,98.87,347
2014.07.18,22:00,98.88,99.04,98.86,98.98,800
2014.07.21,16:00,98.50,98.59,98.00,98.03,836
2014.07.21,17:00,98.02,98.13,97.68,97.75,876
2014.07.21,18:00,97.76,98.20,97.73,98.14,765
2014.07.21,19:00,98.15,98.18,98.01,98.13,323
2014.07.21,20:00,98.12,98.15,97.66,97.66,536
2014.07.21,21:00,97.67,97.79,97.58,97.66,670
2014.07.21,22:00,97.67,97.72,97.53,97.57,1002
2014.07.22,16:00,95.31,96.30,95.08,95.95,3113
2014.07.22,17:00,95.97,96.83,95.69,96.38,2286
2014.07.22,18:00,96.39,96.58,95.93,95.97,1779
2014.07.22,19:00,95.98,96.05,95.71,95.95,1389
2014.07.22,20:00,95.94,96.29,95.86,96.17,877
2014.07.22,21:00,96.16,96.33,95.99,96.28,667
2014.07.22,22:00,96.29,96.33,96.13,96.22,1691
2014.07.23,16:00,95.49,95.79,94.88,94.92,2206
2014.07.23,17:00,94.91,95.29,94.80,95.07,1691
2014.07.23,18:00,95.06,95.16,94.94,95.11,973
2014.07.23,19:00,95.12,95.34,95.09,95.28,625
2014.07.23,20:00,95.29,95.48,95.22,95.32,622
2014.07.23,21:00,95.31,95.33,95.16,95.28,613
2014.07.23,22:00,95.27,95.40,95.26,95.34,1100
2014.07.24,16:00,95.46,95.53,95.37,95.39,629
2014.07.24,17:00,95.40,95.50,95.25,95.31,901
2014.07.24,18:00,95.30,95.60,95.26,95.37,752
2014.07.24,19:00,95.38,95.43,95.30,95.41,488
2014.07.24,20:00,95.40,95.57,95.33,95.47,477
2014.07.24,21:00,95.48,95.51,95.33,95.34,448
2014.07.24,22:00,95.33,95.45,95.30,95.31,1009
2014.07.25,16:00,95.36,95.83,95.30,95.48,860
2014.07.25,17:00,95.50,95.74,95.44,95.69,797
2014.07.25,18:00,95.68,95.68,95.48,95.57,692
2014.07.25,19:00,95.58,95.73,95.53,95.72,523
2014.07.25,20:00,95.70,95.71,95.56,95.56,361
2014.07.25,21:00,95.58,95.68,95.53,95.62,659
2014.07.25,22:00,95.63,95.73,95.61,95.68,680
2014.07.28,16:00,95.53,95.76,95.37,95.50,701
2014.07.28,17:00,95.51,95.71,95.47,95.67,899
2014.07.28,18:00,95.68,95.75,95.56,95.62,560
2014.07.28,19:00,95.63,95.68,95.51,95.60,393
2014.07.28,20:00,95.61,95.79,95.56,95.68,389
2014.07.28,21:00,95.69,95.87,95.64,95.78,430
2014.07.28,22:00,95.77,95.95,95.69,95.76,974
2014.07.29,16:00,95.87,96.08,95.69,96.04,616
2014.07.29,17:00,96.05,96.11,95.91,95.99,1127
2014.07.29,18:00,96.00,96.08,95.83,96.00,689
2014.07.29,19:00,95.99,96.37,95.97,96.34,449
2014.07.29,20:00,96.32,96.40,96.05,96.13,551
2014.07.29,21:00,96.15,96.24,95.98,96.01,603
2014.07.29,22:00,96.00,96.03,95.80,95.82,1062
2014.07.30,16:00,96.17,96.32,95.88,96.18,568
2014.07.30,17:00,96.17,96.18,95.62,95.70,835
2014.07.30,18:00,95.71,95.76,95.55,95.60,790
2014.07.30,19:00,95.65,95.98,95.62,95.76,717
2014.07.30,20:00,95.77,95.82,95.60,95.70,634
2014.07.30,21:00,95.71,96.13,95.64,95.97,843
2014.07.30,22:00,95.98,96.04,95.86,95.95,866
2014.07.31,16:00,95.20,95.33,94.83,95.13,1078
2014.07.31,17:00,95.14,95.25,95.02,95.16,1047
2014.07.31,18:00,95.17,95.24,95.01,95.06,793
2014.07.31,19:00,95.05,95.15,95.00,95.07,538
2014.07.31,20:00,95.06,95.09,94.90,94.96,532
2014.07.31,21:00,94.95,95.02,94.84,94.87,602
2014.07.31,22:00,94.86,94.90,94.55,94.56,1341
2014.08.01,16:00,94.27,94.52,94.18,94.43,626
2014.08.01,17:00,94.42,94.71,94.32,94.53,828
2014.08.01,18:00,94.52,94.63,94.32,94.42,564
2014.08.01,19:00,94.43,94.51,94.33,94.38,526
2014.08.01,20:00,94.39,94.64,94.30,94.56,603
2014.08.01,21:00,94.57,94.64,94.40,94.45,552
2014.08.01,22:00,94.44,94.50,94.25,94.29,791
2014.08.04,16:00,94.24,94.32,93.81,94.25,796
2014.08.04,17:00,94.24,94.33,93.61,93.73,1962
2014.08.04,18:00,93.71,93.91,93.50,93.59,1711
2014.08.04,19:00,93.58,93.84,93.53,93.65,849
2014.08.04,20:00,93.66,93.93,93.54,93.83,716
2014.08.04,21:00,93.84,93.98,93.82,93.95,560
2014.08.04,22:00,93.94,94.30,93.84,94.29,1192
2014.08.05,16:00,93.90,94.21,93.55,93.78,574
2014.08.05,17:00,93.77,93.89,93.60,93.76,831
2014.08.05,18:00,93.75,94.04,93.59,94.00,650
2014.08.05,19:00,94.01,94.27,93.96,93.97,630
2014.08.05,20:00,93.98,94.00,93.56,93.65,757
2014.08.05,21:00,93.64,93.70,93.40,93.40,756
2014.08.05,22:00,93.39,93.51,93.33,93.41,999
2014.08.06,16:00,93.37,93.93,93.34,93.81,611
2014.08.06,17:00,93.77,93.88,93.67,93.83,809
2014.08.06,18:00,93.81,93.83,93.54,93.63,533
2014.08.06,19:00,93.64,93.68,93.46,93.51,477
2014.08.06,20:00,93.50,93.54,93.38,93.41,328
2014.08.06,21:00,93.40,93.54,93.38,93.42,506
2014.08.06,22:00,93.41,93.49,93.37,93.44,685
2014.08.07,16:00,93.80,93.98,93.59,93.95,478
2014.08.07,17:00,93.96,93.96,93.53,93.54,807
2014.08.07,18:00,93.53,93.62,93.38,93.49,603
2014.08.07,19:00,93.47,93.60,93.36,93.37,440
2014.08.07,20:00,93.36,93.64,93.31,93.55,402
2014.08.07,21:00,93.54,93.54,93.29,93.29,386
2014.08.07,22:00,93.30,93.38,93.22,93.30,741
2014.08.08,16:00,93.05,93.78,93.00,93.09,1434
2014.08.08,17:00,93.10,93.17,92.90,93.00,1310
2014.08.08,18:00,92.99,93.16,92.97,93.11,588
2014.08.08,19:00,93.12,93.41,93.11,93.23,573
2014.08.08,20:00,93.22,93.70,93.20,93.45,547
2014.08.08,21:00,93.47,93.64,93.34,93.37,535
2014.08.08,22:00,93.36,93.56,93.24,93.52,1110
2014.08.11,16:00,93.71,93.82,93.44,93.70,670
2014.08.11,17:00,93.71,93.81,93.46,93.48,703
2014.08.11,18:00,93.49,93.87,93.47,93.78,770
2014.08.11,19:00,93.79,93.90,93.66,93.86,519
2014.08.11,20:00,93.85,93.90,93.64,93.64,431
2014.08.11,21:00,93.63,93.71,93.53,93.53,512
2014.08.11,22:00,93.54,93.63,93.48,93.50,741
2014.08.12,16:00,93.40,93.58,93.13,93.51,489
2014.08.12,17:00,93.50,93.63,93.38,93.59,629
2014.08.12,18:00,93.58,93.59,93.29,93.50,714
2014.08.12,19:00,93.48,93.50,93.31,93.39,449
2014.08.12,20:00,93.38,93.47,93.27,93.40,445
2014.08.12,21:00,93.39,93.56,93.35,93.40,780
2014.08.12,22:00,93.41,93.56,93.40,93.54,572
2014.08.13,16:00,93.73,93.88,93.58,93.82,462
2014.08.13,17:00,93.83,93.94,93.63,93.94,620
2014.08.13,18:00,93.95,94.30,93.95,94.15,630
2014.08.13,19:00,94.14,94.18,94.08,94.16,397
2014.08.13,20:00,94.15,94.23,94.09,94.12,391
2014.08.13,21:00,94.13,94.14,93.92,94.04,449
2014.08.13,22:00,94.03,94.07,93.88,93.92,723
2014.08.14,16:00,93.63,93.87,93.36,93.38,797
2014.08.14,17:00,93.39,93.45,93.24,93.40,933
2014.08.14,18:00,93.39,93.83,93.38,93.61,779
2014.08.14,19:00,93.60,93.61,93.40,93.44,440
2014.08.14,20:00,93.42,93.53,93.36,93.40,446
2014.08.14,21:00,93.41,93.52,93.35,93.51,488
2014.08.14,22:00,93.50,93.69,93.47,93.64,837
2014.08.15,16:00,94.05,94.45,93.74,94.39,556
2014.08.15,17:00,94.40,94.42,93.72,93.98,1020
2014.08.15,18:00,93.97,93.99,93.39,93.50,827
2014.08.15,19:00,93.49,93.72,93.48,93.55,556
2014.08.15,20:00,93.54,93.71,93.46,93.47,372
2014.08.15,21:00,93.46,93.78,93.46,93.66,443
2014.08.15,22:00,93.67,93.81,93.64,93.77,726
2014.08.18,16:00,94.13,94.60,93.91,94.59,615
2014.08.18,17:00,94.58,94.72,94.55,94.69,634
2014.08.18,18:00,94.68,94.72,94.41,94.58,434
2014.08.18,19:00,94.57,94.62,94.35,94.37,376
2014.08.18,20:00,94.36,94.43,94.28,94.41,371
2014.08.18,21:00,94.42,94.44,94.23,94.33,388
2014.08.18,22:00,94.32,94.37,94.21,94.23,729
2014.08.19,16:00,94.58,94.68,94.24,94.29,395
2014.08.19,17:00,94.31,94.68,94.26,94.67,788
2014.08.19,18:00,94.66,94.73,94.53,94.67,553
2014.08.19,19:00,94.68,94.72,94.58,94.58,410
2014.08.19,20:00,94.59,94.63,94.43,94.55,393
2014.08.19,21:00,94.56,94.62,94.45,94.49,442
2014.08.19,22:00,94.48,94.52,94.41,94.43,674
2014.08.20,16:00,94.45,94.52,94.14,94.15,388
2014.08.20,17:00,94.14,94.28,94.02,94.16,646
2014.08.20,18:00,94.17,94.20,94.01,94.16,589
2014.08.20,19:00,94.15,94.21,94.07,94.09,452
2014.08.20,20:00,94.08,94.23,94.06,94.13,415
2014.08.20,21:00,94.12,94.25,93.98,94.22,545
2014.08.20,22:00,94.21,94.26,94.12,94.17,710
2014.08.21,16:00,94.29,94.50,94.22,94.45,569
2014.08.21,17:00,94.48,94.70,94.46,94.65,631
2014.08.21,18:00,94.64,94.74,94.57,94.68,588
2014.08.21,19:00,94.69,94.71,94.58,94.59,337
2014.08.21,20:00,94.60,94.64,94.56,94.58,343
2014.08.21,21:00,94.59,94.60,94.48,94.49,341
2014.08.21,22:00,94.51,94.64,94.48,94.52,784
2014.08.22,16:00,94.54,94.81,94.49,94.77,489
2014.08.22,17:00,94.76,94.82,94.54,94.56,519
2014.08.22,18:00,94.55,94.69,94.36,94.42,580
2014.08.22,19:00,94.43,94.48,94.33,94.41,365
2014.08.22,20:00,94.40,94.59,94.38,94.43,378
2014.08.22,21:00,94.42,94.43,94.25,94.35,426
2014.08.22,22:00,94.36,94.44,94.30,94.43,661
