2013.06.19,22:00,34.68,34.89,34.59,34.59,2114
2013.06.20,16:00,34.26,34.27,34.01,34.26,1605
2013.06.20,17:00,34.25,34.32,34.02,34.05,1980
2013.06.20,18:00,34.06,34.09,33.86,33.87,1869
2013.06.20,19:00,33.86,33.93,33.67,33.75,1599
2013.06.20,20:00,33.74,33.85,33.61,33.76,1444
2013.06.20,21:00,33.75,33.75,33.45,33.45,1689
2013.06.20,22:00,33.46,33.59,33.36,33.48,3436
2013.06.21,16:00,33.65,33.72,33.20,33.24,1995
2013.06.21,17:00,33.23,33.35,33.04,33.30,2030
2013.06.21,18:00,33.31,33.37,33.12,33.25,1626
2013.06.21,19:00,33.26,33.45,33.05,33.45,1219
2013.06.21,20:00,33.44,33.50,33.21,33.24,1118
2013.06.21,21:00,33.25,33.27,33.11,33.27,2365
2013.06.21,22:00,33.28,33.44,33.21,33.25,3278
2013.06.24,16:00,32.97,33.10,32.56,33.00,2323
2013.06.24,17:00,32.99,33.44,32.82,33.36,2337
2013.06.24,18:00,33.37,33.44,33.26,33.38,1592
2013.06.24,19:00,33.39,33.71,33.31,33.69,1521
2013.06.24,20:00,33.70,34.04,33.62,34.01,2057
2013.06.24,21:00,34.02,34.19,33.94,34.05,1690
2013.06.24,22:00,34.06,34.10,33.70,33.70,2991
2013.06.25,16:00,34.07,34.37,33.88,33.98,2141
2013.06.25,17:00,33.97,34.07,33.45,33.65,2763
2013.06.25,18:00,33.64,33.75,33.60,33.74,1306
2013.06.25,19:00,33.73,33.80,33.60,33.65,1177
2013.06.25,20:00,33.64,33.65,33.50,33.54,1028
2013.06.25,21:00,33.53,33.61,33.49,33.55,1428
2013.06.25,22:00,33.54,33.73,33.53,33.65,2529
2013.06.26,16:00,34.12,34.37,33.88,34.05,1610
2013.06.26,17:00,34.06,34.30,34.05,34.25,1537
2013.06.26,18:00,34.24,34.35,34.14,34.19,1254
2013.06.26,19:00,34.20,34.39,34.19,34.29,1114
2013.06.26,20:00,34.30,34.35,34.23,34.34,1047
2013.06.26,21:00,34.33,34.39,34.27,34.33,1200
2013.06.26,22:00,34.34,34.47,34.32,34.34,2352
2013.06.27,16:00,34.56,34.77,34.51,34.70,974
2013.06.27,17:00,34.71,34.74,34.59,34.62,1198
2013.06.27,18:00,34.63,34.69,34.51,34.68,1063
2013.06.27,19:00,34.69,34.69,34.55,34.60,789
2013.06.27,20:00,34.59,34.70,34.56,34.62,943
2013.06.27,21:00,34.61,34.67,34.50,34.58,737
2013.06.27,22:00,34.59,34.62,34.52,34.60,1565
2013.06.28,16:00,34.35,34.69,34.34,34.58,1083
2013.06.28,17:00,34.59,34.61,34.36,34.56,1173
2013.06.28,18:00,34.57,34.72,34.53,34.64,835
2013.06.28,19:00,34.65,34.65,34.47,34.47,690
2013.06.28,20:00,34.48,34.70,34.46,34.67,842
2013.06.28,21:00,34.68,34.76,34.62,34.65,1157
2013.06.28,22:00,34.64,34.78,34.53,34.54,2268
2013.07.01,16:00,34.74,34.87,34.67,34.83,1192
2013.07.01,17:00,34.84,34.98,34.78,34.79,1362
2013.07.01,18:00,34.78,34.79,34.58,34.65,1194
2013.07.01,19:00,34.66,34.66,34.46,34.52,903
2013.07.01,20:00,34.51,34.54,34.37,34.43,1072
2013.07.01,21:00,34.42,34.57,34.39,34.54,1016
2013.07.01,22:00,34.55,34.57,34.32,34.35,1874
2013.07.02,16:00,34.41,34.43,33.99,34.28,1980
2013.07.02,17:00,34.27,34.35,34.20,34.27,1851
2013.07.02,18:00,34.28,34.30,34.07,34.19,1077
2013.07.02,19:00,34.20,34.20,33.97,34.07,1140
2013.07.02,20:00,34.06,34.07,33.82,33.88,1035
2013.07.02,21:00,33.89,33.89,33.62,33.76,1353
2013.07.02,22:00,33.75,33.99,33.74,33.93,1896
2013.07.03,16:00,33.65,33.94,33.63,33.87,1005
2013.07.03,17:00,33.86,34.08,33.76,34.01,1387
2013.07.03,18:00,34.00,34.19,33.95,34.19,1052
2013.07.03,19:00,34.18,34.36,33.99,33.99,1682
2013.07.03,20:00,34.00,34.13,34.00,34.06,53
2013.07.03,21:00,34.04,34.04,33.92,34.04,45
2013.07.03,22:00,34.00,34.06,34.00,34.04,6
2013.07.05,16:00,34.11,34.14,33.82,33.93,1484
2013.07.05,17:00,33.92,33.99,33.57,33.72,1800
2013.07.05,18:00,33.73,34.01,33.72,34.00,1184
2013.07.05,19:00,34.01,34.09,33.98,33.99,1269
2013.07.05,20:00,34.00,34.06,33.94,34.05,890
2013.07.05,21:00,34.06,34.16,34.01,34.11,894
2013.07.05,22:00,34.12,34.23,34.01,34.17,1454
2013.07.08,16:00,34.34,34.58,34.14,34.48,1573
2013.07.08,17:00,34.47,34.54,34.33,34.45,1364
2013.07.08,18:00,34.44,34.45,34.02,34.12,1481
2013.07.08,19:00,34.11,34.15,33.97,34.03,1131
2013.07.08,20:00,34.04,34.28,34.02,34.25,932
2013.07.08,21:00,34.24,34.28,34.15,34.26,751
2013.07.08,22:00,34.25,34.36,34.14,34.32,1772
2013.07.09,16:00,34.57,34.59,34.20,34.24,1093
2013.07.09,17:00,34.23,34.40,34.13,34.36,1259
2013.07.09,18:00,34.35,34.45,34.28,34.38,1008
2013.07.09,19:00,34.37,34.45,34.36,34.44,905
2013.07.09,20:00,34.45,34.45,34.30,34.34,897
2013.07.09,21:00,34.33,34.40,34.31,34.39,1173
2013.07.09,22:00,34.38,34.53,34.29,34.34,2002
2013.07.10,16:00,34.33,34.73,34.31,34.71,1048
2013.07.10,17:00,34.70,34.80,34.54,34.58,1361
2013.07.10,18:00,34.59,34.69,34.55,34.58,1060
2013.07.10,19:00,34.57,34.63,34.52,34.55,783
2013.07.10,20:00,34.54,34.68,34.51,34.64,819
2013.07.10,21:00,34.65,34.76,34.55,34.62,1438
2013.07.10,22:00,34.63,34.74,34.58,34.69,1842
2013.07.11,16:00,34.99,35.36,34.89,35.35,1682
2013.07.11,17:00,35.34,35.35,35.10,35.14,1681
2013.07.11,18:00,35.15,35.36,35.13,35.36,1525
2013.07.11,19:00,35.35,35.45,35.26,35.44,1541
2013.07.11,20:00,35.43,35.46,35.37,35.40,1133
2013.07.11,21:00,35.41,35.66,35.36,35.65,1519
2013.07.11,22:00,35.64,35.76,35.60,35.67,3241
2013.07.12,16:00,35.57,35.68,35.39,35.49,1195
2013.07.12,17:00,35.50,35.51,35.30,35.39,1764
2013.07.12,18:00,35.38,35.40,35.27,35.30,1207
2013.07.12,19:00,35.29,35.40,35.29,35.32,1004
2013.07.12,20:00,35.33,35.43,35.27,35.40,948
2013.07.12,21:00,35.39,35.53,35.37,35.48,985
2013.07.12,22:00,35.47,35.67,35.42,35.64,2594
2013.07.15,16:00,35.65,35.80,35.58,35.76,926
2013.07.15,17:00,35.77,35.99,35.72,35.96,1359
2013.07.15,18:00,35.95,35.98,35.85,35.98,1301
2013.07.15,19:00,35.97,36.14,35.95,36.08,1269
2013.07.15,20:00,36.07,36.11,36.02,36.05,1079
2013.07.15,21:00,36.04,36.08,36.01,36.05,1198
2013.07.15,22:00,36.04,36.21,36.04,36.17,2251
2013.07.16,16:00,36.01,36.19,35.95,36.16,1287
2013.07.16,17:00,36.17,36.31,36.14,36.23,1326
2013.07.16,18:00,36.22,36.24,36.10,36.24,1465
2013.07.16,19:00,36.23,36.28,36.18,36.23,867
2013.07.16,20:00,36.24,36.42,36.23,36.36,1091
2013.07.16,21:00,36.37,36.41,36.24,36.25,1082
2013.07.16,22:00,36.26,36.30,36.14,36.24,2027
2013.07.17,16:00,36.33,36.38,36.01,36.10,856
2013.07.17,17:00,36.09,36.13,35.89,35.97,1187
2013.07.17,18:00,35.96,36.05,35.86,36.04,774
2013.07.17,19:00,36.03,36.14,36.03,36.07,643
2013.07.17,20:00,36.08,36.13,35.78,35.83,907
2013.07.17,21:00,35.82,35.90,35.48,35.53,1313
2013.07.17,22:00,35.54,35.74,35.49,35.71,1542
2013.07.18,16:00,35.73,35.73,35.45,35.65,1328
2013.07.18,17:00,35.66,35.88,35.61,35.80,1510
2013.07.18,18:00,35.79,35.85,35.58,35.61,1306
2013.07.18,19:00,35.60,35.64,35.45,35.51,1502
2013.07.18,20:00,35.52,35.55,35.33,35.44,1020
2013.07.18,21:00,35.43,35.44,35.21,35.26,1697
2013.07.18,22:00,35.27,35.46,35.25,35.43,2661
2013.07.19,16:00,32.36,32.39,31.90,32.34,10779
2013.07.19,17:00,32.35,32.66,31.96,31.99,10238
2013.07.19,18:00,31.98,32.05,31.35,31.58,8506
2013.07.19,19:00,31.57,31.68,31.39,31.61,5555
2013.07.19,20:00,31.62,31.62,31.09,31.28,5528
2013.07.19,21:00,31.27,31.34,31.01,31.10,5005
2013.07.19,22:00,31.11,31.48,31.09,31.39,10438
2013.07.22,16:00,31.69,31.95,31.59,31.63,3778
2013.07.22,17:00,31.62,31.95,31.61,31.88,3326
2013.07.22,18:00,31.87,31.91,31.74,31.75,2057
2013.07.22,19:00,31.76,31.83,31.75,31.79,1547
2013.07.22,20:00,31.78,31.81,31.69,31.74,1502
2013.07.22,21:00,31.73,31.90,31.70,31.87,1828
2013.07.22,22:00,31.86,31.99,31.83,31.99,3250
2013.07.23,16:00,31.90,32.02,31.79,31.88,2059
2013.07.23,17:00,31.87,31.94,31.74,31.78,2588
2013.07.23,18:00,31.77,31.83,31.70,31.76,1658
2013.07.23,19:00,31.75,31.83,31.70,31.81,1207
2013.07.23,20:00,31.82,32.03,31.80,31.94,1697
2013.07.23,21:00,31.93,31.94,31.78,31.88,1321
2013.07.23,22:00,31.87,31.96,31.77,31.81,2105
2013.07.24,16:00,32.03,32.18,31.95,31.99,2261
2013.07.24,17:00,31.98,32.09,31.88,32.03,2303
2013.07.24,18:00,32.04,32.07,31.94,32.00,1781
2013.07.24,19:00,31.99,32.01,31.94,31.97,1147
2013.07.24,20:00,31.98,31.99,31.92,31.96,739
2013.07.24,21:00,31.97,32.02,31.92,31.97,1124
2013.07.24,22:00,31.96,32.02,31.91,31.96,1835
2013.07.25,16:00,31.60,31.63,31.41,31.56,1949
2013.07.25,17:00,31.55,31.61,31.37,31.40,1906
2013.07.25,18:00,31.39,31.40,31.24,31.33,2275
2013.07.25,19:00,31.34,31.36,31.26,31.34,1332
2013.07.25,20:00,31.35,31.42,31.33,31.38,1079
2013.07.25,21:00,31.39,31.40,31.29,31.30,1006
2013.07.25,22:00,31.29,31.40,31.26,31.37,2840
2013.07.26,16:00,31.24,31.39,31.19,31.34,1016
2013.07.26,17:00,31.33,31.41,31.28,31.31,1268
2013.07.26,18:00,31.30,31.40,31.27,31.36,1025
2013.07.26,19:00,31.37,31.43,31.34,31.39,885
2013.07.26,20:00,31.38,31.43,31.34,31.38,974
2013.07.26,21:00,31.37,31.48,31.34,31.47,1195
2013.07.26,22:00,31.48,31.61,31.40,31.61,2205
2013.07.29,16:00,31.46,31.58,31.42,31.56,1112
2013.07.29,17:00,31.55,31.58,31.44,31.55,1676
2013.07.29,18:00,31.54,31.57,31.40,31.43,1740
2013.07.29,19:00,31.44,31.49,31.39,31.48,961
2013.07.29,20:00,31.49,31.54,31.45,31.53,1227
2013.07.29,21:00,31.52,31.59,31.52,31.53,856
2013.07.29,22:00,31.52,31.57,31.47,31.54,1668
2013.07.30,16:00,31.77,31.77,31.54,31.55,1416
2013.07.30,17:00,31.56,31.74,31.55,31.71,1755
2013.07.30,18:00,31.70,32.11,31.69,32.01,1897
2013.07.30,19:00,32.02,32.02,31.82,31.83,1601
2013.07.30,20:00,31.84,31.89,31.65,31.71,1229
2013.07.30,21:00,31.70,31.77,31.68,31.73,1191
2013.07.30,22:00,31.72,31.89,31.70,31.85,2604
2013.07.31,16:00,31.96,31.99,31.78,31.81,1227
2013.07.31,17:00,31.82,32.04,31.79,31.98,1527
2013.07.31,18:00,31.99,32.02,31.91,32.00,1332
2013.07.31,19:00,32.01,32.02,31.90,31.91,1305
2013.07.31,20:00,31.90,31.96,31.89,31.91,1189
2013.07.31,21:00,31.90,31.95,31.74,31.93,1503
2013.07.31,22:00,31.94,31.94,31.70,31.83,2515
2013.08.01,16:00,32.05,32.08,31.84,31.90,1190
2013.08.01,17:00,31.91,32.00,31.74,31.74,1665
2013.08.01,18:00,31.75,31.83,31.69,31.78,1438
2013.08.01,19:00,31.77,31.79,31.67,31.69,1280
2013.08.01,20:00,31.68,31.72,31.59,31.66,1624
2013.08.01,21:00,31.65,31.72,31.64,31.67,1365
2013.08.01,22:00,31.66,31.78,31.59,31.66,2927
2013.08.02,16:00,31.68,31.71,31.56,31.64,852
2013.08.02,17:00,31.65,31.77,31.60,31.61,1344
2013.08.02,18:00,31.62,31.74,31.59,31.71,1504
2013.08.02,19:00,31.70,31.71,31.66,31.68,1077
2013.08.02,20:00,31.69,31.75,31.67,31.73,941
2013.08.02,21:00,31.72,31.84,31.72,31.80,965
2013.08.02,22:00,31.81,31.88,31.74,31.87,2021
2013.08.05,16:00,31.88,31.90,31.77,31.85,783
2013.08.05,17:00,31.84,31.99,31.82,31.88,1335
2013.08.05,18:00,31.87,31.90,31.68,31.69,1090
2013.08.05,19:00,31.70,31.75,31.68,31.71,1025
2013.08.05,20:00,31.70,31.81,31.68,31.74,1049
2013.08.05,21:00,31.73,31.77,31.68,31.69,1102
2013.08.05,22:00,31.70,31.72,31.63,31.68,1844
2013.08.06,16:00,31.54,31.66,31.47,31.53,640
2013.08.06,17:00,31.52,31.54,31.41,31.45,910
2013.08.06,18:00,31.44,31.52,31.43,31.51,925
2013.08.06,19:00,31.50,31.53,31.45,31.48,870
2013.08.06,20:00,31.49,31.50,31.38,31.39,938
2013.08.06,21:00,31.40,31.43,31.37,31.42,971
2013.08.06,22:00,31.43,31.60,31.42,31.57,1581
2013.08.07,16:00,31.53,31.55,31.42,31.45,663
2013.08.07,17:00,31.46,31.48,31.24,31.39,1646
2013.08.07,18:00,31.38,31.43,31.24,31.30,1046
2013.08.07,19:00,31.29,31.47,31.28,31.47,1005
2013.08.07,20:00,31.46,31.63,31.45,31.50,918
2013.08.07,21:00,31.51,31.89,31.49,31.88,1325
2013.08.07,22:00,31.89,32.09,31.88,32.05,3842
2013.08.08,16:00,32.23,32.31,32.10,32.18,1091
2013.08.08,17:00,32.17,32.89,32.04,32.86,4224
2013.08.08,18:00,32.87,33.02,32.66,32.75,3254
2013.08.08,19:00,32.74,33.06,32.74,32.98,1808
2013.08.08,20:00,32.97,33.04,32.91,32.95,1300
2013.08.08,21:00,32.96,32.97,32.78,32.78,1312
2013.08.08,22:00,32.79,32.94,32.77,32.89,3360
2013.08.09,16:00,32.76,32.84,32.70,32.75,930
2013.08.09,17:00,32.74,32.80,32.59,32.62,1455
2013.08.09,18:00,32.61,32.72,32.46,32.69,1923
2013.08.09,19:00,32.68,32.80,32.68,32.76,946
2013.08.09,20:00,32.77,32.89,32.74,32.84,894
2013.08.09,21:00,32.83,32.85,32.61,32.66,888
2013.08.09,22:00,32.65,32.70,32.59,32.69,1727
2013.08.12,16:00,32.45,32.82,32.45,32.67,1457
2013.08.12,17:00,32.68,32.93,32.66,32.93,1753
2013.08.12,18:00,32.92,32.96,32.81,32.87,1288
2013.08.12,19:00,32.86,32.87,32.75,32.84,929
2013.08.12,20:00,32.85,32.85,32.75,32.79,718
2013.08.12,21:00,32.78,32.84,32.75,32.83,857
2013.08.12,22:00,32.84,32.90,32.81,32.87,1758
2013.08.13,16:00,32.49,32.49,32.25,32.46,1505
2013.08.13,17:00,32.47,32.49,32.24,32.25,2245
2013.08.13,18:00,32.26,32.32,32.20,32.26,1528
2013.08.13,19:00,32.25,32.42,32.22,32.38,1164
2013.08.13,20:00,32.39,32.54,32.37,32.40,794
2013.08.13,21:00,32.39,32.43,32.24,32.28,1039
2013.08.13,22:00,32.27,32.34,32.20,32.22,1797
2013.08.14,16:00,32.13,32.42,32.09,32.22,1319
2013.08.14,17:00,32.23,32.25,31.69,31.87,2529
2013.08.14,18:00,31.86,32.01,31.82,31.92,1246
2013.08.14,19:00,31.91,31.97,31.78,31.79,1136
2013.08.14,20:00,31.80,31.95,31.74,31.94,1020
2013.08.14,21:00,31.95,32.40,31.94,32.36,1862
2013.08.14,22:00,32.37,32.47,32.24,32.33,2104
2013.08.15,16:00,31.97,32.01,31.74,31.81,1293
2013.08.15,17:00,31.80,31.88,31.65,31.76,2046
2013.08.15,18:00,31.77,31.96,31.76,31.82,1232
2013.08.15,19:00,31.83,31.96,31.81,31.83,827
2013.08.15,20:00,31.84,31.86,31.72,31.76,807
2013.08.15,21:00,31.75,31.82,31.64,31.78,1118
2013.08.15,22:00,31.79,31.82,31.67,31.77,2265
2013.08.16,16:00,31.79,31.87,31.70,31.83,1102
2013.08.16,17:00,31.84,31.88,31.72,31.85,1204
2013.08.16,18:00,31.84,31.97,31.78,31.89,1027
2013.08.16,19:00,31.88,31.89,31.79,31.86,720
2013.08.16,20:00,31.87,31.89,31.66,31.70,805
2013.08.16,21:00,31.71,31.81,31.65,31.80,936
2013.08.16,22:00,31.81,31.95,31.77,31.77,1902
2013.08.19,16:00,31.75,31.76,31.50,31.69,1187
2013.08.19,17:00,31.70,31.96,31.69,31.79,1552
2013.08.19,18:00,31.80,31.82,31.65,31.67,1015
2013.08.19,19:00,31.66,31.78,31.63,31.74,812
2013.08.19,20:00,31.75,31.75,31.67,31.73,919
2013.08.19,21:00,31.74,31.74,31.54,31.57,1021
2013.08.19,22:00,31.58,31.58,31.37,31.38,1941
2013.08.20,16:00,31.43,31.77,31.36,31.76,1050
2013.08.20,17:00,31.75,31.78,31.59,31.66,1270
2013.08.20,18:00,31.67,31.89,31.60,31.80,1445
2013.08.20,19:00,31.81,31.89,31.66,31.73,920
2013.08.20,20:00,31.74,31.80,31.61,31.64,779
2013.08.20,21:00,31.65,31.77,31.62,31.68,1103
2013.08.20,22:00,31.67,31.76,31.59,31.63,1804
2013.08.21,16:00,31.60,31.92,31.53,31.84,1043
2013.08.21,17:00,31.85,31.98,31.83,31.84,1573
2013.08.21,18:00,31.85,31.90,31.78,31.83,1076
2013.08.21,19:00,31.82,32.00,31.80,31.90,763
2013.08.21,20:00,31.91,31.91,31.79,31.80,803
2013.08.21,21:00,31.79,31.99,31.59,31.90,1629
2013.08.21,22:00,31.89,31.99,31.57,31.60,1762
2013.08.22,16:00,32.15,32.29,32.09,32.24,1912
2013.08.22,17:00,32.25,32.48,32.19,32.37,2210
2013.08.22,18:00,32.38,32.39,32.26,32.35,1938
2013.08.22,19:00,32.32,32.36,32.26,32.29,739
2013.08.22,20:00,32.28,32.29,32.28,32.29,4
2013.08.22,22:00,32.26,32.45,32.13,32.37,2671
2013.08.23,16:00,35.14,35.19,34.33,34.67,12354
2013.08.23,17:00,34.68,34.86,34.38,34.51,9596
2013.08.23,18:00,34.50,34.54,33.99,34.20,6728
2013.08.23,19:00,34.21,34.58,34.10,34.53,5546
2013.08.23,20:00,34.52,34.69,34.51,34.53,2997
2013.08.23,21:00,34.54,34.98,34.49,34.73,4235
2013.08.23,22:00,34.74,34.87,34.64,34.74,6029
2013.08.26,16:00,34.39,34.49,34.05,34.21,3458
2013.08.26,17:00,34.20,34.28,34.02,34.15,3093
2013.08.26,18:00,34.14,34.40,34.14,34.34,2035
2013.08.26,19:00,34.35,34.63,34.32,34.63,1599
2013.08.26,20:00,34.62,34.64,34.39,34.43,1542
2013.08.26,21:00,34.44,34.44,34.25,34.40,1543
2013.08.26,22:00,34.41,34.41,34.09,34.14,2794
2013.08.27,16:00,33.53,34.09,33.35,33.88,3204
2013.08.27,17:00,33.87,33.91,33.54,33.67,2176
2013.08.27,18:00,33.68,33.78,33.57,33.61,1984
2013.08.27,19:00,33.60,33.61,33.43,33.54,1671
2013.08.27,20:00,33.55,33.57,33.37,33.41,1077
2013.08.27,21:00,33.42,33.43,33.23,33.36,1581
2013.08.27,22:00,33.37,33.46,33.14,33.23,3316
2013.08.28,16:00,33.35,33.59,33.24,33.37,1394
2013.08.28,17:00,33.38,33.47,33.25,33.25,1503
2013.08.28,18:00,33.26,33.37,33.21,33.31,1479
2013.08.28,19:00,33.30,33.32,33.20,33.25,1119
2013.08.28,20:00,33.24,33.30,33.20,33.25,1047
2013.08.28,21:00,33.24,33.30,33.02,33.06,1284
2013.08.28,22:00,33.05,33.16,32.99,33.01,2600
2013.08.29,16:00,32.93,33.26,32.79,33.20,1593
2013.08.29,17:00,33.19,33.34,33.17,33.28,1536
2013.08.29,18:00,33.29,33.59,33.25,33.49,1616
2013.08.29,19:00,33.50,33.50,33.29,33.40,1412
2013.08.29,20:00,33.39,33.41,33.26,33.34,1243
2013.08.29,21:00,33.33,33.44,33.33,33.40,1536
2013.08.29,22:00,33.41,33.55,33.32,33.54,3123
2013.08.30,16:00,33.36,33.47,33.24,33.29,1274
2013.08.30,17:00,33.28,33.33,33.08,33.19,1407
2013.08.30,18:00,33.18,33.30,33.18,33.25,1213
2013.08.30,19:00,33.24,33.28,33.16,33.21,898
2013.08.30,20:00,33.20,33.45,33.12,33.37,1341
2013.08.30,21:00,33.36,33.44,33.33,33.38,730
2013.08.30,22:00,33.39,33.44,33.26,33.39,2405
2013.09.03,16:00,31.74,32.06,31.64,31.89,6633
2013.09.03,17:00,31.88,31.93,31.32,31.40,7597
2013.09.03,18:00,31.39,31.47,31.28,31.32,4731
2013.09.03,19:00,31.31,31.49,31.30,31.41,2641
2013.09.03,20:00,31.40,31.58,31.33,31.55,2250
2013.09.03,21:00,31.56,31.72,31.46,31.70,2901
2013.09.03,22:00,31.69,31.87,31.60,31.86,4896
2013.09.04,16:00,31.38,31.46,31.24,31.31,4613
2013.09.04,17:00,31.32,31.33,31.10,31.21,6670
2013.09.04,18:00,31.20,31.25,31.12,31.22,3160
2013.09.04,19:00,31.21,31.24,31.18,31.22,2687
2013.09.04,20:00,31.23,31.26,31.16,31.17,2099
2013.09.04,21:00,31.19,31.24,31.16,31.18,2349
2013.09.04,22:00,31.19,31.24,31.14,31.18,4614
2013.09.05,16:00,31.11,31.30,30.94,31.29,2990
2013.09.05,17:00,31.28,31.31,31.17,31.21,2343
2013.09.05,18:00,31.22,31.35,31.21,31.34,1900
2013.09.05,19:00,31.35,31.43,31.32,31.40,1391
2013.09.05,20:00,31.41,31.42,31.34,31.36,1081
2013.09.05,21:00,31.35,31.41,31.35,31.41,1528
2013.09.05,22:00,31.40,31.42,31.21,31.23,3870
2013.09.06,16:00,31.30,31.38,31.20,31.26,1911
2013.09.06,17:00,31.25,31.31,31.12,31.29,2240
2013.09.06,18:00,31.28,31.36,31.20,31.24,1915
2013.09.06,19:00,31.25,31.28,31.20,31.25,1359
2013.09.06,20:00,31.24,31.30,31.20,31.27,1622
2013.09.06,21:00,31.26,31.28,31.21,31.24,1680
2013.09.06,22:00,31.25,31.25,31.14,31.14,2486
2013.09.09,16:00,31.21,31.47,31.19,31.44,1707
2013.09.09,17:00,31.45,31.47,31.32,31.36,2454
2013.09.09,18:00,31.35,31.48,31.33,31.44,1498
2013.09.09,19:00,31.45,31.62,31.44,31.59,1928
2013.09.09,20:00,31.58,31.61,31.55,31.59,1409
2013.09.09,21:00,31.58,31.73,31.45,31.64,1486
2013.09.09,22:00,31.65,31.78,31.64,31.64,2495
2013.09.10,16:00,31.89,32.36,31.78,32.29,2081
2013.09.10,17:00,32.30,32.33,32.09,32.15,2867
2013.09.10,18:00,32.16,32.33,32.14,32.22,1949
2013.09.10,19:00,32.21,32.26,32.16,32.19,1407
2013.09.10,20:00,32.18,32.34,32.13,32.32,1406
2013.09.10,21:00,32.31,32.34,32.21,32.30,1985
2013.09.10,22:00,32.29,32.39,32.26,32.37,2844
2013.09.11,16:00,32.54,32.79,32.52,32.69,1797
2013.09.11,17:00,32.68,32.83,32.65,32.83,1928
2013.09.11,18:00,32.82,32.92,32.76,32.83,2008
2013.09.11,19:00,32.84,32.89,32.76,32.84,1126
2013.09.11,20:00,32.85,32.86,32.78,32.79,1016
2013.09.11,21:00,32.80,32.85,32.77,32.80,1197
2013.09.11,22:00,32.79,32.81,32.71,32.74,2587
2013.09.12,16:00,32.71,32.77,32.66,32.72,764
2013.09.12,17:00,32.73,32.75,32.60,32.63,1461
2013.09.12,18:00,32.62,32.67,32.58,32.66,1101
2013.09.12,19:00,32.65,32.69,32.60,32.68,848
2013.09.12,20:00,32.67,32.75,32.63,32.63,869
2013.09.12,21:00,32.64,32.70,32.62,32.69,900
2013.09.12,22:00,32.70,32.70,32.59,32.70,2633
2013.09.13,16:00,32.76,32.82,32.52,32.59,934
2013.09.13,17:00,32.58,32.70,32.50,32.55,1444
2013.09.13,18:00,32.56,32.73,32.55,32.73,1062
2013.09.13,19:00,32.72,32.83,32.69,32.74,956
2013.09.13,20:00,32.75,33.06,32.75,33.03,1296
2013.09.13,21:00,33.02,33.04,32.90,32.98,1276
2013.09.13,22:00,32.99,33.04,32.82,33.02,2217
2013.09.16,16:00,33.37,33.49,33.14,33.20,1683
2013.09.16,17:00,33.21,33.33,33.16,33.30,2172
2013.09.16,18:00,33.31,33.37,33.09,33.10,1566
2013.09.16,19:00,33.09,33.12,32.75,32.75,1614
2013.09.16,20:00,32.76,32.96,32.75,32.94,1962
2013.09.16,21:00,32.93,32.98,32.80,32.80,1486
2013.09.16,22:00,32.81,32.93,32.72,32.79,2982
2013.09.17,16:00,33.41,33.46,32.95,32.96,3845
2013.09.17,17:00,32.95,33.09,32.89,33.02,3091
2013.09.17,18:00,33.03,33.12,32.95,33.02,1983
2013.09.17,19:00,33.03,33.09,32.98,33.00,1202
2013.09.17,20:00,32.99,33.04,32.91,32.96,1378
2013.09.17,21:00,32.97,33.00,32.92,32.99,1219
2013.09.17,22:00,32.98,33.02,32.90,32.92,2612
2013.09.18,16:00,32.98,33.08,32.85,33.04,1445
2013.09.18,17:00,33.05,33.17,32.89,33.09,2086
2013.09.18,18:00,33.08,33.14,32.91,33.00,1459
2013.09.18,19:00,33.01,33.02,32.94,32.95,1099
2013.09.18,20:00,32.96,32.99,32.82,32.92,1486
2013.09.18,21:00,32.93,33.34,32.93,33.34,1870
2013.09.18,22:00,33.33,33.39,33.17,33.32,2994
2013.09.19,16:00,33.47,33.67,33.42,33.63,1627
2013.09.19,17:00,33.64,33.64,33.40,33.49,1668
2013.09.19,18:00,33.48,33.52,33.40,33.49,1336
2013.09.19,19:00,33.48,33.53,33.46,33.48,1167
2013.09.19,20:00,33.49,33.52,33.32,33.32,1160
2013.09.19,21:00,33.31,33.52,33.31,33.52,1003
2013.09.19,22:00,33.51,33.67,33.48,33.62,2567
2013.09.20,16:00,33.40,33.43,32.94,33.04,3261
2013.09.20,17:00,33.03,33.11,32.90,32.93,2502
2013.09.20,18:00,32.92,32.93,32.68,32.72,2900
2013.09.20,19:00,32.71,32.86,32.71,32.84,2071
2013.09.20,20:00,32.85,32.86,32.69,32.83,2071
2013.09.20,21:00,32.84,32.96,32.76,32.85,2153
2013.09.20,22:00,32.86,32.96,32.77,32.79,3343
2013.09.23,16:00,32.53,32.96,32.50,32.72,1686
2013.09.23,17:00,32.73,32.91,32.72,32.78,1670
2013.09.23,18:00,32.77,32.84,32.71,32.82,1295
2013.09.23,19:00,32.81,32.88,32.77,32.78,903
2013.09.23,20:00,32.79,32.83,32.69,32.81,1146
2013.09.23,21:00,32.82,32.84,32.71,32.79,1548
2013.09.23,22:00,32.78,32.79,32.64,32.73,2323
2013.09.24,16:00,32.86,32.86,32.32,32.32,1346
2013.09.24,17:00,32.33,32.49,32.14,32.42,2527
2013.09.24,18:00,32.43,32.53,32.37,32.46,1388
2013.09.24,19:00,32.45,32.53,32.42,32.51,1102
2013.09.24,20:00,32.50,32.64,32.49,32.51,1281
2013.09.24,21:00,32.52,32.52,32.43,32.48,1325
2013.09.24,22:00,32.47,32.52,32.35,32.45,2932
2013.09.25,16:00,32.48,32.67,32.45,32.65,935
2013.09.25,17:00,32.66,32.66,32.41,32.59,1088
2013.09.25,18:00,32.60,32.79,32.49,32.68,1123
2013.09.25,19:00,32.69,32.72,32.51,32.55,1066
2013.09.25,20:00,32.56,32.59,32.39,32.48,894
2013.09.25,21:00,32.47,32.59,32.42,32.53,810
2013.09.25,22:00,32.52,32.62,32.47,32.50,1601
2013.09.26,16:00,32.63,32.93,32.61,32.91,983
2013.09.26,17:00,32.90,32.99,32.75,32.76,1418
2013.09.26,18:00,32.75,32.80,32.70,32.73,1003
2013.09.26,19:00,32.74,32.96,32.73,32.94,898
2013.09.26,20:00,32.93,32.95,32.82,32.86,558
2013.09.26,21:00,32.87,32.87,32.77,32.80,666
2013.09.26,22:00,32.79,32.85,32.76,32.76,1401
2013.09.27,16:00,32.87,33.24,32.86,33.11,1876
2013.09.27,17:00,33.12,33.63,33.07,33.58,2543
2013.09.27,18:00,33.59,33.72,33.45,33.71,1924
2013.09.27,19:00,33.70,33.74,33.63,33.65,1502
2013.09.27,20:00,33.64,33.67,33.43,33.44,1387
2013.09.27,21:00,33.43,33.44,33.27,33.39,910
2013.09.27,22:00,33.40,33.40,33.21,33.27,2225
2013.09.30,16:00,32.81,32.89,32.69,32.73,1500
2013.09.30,17:00,32.72,32.95,32.72,32.87,1294
2013.09.30,18:00,32.86,33.10,32.84,33.10,1125
2013.09.30,19:00,33.09,33.10,32.95,32.99,773
2013.09.30,20:00,33.00,33.14,33.00,33.09,824
2013.09.30,21:00,33.10,33.19,33.06,33.18,930
2013.09.30,22:00,33.17,33.30,33.03,33.30,2301
2013.10.01,16:00,33.34,33.54,33.30,33.40,1687
2013.10.01,17:00,33.39,33.59,33.32,33.58,1535
2013.10.01,18:00,33.57,33.60,33.44,33.50,1244
2013.10.01,19:00,33.49,33.55,33.34,33.40,1016
2013.10.01,20:00,33.41,33.51,33.36,33.37,808
2013.10.01,21:00,33.38,33.45,33.33,33.40,940
2013.10.01,22:00,33.39,33.59,33.34,33.57,2687
2013.10.02,16:00,33.35,33.56,33.29,33.47,1284
2013.10.02,17:00,33.46,33.61,33.41,33.54,2244
2013.10.02,18:00,33.53,33.78,33.53,33.77,1753
2013.10.02,19:00,33.76,33.89,33.75,33.89,1750
2013.10.02,20:00,33.88,33.99,33.81,33.96,1552
2013.10.02,21:00,33.95,34.01,33.90,33.94,1749
2013.10.02,22:00,33.95,34.02,33.88,33.90,2164
2013.10.03,16:00,33.87,33.99,33.81,33.95,1127
2013.10.03,17:00,33.94,33.98,33.61,33.79,1462
2013.10.03,18:00,33.78,33.94,33.43,33.46,1425
2013.10.03,19:00,33.47,33.62,33.41,33.56,1314
2013.10.03,20:00,33.57,33.82,33.52,33.76,1100
2013.10.03,21:00,33.75,33.78,33.49,33.65,1227
2013.10.03,22:00,33.64,33.86,33.61,33.86,2474
2013.10.04,16:00,33.68,33.83,33.66,33.76,938
2013.10.04,17:00,33.77,33.84,33.67,33.68,1095
2013.10.04,18:00,33.67,33.83,33.61,33.83,802
2013.10.04,19:00,33.74,33.97,33.74,33.88,982
2013.10.04,20:00,33.89,33.91,33.78,33.85,789
2013.10.04,21:00,33.86,33.98,33.84,33.96,1184
2013.10.04,22:00,33.95,33.97,33.83,33.86,2705
2013.10.07,16:00,33.59,33.70,33.37,33.56,1536
2013.10.07,17:00,33.57,33.66,33.45,33.57,1185
2013.10.07,18:00,33.58,33.58,33.47,33.48,866
2013.10.07,19:00,33.49,33.51,33.29,33.33,1280
2013.10.07,20:00,33.34,33.46,33.30,33.44,1023
2013.10.07,21:00,33.43,33.47,33.33,33.44,951
2013.10.07,22:00,33.45,33.45,33.19,33.29,2215
2013.10.08,16:00,33.31,33.32,33.00,33.19,1275
2013.10.08,17:00,33.20,33.21,32.89,32.93,1289
2013.10.08,18:00,32.94,33.11,32.81,32.89,1591
2013.10.08,19:00,32.90,33.00,32.79,32.99,1069
2013.10.08,20:00,32.98,33.06,32.88,32.91,1021
2013.10.08,21:00,32.90,32.95,32.79,32.95,1178
2013.10.08,22:00,32.96,33.15,32.94,33.00,2174
2013.10.09,16:00,33.06,33.34,33.00,33.28,989
2013.10.09,17:00,33.29,33.32,33.00,33.01,1379
2013.10.09,18:00,33.02,33.29,32.95,33.15,1252
2013.10.09,19:00,33.14,33.19,32.97,33.00,945
2013.10.09,20:00,33.01,33.32,33.00,33.17,964
2013.10.09,21:00,33.16,33.22,33.09,33.15,1062
2013.10.09,22:00,33.16,33.26,33.04,33.07,1874
2013.10.10,16:00,33.30,33.54,33.25,33.41,1285
2013.10.10,17:00,33.42,33.58,33.34,33.43,1289
2013.10.10,18:00,33.42,33.48,33.31,33.45,958
2013.10.10,19:00,33.44,33.48,33.36,33.47,669
2013.10.10,20:00,33.46,33.50,33.33,33.35,742
2013.10.10,21:00,33.34,33.66,33.25,33.65,1173
2013.10.10,22:00,33.66,33.88,33.64,33.74,2828
2013.10.11,16:00,33.67,33.98,33.67,33.92,1017
2013.10.11,17:00,33.93,33.98,33.73,33.92,1023
2013.10.11,18:00,33.91,34.05,33.85,34.05,1050
2013.10.11,19:00,34.04,34.12,33.99,34.01,988
2013.10.11,20:00,34.02,34.05,33.95,34.02,725
2013.10.11,21:00,34.01,34.08,33.98,34.01,616
2013.10.11,22:00,34.02,34.13,33.99,34.12,1878
2013.10.14,16:00,33.94,33.99,33.77,33.97,899
2013.10.14,17:00,33.98,34.24,33.86,34.18,1098
2013.10.14,18:00,34.19,34.34,34.17,34.33,891
2013.10.14,19:00,34.32,34.34,34.23,34.30,766
2013.10.14,20:00,34.31,34.37,34.27,34.36,664
2013.10.14,21:00,34.35,34.48,34.33,34.43,1073
2013.10.14,22:00,34.42,34.49,34.37,34.46,1884
2013.10.15,16:00,34.66,34.97,34.52,34.95,1726
2013.10.15,17:00,34.96,34.98,34.80,34.83,2272
2013.10.15,18:00,34.82,34.96,34.79,34.83,1736
2013.10.15,19:00,34.82,34.86,34.76,34.79,1109
2013.10.15,20:00,34.80,34.80,34.67,34.68,1090
2013.10.15,21:00,34.69,34.74,34.48,34.50,1472
2013.10.15,22:00,34.51,34.61,34.46,34.48,1996
2013.10.16,16:00,34.59,34.84,34.55,34.75,1577
2013.10.16,17:00,34.76,34.80,34.56,34.78,1809
2013.10.16,18:00,34.77,34.89,34.75,34.81,1220
2013.10.16,19:00,34.82,34.87,34.75,34.79,1008
2013.10.16,20:00,34.80,34.81,34.67,34.68,678
2013.10.16,21:00,34.67,34.72,34.65,34.67,760
2013.10.16,22:00,34.68,34.69,34.61,34.63,2136
2013.10.17,16:00,34.44,34.73,34.36,34.70,1312
2013.10.17,17:00,34.71,34.91,34.70,34.83,1492
2013.10.17,18:00,34.84,34.96,34.79,34.92,1208
2013.10.17,19:00,34.90,34.98,34.86,34.98,968
2013.10.17,20:00,34.97,34.98,34.88,34.89,950
2013.10.17,21:00,34.90,34.94,34.79,34.91,1056
2013.10.17,22:00,34.90,34.96,34.87,34.91,2385
2013.10.18,16:00,34.81,34.81,34.32,34.55,2124
2013.10.18,17:00,34.56,34.79,34.49,34.76,1677
2013.10.18,18:00,34.75,34.82,34.59,34.70,1179
2013.10.18,19:00,34.69,34.77,34.67,34.74,768
2013.10.18,20:00,34.75,34.95,34.74,34.95,842
2013.10.18,21:00,34.94,34.95,34.84,34.85,957
2013.10.18,22:00,34.86,34.98,34.83,34.95,2125
2013.10.21,16:00,34.96,35.19,34.96,35.19,1528
2013.10.21,17:00,35.18,35.19,34.96,35.00,1285
2013.10.21,18:00,35.01,35.09,34.96,35.01,990
2013.10.21,19:00,35.02,35.11,35.01,35.09,869
2013.10.21,20:00,35.10,35.14,35.06,35.08,711
2013.10.21,21:00,35.09,35.09,34.95,34.99,1266
2013.10.21,22:00,35.00,35.02,34.90,34.98,1635
2013.10.22,16:00,35.01,35.09,34.71,34.92,1309
2013.10.22,17:00,34.93,34.98,34.69,34.87,1739
2013.10.22,18:00,34.88,34.94,34.68,34.82,1496
2013.10.22,19:00,34.81,34.84,34.74,34.77,794
2013.10.22,20:00,34.78,34.82,34.56,34.66,1231
2013.10.22,21:00,34.65,34.70,34.57,34.59,1042
2013.10.22,22:00,34.60,34.64,34.51,34.56,2444
2013.10.23,16:00,34.33,34.48,34.10,34.21,1405
2013.10.23,17:00,34.20,34.29,33.90,33.96,2402
2013.10.23,18:00,33.95,34.02,33.74,33.98,1864
2013.10.23,19:00,33.97,34.09,33.87,34.08,996
2013.10.23,20:00,34.07,34.15,34.01,34.03,979
2013.10.23,21:00,34.02,34.08,33.93,33.97,1227
2013.10.23,22:00,33.96,33.98,33.66,33.75,3025
2013.10.24,16:00,33.79,33.86,33.56,33.71,1782
2013.10.24,17:00,33.70,34.09,33.70,34.00,1906
2013.10.24,18:00,34.01,34.07,33.93,33.96,1089
2013.10.24,19:00,33.95,34.07,33.90,34.04,1199
2013.10.24,20:00,34.05,34.07,33.98,34.00,1232
2013.10.24,21:00,33.99,34.00,33.91,33.93,1442
2013.10.24,22:00,33.92,33.93,33.71,33.71,3187
2013.10.25,16:00,35.88,36.18,35.68,36.12,6340
2013.10.25,17:00,36.11,36.28,35.85,35.87,5027
2013.10.25,18:00,35.88,35.91,35.54,35.59,3096
2013.10.25,19:00,35.60,35.70,35.46,35.60,1876
2013.10.25,20:00,35.59,35.87,35.59,35.83,1879
2013.10.25,21:00,35.84,35.96,35.80,35.89,2147
2013.10.25,22:00,35.88,35.94,35.65,35.71,4565
2013.10.28,15:00,35.63,35.72,35.30,35.31,1927
2013.10.28,16:00,35.32,35.39,35.26,35.32,1996
2013.10.28,17:00,35.31,35.48,35.28,35.44,1618
2013.10.28,18:00,35.45,35.53,35.37,35.49,1476
2013.10.28,19:00,35.48,35.53,35.45,35.49,1127
2013.10.28,20:00,35.50,35.58,35.47,35.51,1328
2013.10.28,21:00,35.52,35.58,35.43,35.58,2765
2013.10.29,15:00,35.62,35.71,35.29,35.37,1304
2013.10.29,16:00,35.38,35.44,35.25,35.35,1832
2013.10.29,17:00,35.34,35.45,35.34,35.45,1199
2013.10.29,18:00,35.44,35.55,35.43,35.53,1101
2013.10.29,19:00,35.54,35.56,35.51,35.54,953
2013.10.29,20:00,35.55,35.62,35.53,35.60,971
2013.10.29,21:00,35.61,35.61,35.48,35.52,2367
2013.10.30,15:00,35.54,35.68,35.54,35.63,929
2013.10.30,16:00,35.64,35.78,35.57,35.69,1369
2013.10.30,17:00,35.68,35.73,35.48,35.55,1079
2013.10.30,18:00,35.54,35.68,35.54,35.67,914
2013.10.30,19:00,35.66,35.68,35.58,35.66,1045
2013.10.30,20:00,35.65,35.76,35.42,35.59,1499
2013.10.30,21:00,35.60,35.72,35.51,35.53,2023
2013.10.31,15:00,35.65,35.67,35.33,35.44,1209
2013.10.31,16:00,35.43,35.68,35.40,35.63,1463
2013.10.31,17:00,35.62,35.66,35.54,35.58,1191
2013.10.31,18:00,35.57,35.63,35.49,35.52,934
2013.10.31,19:00,35.51,35.54,35.50,35.51,954
2013.10.31,20:00,35.52,35.60,35.50,35.51,1027
2013.10.31,21:00,35.52,35.56,35.35,35.35,2303
2013.11.01,15:00,35.67,35.67,35.52,35.62,1135
2013.11.01,16:00,35.63,35.65,35.50,35.53,1269
2013.11.01,17:00,35.54,35.56,35.38,35.39,1148
2013.11.01,18:00,35.40,35.53,35.39,35.47,1403
2013.11.01,19:00,35.46,35.55,35.39,35.52,1124
2013.11.01,20:00,35.53,35.56,35.49,35.50,1126
2013.11.01,21:00,35.51,35.59,35.48,35.51,2431
2013.11.04,16:00,35.58,35.73,35.54,35.72,803
2013.11.04,17:00,35.71,35.97,35.67,35.76,1235
2013.11.04,18:00,35.77,35.80,35.67,35.73,984
2013.11.04,19:00,35.74,35.82,35.71,35.76,697
2013.11.04,20:00,35.75,35.87,35.72,35.85,722
2013.11.04,21:00,35.84,35.94,35.83,35.87,1006
2013.11.04,22:00,35.86,35.94,35.85,35.94,1054
2013.11.05,16:00,35.78,36.48,35.76,36.25,2201
2013.11.05,17:00,36.24,36.48,36.16,36.39,2280
2013.11.05,18:00,36.40,36.46,36.31,36.43,1931
2013.11.05,19:00,36.42,36.62,36.42,36.58,1793
2013.11.05,20:00,36.57,36.64,36.42,36.43,1307
2013.11.05,21:00,36.42,36.50,36.31,36.49,1642
2013.11.05,22:00,36.50,36.70,36.48,36.62,3351
2013.11.06,16:00,37.20,37.76,37.05,37.65,3961
2013.11.06,17:00,37.66,37.76,37.42,37.64,3445
2013.11.06,18:00,37.65,38.03,37.50,37.98,2852
2013.11.06,19:00,37.97,38.07,37.82,37.91,2447
2013.11.06,20:00,37.90,37.98,37.84,37.84,2201
2013.11.06,21:00,37.85,38.19,37.84,38.10,2382
2013.11.06,22:00,38.09,38.21,37.97,38.14,4804
2013.11.07,16:00,37.95,38.00,37.68,37.77,1683
2013.11.07,17:00,37.76,37.92,37.69,37.84,2022
2013.11.07,18:00,37.85,37.88,37.61,37.72,1463
2013.11.07,19:00,37.73,37.76,37.62,37.69,1112
2013.11.07,20:00,37.68,37.77,37.62,37.62,992
2013.11.07,21:00,37.63,37.65,37.42,37.60,1295
2013.11.07,22:00,37.59,37.62,37.48,37.54,2100
2013.11.08,16:00,37.67,37.74,37.34,37.39,1424
2013.11.08,17:00,37.38,37.68,37.33,37.58,1683
2013.11.08,18:00,37.59,37.63,37.45,37.55,1164
2013.11.08,19:00,37.56,37.60,37.52,37.55,884
2013.11.08,20:00,37.56,37.59,37.52,37.54,936
2013.11.08,21:00,37.55,37.62,37.54,37.59,1144
2013.11.08,22:00,37.58,37.77,37.48,37.75,2540
2013.11.11,16:00,37.68,37.76,37.51,37.62,1294
2013.11.11,17:00,37.63,37.63,37.34,37.56,1438
2013.11.11,18:00,37.57,37.59,37.39,37.57,1431
2013.11.11,19:00,37.56,37.57,37.49,37.52,683
2013.11.11,20:00,37.53,37.76,37.49,37.69,734
2013.11.11,21:00,37.70,37.73,37.65,37.68,643
2013.11.11,22:00,37.67,37.69,37.56,37.57,1577
2013.11.12,16:00,37.37,37.55,37.20,37.43,1041
2013.11.12,17:00,37.44,37.58,37.37,37.47,1113
2013.11.12,18:00,37.48,37.50,37.35,37.40,1057
2013.11.12,19:00,37.41,37.45,37.34,37.36,865
2013.11.12,20:00,37.37,37.42,37.30,37.31,678
2013.11.12,21:00,37.32,37.37,37.27,37.36,867
2013.11.12,22:00,37.37,37.38,37.30,37.35,2054
2013.11.13,16:00,36.89,37.13,36.89,37.04,1521
2013.11.13,17:00,37.03,37.21,37.00,37.18,1296
2013.11.13,18:00,37.17,37.18,36.95,37.14,961
2013.11.13,19:00,37.13,37.56,37.11,37.56,1130
2013.11.13,20:00,37.55,37.69,37.45,37.66,842
2013.11.13,21:00,37.67,37.73,37.65,37.71,1009
2013.11.13,22:00,37.70,38.15,37.70,38.15,2916
2013.11.14,16:00,37.86,38.12,37.71,37.88,1883
2013.11.14,17:00,37.87,37.95,37.71,37.79,1996
2013.11.14,18:00,37.80,37.99,37.74,37.91,1059
2013.11.14,19:00,37.94,37.96,37.83,37.86,873
2013.11.14,20:00,37.85,37.88,37.82,37.87,840
2013.11.14,21:00,37.88,37.98,37.85,37.94,1082
2013.11.14,22:00,37.95,38.07,37.93,38.01,1609
2013.11.15,16:00,37.94,38.01,37.90,37.97,875
2013.11.15,17:00,37.98,37.99,37.86,37.91,1191
2013.11.15,18:00,37.90,37.92,37.79,37.81,1162
2013.11.15,19:00,37.82,37.83,37.71,37.72,1021
2013.11.15,20:00,37.73,37.82,37.72,37.79,986
2013.11.15,21:00,37.80,37.82,37.76,37.79,966
2013.11.15,22:00,37.78,37.86,37.76,37.86,2121
2013.11.18,16:00,37.34,37.57,37.21,37.41,2704
2013.11.18,17:00,37.42,37.45,37.25,37.35,2381
2013.11.18,18:00,37.36,37.42,37.27,37.30,1691
2013.11.18,19:00,37.29,37.43,37.27,37.36,1228
2013.11.18,20:00,37.37,37.42,37.33,37.38,986
2013.11.18,21:00,37.39,37.41,37.25,37.33,1210
2013.11.18,22:00,37.32,37.34,37.06,37.20,2838
2013.11.19,16:00,36.84,37.22,36.71,37.14,2021
2013.11.19,17:00,37.13,37.17,36.83,36.92,1719
2013.11.19,18:00,36.91,37.01,36.83,36.90,1356
2013.11.19,19:00,36.89,37.09,36.86,36.89,1532
2013.11.19,20:00,36.88,36.93,36.75,36.79,1840
2013.11.19,21:00,36.80,36.85,36.78,36.83,1523
2013.11.19,22:00,36.84,36.90,36.66,36.72,2664
2013.11.20,16:00,36.89,37.16,36.85,37.09,1342
2013.11.20,17:00,37.10,37.40,37.06,37.32,1645
2013.11.20,18:00,37.31,37.36,37.19,37.31,1346
2013.11.20,19:00,37.30,37.37,37.15,37.16,956
2013.11.20,20:00,37.17,37.20,37.11,37.15,692
2013.11.20,21:00,37.14,37.19,36.99,37.06,1385
2013.11.20,22:00,37.07,37.18,36.94,37.06,2060
2013.11.21,16:00,37.26,37.49,37.25,37.45,980
2013.11.21,17:00,37.46,37.52,37.34,37.40,1178
2013.11.21,18:00,37.41,37.42,37.26,37.28,882
2013.11.21,19:00,37.29,37.43,37.28,37.33,778
2013.11.21,20:00,37.32,37.50,37.28,37.44,915
2013.11.21,21:00,37.45,37.48,37.34,37.37,871
2013.11.21,22:00,37.38,37.43,37.35,37.39,2078
2013.11.22,16:00,37.51,37.53,37.33,37.47,748
2013.11.22,17:00,37.46,37.53,37.39,37.41,1271
2013.11.22,18:00,37.42,37.63,37.41,37.61,1083
2013.11.22,19:00,37.62,37.67,37.56,37.61,768
2013.11.22,20:00,37.60,37.61,37.46,37.51,1016
2013.11.22,21:00,37.52,37.66,37.50,37.54,1068
2013.11.22,22:00,37.52,37.61,37.50,37.54,2016
2013.11.25,16:00,37.92,37.94,37.69,37.77,1083
2013.11.25,17:00,37.76,37.84,37.71,37.74,1255
2013.11.25,18:00,37.75,37.76,37.62,37.67,943
2013.11.25,19:00,37.68,37.68,37.56,37.65,702
2013.11.25,20:00,37.66,37.71,37.61,37.68,541
2013.11.25,21:00,37.67,37.73,37.67,37.70,744
2013.11.25,22:00,37.71,37.71,37.60,37.64,1453
2013.11.26,16:00,37.54,37.64,37.45,37.50,834
2013.11.26,17:00,37.51,37.56,37.42,37.52,1065
2013.11.26,18:00,37.53,37.60,37.48,37.49,936
2013.11.26,19:00,37.50,37.56,37.48,37.52,672
2013.11.26,20:00,37.51,37.57,37.50,37.55,714
2013.11.26,21:00,37.54,37.61,37.53,37.56,779
2013.11.26,22:00,37.57,37.59,37.36,37.36,2237
2013.11.27,16:00,37.56,37.75,37.48,37.72,1047
2013.11.27,17:00,37.70,37.72,37.62,37.69,948
2013.11.27,18:00,37.68,37.71,37.57,37.62,831
2013.11.27,19:00,37.63,37.68,37.59,37.62,775
2013.11.27,20:00,37.61,37.67,37.60,37.63,686
2013.11.27,21:00,37.64,37.71,37.62,37.68,835
2013.11.27,22:00,37.69,37.69,37.57,37.61,1630
2013.11.29,16:00,37.81,38.18,37.81,38.14,1060
2013.11.29,17:00,38.15,38.28,38.10,38.24,1372
2013.11.29,18:00,38.23,38.28,38.13,38.14,1152
2013.11.29,19:00,38.15,38.23,38.09,38.12,1856
2013.12.02,16:00,38.08,38.48,38.05,38.36,1397
2013.12.02,17:00,38.35,38.48,38.14,38.36,1781
2013.12.02,18:00,38.37,38.53,38.35,38.52,1100
2013.12.02,19:00,38.53,38.77,38.50,38.51,1215
2013.12.02,20:00,38.50,38.55,38.43,38.48,961
2013.12.02,21:00,38.49,38.52,38.43,38.50,917
2013.12.02,22:00,38.49,38.50,38.33,38.45,2411
2013.12.03,16:00,38.13,38.48,38.07,38.35,2100
2013.12.03,17:00,38.36,38.46,38.23,38.30,2392
2013.12.03,18:00,38.31,38.35,38.24,38.28,1856
2013.12.03,19:00,38.29,38.32,38.22,38.24,1061
2013.12.03,20:00,38.25,38.29,38.22,38.24,1092
2013.12.03,21:00,38.25,38.29,38.23,38.26,1085
2013.12.03,22:00,38.25,38.32,38.24,38.29,2401
2013.12.04,16:00,38.20,38.52,38.11,38.52,1123
2013.12.04,17:00,38.51,38.91,38.51,38.85,2540
2013.12.04,18:00,38.84,38.90,38.72,38.79,1348
2013.12.04,19:00,38.80,38.83,38.72,38.74,983
2013.12.04,20:00,38.75,38.77,38.47,38.49,1251
2013.12.04,21:00,38.48,38.73,38.48,38.71,1338
2013.12.04,22:00,38.70,38.97,38.66,38.97,2662
2013.12.05,16:00,38.84,38.87,38.58,38.59,1192
2013.12.05,17:00,38.60,38.69,37.51,37.76,8880
2013.12.05,18:00,37.75,37.82,37.17,37.37,6849
2013.12.05,19:00,37.38,37.91,37.37,37.82,6455
2013.12.05,20:00,37.83,37.94,37.74,37.82,1907
2013.12.05,21:00,37.83,37.92,37.77,37.90,1526
2013.12.05,22:00,37.91,38.00,37.79,38.00,3160
2013.12.06,16:00,38.38,38.42,38.09,38.18,1525
2013.12.06,17:00,38.17,38.22,37.99,38.01,1700
2013.12.06,18:00,38.10,38.36,38.08,38.36,1218
2013.12.06,19:00,38.35,38.54,38.28,38.53,969
2013.12.06,20:00,38.52,38.54,38.25,38.25,1081
2013.12.06,21:00,38.26,38.32,38.21,38.26,1042
2013.12.06,22:00,38.25,38.37,38.20,38.31,2573
2013.12.09,16:00,38.55,38.67,38.36,38.58,1276
2013.12.09,17:00,38.59,38.79,38.58,38.73,1943
2013.12.09,18:00,38.72,38.73,38.55,38.55,1590
2013.12.09,19:00,38.56,38.73,38.51,38.72,1353
2013.12.09,20:00,38.73,38.86,38.71,38.82,1089
2013.12.09,21:00,38.81,38.82,38.62,38.63,1223
2013.12.09,22:00,38.62,38.73,38.59,38.68,1982
2013.12.10,16:00,38.60,38.89,38.40,38.50,1418
2013.12.10,17:00,38.49,38.50,38.09,38.19,1591
2013.12.10,18:00,38.20,38.32,38.01,38.12,1758
2013.12.10,19:00,38.11,38.28,38.03,38.24,1224
2013.12.10,20:00,38.23,38.24,38.11,38.15,910
2013.12.10,21:00,38.16,38.21,38.12,38.15,1074
2013.12.10,22:00,38.14,38.21,38.07,38.10,2098
2013.12.11,16:00,38.05,38.29,37.86,37.94,1393
2013.12.11,17:00,37.93,37.94,37.65,37.67,1883
2013.12.11,18:00,37.66,37.73,37.56,37.59,1323
2013.12.11,19:00,37.60,37.60,37.38,37.42,1276
2013.12.11,20:00,37.43,37.69,37.43,37.65,1177
2013.12.11,21:00,37.66,37.66,37.59,37.60,1161
2013.12.11,22:00,37.61,37.65,37.54,37.59,2270
2013.12.12,16:00,37.63,37.63,37.29,37.38,1302
2013.12.12,17:00,37.39,37.50,37.36,37.41,1433
2013.12.12,18:00,37.42,37.50,37.41,37.43,1111
2013.12.12,19:00,37.44,37.45,37.39,37.41,778
2013.12.12,20:00,37.42,37.46,37.39,37.43,701
2013.12.12,21:00,37.42,37.48,37.36,37.43,1151
2013.12.12,22:00,37.42,37.43,37.17,37.20,1996
2013.12.13,16:00,37.41,37.44,36.74,36.83,1635
2013.12.13,17:00,36.82,36.94,36.75,36.86,1885
2013.12.13,18:00,36.87,36.97,36.79,36.83,1284
2013.12.13,19:00,36.82,36.85,36.64,36.77,1220
2013.12.13,20:00,36.78,36.85,36.75,36.76,1328
2013.12.13,21:00,36.75,36.77,36.61,36.73,1700
2013.12.13,22:00,36.72,36.82,36.63,36.68,2843
2013.12.16,16:00,36.72,36.92,36.53,36.78,1244
2013.12.16,17:00,36.79,36.99,36.77,36.92,1644
2013.12.16,18:00,36.91,36.96,36.83,36.90,1102
2013.12.16,19:00,36.89,36.95,36.80,36.87,954
2013.12.16,20:00,36.88,36.89,36.78,36.85,746
2013.12.16,21:00,36.86,36.95,36.83,36.87,738
2013.12.16,22:00,36.86,36.93,36.83,36.88,1675
2013.12.17,16:00,36.93,36.99,36.60,36.74,1342
2013.12.17,17:00,36.75,37.10,36.65,36.89,1735
2013.12.17,18:00,36.90,37.00,36.61,36.62,1204
2013.12.17,19:00,36.63,36.76,36.60,36.64,954
2013.12.17,20:00,36.63,36.71,36.33,36.34,1889
2013.12.17,21:00,36.35,36.61,36.32,36.52,1453
2013.12.17,22:00,36.53,36.58,36.48,36.51,2582
2013.12.18,16:00,36.35,36.38,36.16,36.17,1207
2013.12.18,17:00,36.16,36.24,35.93,36.02,1705
2013.12.18,18:00,36.01,36.05,35.90,35.95,1192
2013.12.18,19:00,35.96,35.98,35.67,35.84,1427
2013.12.18,20:00,35.85,35.94,35.66,35.91,1383
2013.12.18,21:00,35.88,36.39,35.52,36.19,2622
2013.12.18,22:00,36.20,36.59,36.13,36.56,2697
2013.12.19,16:00,36.50,36.54,36.19,36.27,1453
2013.12.19,17:00,36.28,36.42,36.19,36.26,1523
2013.12.19,18:00,36.27,36.40,36.24,36.37,1142
2013.12.19,19:00,36.36,36.38,36.19,36.19,1169
2013.12.19,20:00,36.20,36.25,36.15,36.21,900
2013.12.19,21:00,36.20,36.28,36.12,36.17,1173
2013.12.19,22:00,36.16,36.29,36.07,36.25,2212
2013.12.20,16:00,36.29,36.36,36.20,36.28,745
2013.12.20,17:00,36.27,36.60,36.23,36.57,1641
2013.12.20,18:00,36.56,36.82,36.49,36.63,1578
2013.12.20,19:00,36.64,36.82,36.61,36.66,1466
2013.12.20,20:00,36.67,36.72,36.61,36.71,1349
2013.12.20,21:00,36.72,36.84,36.67,36.82,1158
2013.12.20,22:00,36.81,36.92,36.74,36.76,3290
2013.12.23,16:00,36.80,36.88,36.61,36.64,831
2013.12.23,17:00,36.63,36.66,36.56,36.65,1200
2013.12.23,18:00,36.64,36.68,36.59,36.63,1070
2013.12.23,19:00,36.64,36.74,36.60,36.69,983
2013.12.23,20:00,36.70,36.70,36.55,36.57,937
2013.12.23,21:00,36.56,36.66,36.54,36.60,801
2013.12.23,22:00,36.61,36.63,36.54,36.62,1523
2013.12.24,16:00,36.71,36.93,36.63,36.90,1057
2013.12.24,17:00,36.89,37.15,36.85,37.03,1764
2013.12.24,18:00,37.02,37.10,36.99,37.05,1095
2013.12.26,16:00,37.19,37.48,37.16,37.38,805
2013.12.26,17:00,37.37,37.40,37.32,37.39,891
2013.12.26,18:00,37.38,37.42,37.34,37.40,796
2013.12.26,19:00,37.39,37.45,37.38,37.43,653
2013.12.26,20:00,37.42,37.46,37.39,37.44,629
2013.12.26,21:00,37.43,37.46,37.39,37.41,738
2013.12.26,22:00,37.40,37.45,37.39,37.43,1518
2013.12.27,16:00,37.57,37.61,37.41,37.42,691
2013.12.27,17:00,37.41,37.61,37.27,37.30,970
2013.12.27,18:00,37.29,37.36,37.24,37.31,844
2013.12.27,19:00,37.32,37.32,37.16,37.19,604
2013.12.27,20:00,37.20,37.25,37.19,37.21,544
2013.12.27,21:00,37.22,37.30,37.21,37.25,484
2013.12.27,22:00,37.24,37.28,37.24,37.28,1169
2013.12.30,16:00,37.21,37.23,36.93,36.98,820
2013.12.30,17:00,36.97,37.17,36.89,37.14,1124
2013.12.30,18:00,37.13,37.14,37.08,37.12,842
2013.12.30,19:00,37.13,37.25,37.11,37.24,829
2013.12.30,20:00,37.25,37.33,37.24,37.26,728
2013.12.30,21:00,37.27,37.37,37.25,37.30,717
2013.12.30,22:00,37.31,37.31,37.17,37.27,1214
2013.12.31,16:00,37.39,37.43,37.21,37.33,692
2013.12.31,17:00,37.32,37.47,37.32,37.44,770
2013.12.31,18:00,37.45,37.57,37.31,37.35,867
2014.01.02,16:00,37.34,37.38,37.13,37.25,1325
2014.01.02,17:00,37.24,37.29,37.14,37.18,1152
2014.01.02,18:00,37.17,37.27,37.12,37.25,1107
2014.01.02,19:00,37.24,37.30,37.17,37.27,877
2014.01.02,20:00,37.28,37.29,37.16,37.25,918
2014.01.02,21:00,37.24,37.34,37.11,37.14,1044
2014.01.02,22:00,37.15,37.22,37.09,37.14,1688
2014.01.03,16:00,37.19,37.21,36.99,37.03,737
2014.01.03,17:00,37.02,37.08,36.73,36.80,1253
2014.01.03,18:00,36.81,36.87,36.59,36.75,1336
2014.01.03,19:00,36.74,36.88,36.74,36.80,857
2014.01.03,20:00,36.79,36.84,36.75,36.79,806
2014.01.03,21:00,36.78,36.93,36.74,36.90,871
2014.01.03,22:00,36.89,36.98,36.89,36.89,1986
2014.01.06,16:00,36.84,36.88,36.44,36.45,1263
2014.01.06,17:00,36.44,36.49,36.19,36.22,2446
2014.01.06,18:00,36.23,36.35,36.16,36.32,1489
2014.01.06,19:00,36.33,36.34,36.20,36.25,983
2014.01.06,20:00,36.24,36.25,36.16,36.25,1102
2014.01.06,21:00,36.24,36.28,36.19,36.22,1259
2014.01.06,22:00,36.23,36.23,36.10,36.12,3217
2014.01.07,16:00,36.32,36.35,36.20,36.33,1064
2014.01.07,17:00,36.34,36.46,36.30,36.36,2056
2014.01.07,18:00,36.37,36.38,36.27,36.29,1383
2014.01.07,19:00,36.30,36.38,36.25,36.37,967
2014.01.07,20:00,36.38,36.39,36.34,36.34,1106
2014.01.07,21:00,36.35,36.40,36.28,36.37,1105
2014.01.07,22:00,36.38,36.48,36.32,36.39,2583
2014.01.08,16:00,36.03,36.04,35.73,35.94,1957
2014.01.08,17:00,35.93,36.13,35.90,35.94,1898
2014.01.08,18:00,35.95,35.98,35.87,35.93,1436
2014.01.08,19:00,35.92,35.94,35.74,35.79,1675
2014.01.08,20:00,35.78,35.85,35.75,35.78,1235
2014.01.08,21:00,35.79,35.84,35.64,35.64,1756
2014.01.08,22:00,35.65,35.79,35.57,35.73,2639
2014.01.09,16:00,35.87,35.89,35.71,35.89,1018
2014.01.09,17:00,35.88,35.89,35.50,35.54,1539
2014.01.09,18:00,35.55,35.55,35.39,35.47,1424
2014.01.09,19:00,35.48,35.60,35.42,35.57,951
2014.01.09,20:00,35.56,35.59,35.50,35.51,796
2014.01.09,21:00,35.52,35.55,35.44,35.50,1020
2014.01.09,22:00,35.51,35.64,35.48,35.52,2153
2014.01.10,16:00,35.86,36.04,35.82,35.94,1427
2014.01.10,17:00,35.93,36.10,35.87,36.09,1775
2014.01.10,18:00,36.08,36.14,35.89,35.92,1497
2014.01.10,19:00,35.93,36.09,35.82,35.82,1092
2014.01.10,20:00,35.81,35.96,35.74,35.85,1102
2014.01.10,21:00,35.84,35.94,35.82,35.87,978
2014.01.10,22:00,35.86,36.05,35.86,36.04,2068
2014.01.13,16:00,35.97,36.00,35.60,35.62,895
2014.01.13,17:00,35.61,35.73,35.56,35.69,1530
2014.01.13,18:00,35.70,35.79,35.64,35.76,1138
2014.01.13,19:00,35.75,35.76,35.52,35.53,1073
2014.01.13,20:00,35.52,35.53,35.34,35.41,953
2014.01.13,21:00,35.42,35.46,35.16,35.19,1487
2014.01.13,22:00,35.18,35.18,34.82,34.97,4187
2014.01.14,16:00,34.72,35.08,34.62,35.03,1652
2014.01.14,17:00,35.02,35.47,35.01,35.46,1661
2014.01.14,18:00,35.47,35.73,35.43,35.68,1490
2014.01.14,19:00,35.67,35.87,35.63,35.80,1233
2014.01.14,20:00,35.81,35.84,35.72,35.80,1166
2014.01.14,21:00,35.79,35.87,35.72,35.83,1420
2014.01.14,22:00,35.84,35.85,35.73,35.76,2646
2014.01.15,16:00,35.87,36.31,35.87,36.24,1642
2014.01.15,17:00,36.23,36.54,36.19,36.54,1850
2014.01.15,18:00,36.55,36.65,36.53,36.64,1720
2014.01.15,19:00,36.63,36.69,36.58,36.60,1193
2014.01.15,20:00,36.59,36.72,36.59,36.69,1055
2014.01.15,21:00,36.70,36.73,36.59,36.65,1334
2014.01.15,22:00,36.66,36.78,36.65,36.74,2672
2014.01.16,16:00,36.76,36.99,36.52,36.56,1328
2014.01.16,17:00,36.57,36.65,36.38,36.41,1394
2014.01.16,18:00,36.40,36.48,36.32,36.46,1494
2014.01.16,19:00,36.45,36.46,36.30,36.37,1050
2014.01.16,20:00,36.38,36.66,36.37,36.59,1100
2014.01.16,21:00,36.60,36.62,36.51,36.62,935
2014.01.16,22:00,36.61,36.88,36.61,36.88,2563
2014.01.17,16:00,36.82,36.82,36.17,36.36,1618
2014.01.17,17:00,36.37,36.41,36.14,36.28,1663
2014.01.17,18:00,36.29,36.35,36.24,36.34,1041
2014.01.17,19:00,36.33,36.49,36.32,36.39,1082
2014.01.17,20:00,36.38,36.50,36.35,36.40,794
2014.01.17,21:00,36.41,36.44,36.35,36.35,853
2014.01.17,22:00,36.36,36.40,36.21,36.35,1951
2014.01.21,16:00,36.81,36.81,36.54,36.68,1104
2014.01.21,17:00,36.67,36.69,36.44,36.56,1128
2014.01.21,18:00,36.57,36.60,36.09,36.12,1348
2014.01.21,19:00,36.11,36.22,36.05,36.14,1005
2014.01.21,20:00,36.13,36.23,36.09,36.21,993
2014.01.21,21:00,36.20,36.29,36.19,36.21,1045
2014.01.21,22:00,36.20,36.21,36.09,36.14,2115
2014.01.22,16:00,36.25,36.31,35.74,36.06,1418
2014.01.22,17:00,36.05,36.15,35.90,35.93,1038
2014.01.22,18:00,35.94,36.08,35.91,35.99,722
2014.01.22,19:00,36.00,36.12,35.98,36.12,704
2014.01.22,20:00,36.11,36.16,36.05,36.07,729
2014.01.22,21:00,36.06,36.13,36.04,36.05,678
2014.01.22,22:00,36.06,36.08,35.92,35.93,2055
2014.01.23,16:00,36.08,36.12,35.62,35.63,1193
2014.01.23,17:00,35.64,35.80,35.57,35.75,1508
2014.01.23,18:00,35.76,35.87,35.66,35.79,1284
2014.01.23,19:00,35.78,35.80,35.65,35.69,1039
2014.01.23,20:00,35.70,35.71,35.51,35.63,1244
2014.01.23,21:00,35.62,36.08,35.60,35.84,1852
2014.01.23,22:00,35.83,36.06,35.76,36.01,2524
2014.01.24,16:00,37.38,37.54,36.99,37.11,4190
2014.01.24,17:00,37.10,37.28,36.64,36.76,3472
2014.01.24,18:00,36.77,36.81,36.52,36.75,2481
2014.01.24,19:00,36.76,37.16,36.71,37.08,2225
2014.01.24,20:00,37.09,37.27,37.04,37.05,1541
2014.01.24,21:00,37.06,37.07,36.74,37.02,1593
2014.01.24,22:00,37.01,37.07,36.84,36.85,2817
2014.01.27,16:00,36.79,36.88,36.43,36.45,1453
2014.01.27,17:00,36.46,36.49,36.20,36.24,2146
2014.01.27,18:00,36.25,36.41,36.15,36.17,1384
2014.01.27,19:00,36.16,36.24,35.97,36.16,1966
2014.01.27,20:00,36.17,36.38,36.09,36.33,1275
2014.01.27,21:00,36.34,36.39,36.22,36.30,1200
2014.01.27,22:00,36.29,36.41,36.03,36.03,2114
2014.01.28,16:00,36.12,36.38,36.07,36.21,1363
2014.01.28,17:00,36.20,36.26,35.98,36.05,1364
2014.01.28,18:00,36.06,36.12,35.74,35.90,1458
2014.01.28,19:00,35.89,36.01,35.85,35.97,1027
2014.01.28,20:00,35.96,36.11,35.90,36.06,1030
2014.01.28,21:00,36.05,36.20,36.01,36.13,1172
2014.01.28,22:00,36.12,36.28,36.08,36.25,1886
2014.01.29,16:00,35.97,36.36,35.89,36.28,1115
2014.01.29,17:00,36.27,36.57,36.17,36.46,1770
2014.01.29,18:00,36.47,36.71,36.46,36.69,1393
2014.01.29,19:00,36.70,36.74,36.62,36.68,1336
2014.01.29,20:00,36.67,36.74,36.54,36.70,1220
2014.01.29,21:00,36.69,36.86,36.48,36.58,2282
2014.01.29,22:00,36.57,36.81,36.51,36.66,2609
2014.01.30,16:00,36.73,36.86,36.40,36.47,1575
2014.01.30,17:00,36.45,36.51,36.22,36.45,1359
2014.01.30,18:00,36.43,36.78,36.40,36.72,1060
2014.01.30,19:00,36.73,36.79,36.66,36.77,930
2014.01.30,20:00,36.78,36.79,36.71,36.71,656
2014.01.30,21:00,36.72,36.74,36.58,36.67,851
2014.01.30,22:00,36.68,36.87,36.67,36.85,1952
2014.01.31,16:00,36.94,37.53,36.89,37.04,2863
2014.01.31,17:00,37.05,37.06,36.55,36.89,2362
2014.01.31,18:00,36.88,37.15,36.87,37.15,1472
2014.01.31,19:00,37.14,37.80,37.14,37.77,2348
2014.01.31,20:00,37.76,37.78,37.48,37.72,1917
2014.01.31,21:00,37.71,37.80,37.66,37.74,2001
2014.01.31,22:00,37.73,37.88,37.69,37.84,3580
2014.02.03,16:00,37.75,37.97,37.36,37.44,2189
2014.02.03,17:00,37.43,37.45,36.91,37.14,2494
2014.02.03,18:00,37.13,37.23,36.93,36.98,1734
2014.02.03,19:00,36.97,37.21,36.83,36.96,1509
2014.02.03,20:00,36.97,37.01,36.71,36.87,2079
2014.02.03,21:00,36.86,36.87,36.59,36.61,1652
2014.02.03,22:00,36.60,36.68,36.42,36.47,3159
2014.02.04,16:00,36.92,37.18,36.66,36.79,3239
2014.02.04,17:00,36.80,36.81,36.24,36.28,2635
2014.02.04,18:00,36.27,36.66,36.25,36.61,2066
2014.02.04,19:00,36.60,36.63,36.53,36.59,1074
2014.02.04,20:00,36.60,36.63,36.47,36.60,838
2014.02.04,21:00,36.61,36.61,36.42,36.55,1055
2014.02.04,22:00,36.54,36.58,36.33,36.33,2498
2014.02.05,16:00,36.28,36.46,36.16,36.27,1196
2014.02.05,17:00,36.26,36.41,35.84,35.96,2212
2014.02.05,18:00,35.95,36.03,35.79,35.94,2433
2014.02.05,19:00,35.95,36.15,35.94,36.15,874
2014.02.05,20:00,36.14,36.23,35.94,35.98,1142
2014.02.05,21:00,35.97,36.04,35.87,35.90,1116
2014.02.05,22:00,35.89,35.97,35.80,35.83,2192
2014.02.06,16:00,35.79,36.04,35.68,35.91,1252
2014.02.06,17:00,35.92,36.23,35.89,36.18,1700
2014.02.06,18:00,36.17,36.24,36.08,36.11,1324
2014.02.06,19:00,36.12,36.15,36.06,36.07,863
2014.02.06,20:00,36.06,36.11,35.96,36.11,856
2014.02.06,21:00,36.10,36.23,36.08,36.21,1107
2014.02.06,22:00,36.22,36.23,36.15,36.16,2342
2014.02.07,16:00,36.31,36.37,36.06,36.17,1326
2014.02.07,17:00,36.18,36.32,36.00,36.12,1450
2014.02.07,18:00,36.11,36.38,36.06,36.34,1205
2014.02.07,19:00,36.33,36.42,36.27,36.32,1145
2014.02.07,20:00,36.33,36.49,36.32,36.47,1000
2014.02.07,21:00,36.48,36.58,36.42,36.52,1190
2014.02.07,22:00,36.53,36.58,36.46,36.56,1856
2014.02.10,16:00,36.62,36.73,36.45,36.53,890
2014.02.10,17:00,36.54,36.56,36.28,36.33,837
2014.02.10,18:00,36.34,36.65,36.33,36.64,719
2014.02.10,19:00,36.63,36.65,36.52,36.56,636
2014.02.10,20:00,36.57,36.72,36.56,36.70,740
2014.02.10,21:00,36.69,36.73,36.65,36.70,937
2014.02.10,22:00,36.69,36.79,36.65,36.77,1673
2014.02.11,16:00,36.87,37.08,36.85,37.05,886
2014.02.11,17:00,37.04,37.24,37.01,37.07,1534
2014.02.11,18:00,37.06,37.24,37.03,37.09,1309
2014.02.11,19:00,37.10,37.16,37.05,37.11,930
2014.02.11,20:00,37.12,37.24,37.11,37.22,963
2014.02.11,21:00,37.23,37.24,37.16,37.22,1099
2014.02.11,22:00,37.23,37.25,37.09,37.18,2417
2014.02.12,16:00,37.34,37.48,37.29,37.47,859
2014.02.12,17:00,37.48,37.52,37.40,37.45,1235
2014.02.12,18:00,37.46,37.53,37.39,37.42,939
2014.02.12,19:00,37.41,37.59,37.40,37.56,734
2014.02.12,20:00,37.57,37.58,37.48,37.55,728
2014.02.12,21:00,37.54,37.57,37.48,37.51,791
2014.02.12,22:00,37.50,37.54,37.41,37.46,2039
2014.02.13,16:00,37.32,37.84,37.32,37.66,1656
2014.02.13,17:00,37.67,37.83,37.63,37.78,1329
2014.02.13,18:00,37.79,37.85,37.68,37.71,1211
2014.02.13,19:00,37.72,37.73,37.68,37.71,764
2014.02.13,20:00,37.70,37.72,37.68,37.71,952
2014.02.13,21:00,37.72,37.75,37.64,37.69,1091
2014.02.13,22:00,37.68,37.71,37.55,37.58,2312
2014.02.14,16:00,37.38,37.55,37.32,37.44,1239
2014.02.14,17:00,37.43,37.63,37.40,37.45,1490
2014.02.14,18:00,37.46,37.67,37.44,37.62,1269
2014.02.14,19:00,37.63,37.67,37.57,37.64,1208
2014.02.14,20:00,37.65,37.67,37.57,37.64,910
2014.02.14,21:00,37.65,37.77,37.64,37.76,1016
2014.02.14,22:00,37.77,37.77,37.57,37.61,1907
2014.02.18,16:00,37.62,37.77,37.50,37.54,1797
2014.02.18,17:00,37.53,37.61,37.50,37.56,1507
2014.02.18,18:00,37.57,37.57,37.41,37.46,1153
2014.02.18,19:00,37.47,37.51,37.44,37.44,1048
2014.02.18,20:00,37.45,37.54,37.40,37.50,833
2014.02.18,21:00,37.51,37.59,37.50,37.53,1377
2014.02.18,22:00,37.54,37.56,37.41,37.41,2845
2014.02.19,16:00,37.21,37.48,37.20,37.36,898
2014.02.19,17:00,37.37,37.67,37.21,37.61,1365
2014.02.19,18:00,37.60,37.74,37.60,37.63,962
2014.02.19,19:00,37.64,37.64,37.41,37.47,1018
2014.02.19,20:00,37.48,37.68,37.47,37.58,759
2014.02.19,21:00,37.57,37.71,37.48,37.51,896
2014.02.19,22:00,37.52,37.55,37.40,37.49,1455
2014.02.20,16:00,37.56,37.81,37.47,37.48,1096
2014.02.20,17:00,37.47,37.59,37.39,37.54,1139
2014.02.20,18:00,37.55,37.73,37.49,37.67,841
2014.02.20,19:00,37.66,37.78,37.61,37.76,790
2014.02.20,20:00,37.77,37.78,37.68,37.73,735
2014.02.20,21:00,37.72,37.77,37.66,37.77,818
2014.02.20,22:00,37.76,37.86,37.73,37.74,1763
2014.02.21,16:00,37.93,38.17,37.85,38.08,1158
2014.02.21,17:00,38.07,38.29,38.04,38.26,1304
2014.02.21,18:00,38.27,38.34,38.08,38.08,1385
2014.02.21,19:00,38.09,38.13,38.02,38.09,1023
2014.02.21,20:00,38.10,38.22,38.09,38.14,839
2014.02.21,21:00,38.15,38.17,37.96,37.99,1288
2014.02.21,22:00,37.98,38.05,37.94,37.98,1736
2014.02.24,16:00,37.68,37.93,37.57,37.83,1176
2014.02.24,17:00,37.82,37.90,37.77,37.86,1248
2014.02.24,18:00,37.85,37.93,37.81,37.81,915
2014.02.24,19:00,37.82,37.90,37.80,37.88,1007
2014.02.24,20:00,37.87,37.96,37.75,37.78,715
2014.02.24,21:00,37.79,37.84,37.77,37.77,892
2014.02.24,22:00,37.78,37.83,37.66,37.67,1610
2014.02.25,16:00,37.60,37.77,37.34,37.57,1335
2014.02.25,17:00,37.58,37.78,37.54,37.75,1109
2014.02.25,18:00,37.74,37.84,37.68,37.68,939
2014.02.25,19:00,37.69,37.69,37.52,37.61,670
2014.02.25,20:00,37.60,37.73,37.58,37.69,715
2014.02.25,21:00,37.68,37.69,37.53,37.62,756
2014.02.25,22:00,37.61,37.62,37.50,37.53,1457
2014.02.26,16:00,37.57,37.72,37.57,37.63,534
2014.02.26,17:00,37.64,37.73,37.50,37.63,992
2014.02.26,18:00,37.64,37.65,37.49,37.54,737
2014.02.26,19:00,37.53,37.54,37.47,37.47,989
2014.02.26,20:00,37.48,37.53,37.41,37.50,840
2014.02.26,21:00,37.49,37.50,37.18,37.45,1231
2014.02.26,22:00,37.46,37.50,37.37,37.45,1684
2014.02.27,16:00,37.44,37.44,37.22,37.27,903
2014.02.27,17:00,37.26,37.53,37.22,37.48,992
2014.02.27,18:00,37.49,37.59,37.45,37.52,1013
2014.02.27,19:00,37.51,37.62,37.48,37.60,766
2014.02.27,20:00,37.59,37.79,37.58,37.79,767
2014.02.27,21:00,37.78,37.80,37.61,37.75,899
2014.02.27,22:00,37.76,37.88,37.68,37.88,1815
2014.02.28,16:00,37.97,38.22,37.81,38.19,1044
2014.02.28,17:00,38.18,38.45,38.17,38.26,1481
2014.02.28,18:00,38.27,38.39,38.21,38.36,1149
2014.02.28,19:00,38.35,38.38,38.27,38.32,1046
2014.02.28,20:00,38.31,38.33,38.17,38.25,912
2014.02.28,21:00,38.24,38.31,38.14,38.18,1744
2014.02.28,22:00,38.17,38.31,37.87,38.27,2440
2014.03.03,16:00,37.91,38.12,37.87,38.02,1261
2014.03.03,17:00,38.03,38.08,37.57,37.71,1427
2014.03.03,18:00,37.72,37.72,37.49,37.50,1030
2014.03.03,19:00,37.51,37.64,37.48,37.62,1005
2014.03.03,20:00,37.61,37.72,37.57,37.66,715
2014.03.03,21:00,37.67,37.80,37.62,37.68,945
2014.03.03,22:00,37.69,37.77,37.60,37.77,1875
2014.03.04,16:00,38.24,38.47,38.22,38.43,1306
2014.03.04,17:00,38.44,38.47,38.20,38.21,1366
2014.03.04,18:00,38.22,38.26,38.11,38.13,1157
2014.03.04,19:00,38.14,38.26,38.13,38.24,768
2014.03.04,20:00,38.25,38.37,38.23,38.29,834
2014.03.04,21:00,38.30,38.37,38.26,38.34,787
2014.03.04,22:00,38.35,38.44,38.34,38.38,2236
2014.03.05,16:00,38.24,38.26,37.93,38.00,1027
2014.03.05,17:00,38.01,38.11,37.92,38.02,1211
2014.03.05,18:00,38.03,38.08,37.94,37.97,924
2014.03.05,19:00,37.96,38.00,37.92,37.97,687
2014.03.05,20:00,37.98,38.04,37.94,37.97,710
2014.03.05,21:00,37.96,38.02,37.95,37.99,854
2014.03.05,22:00,38.00,38.14,37.98,38.11,1636
2014.03.06,16:00,38.09,38.17,37.96,38.02,681
2014.03.06,17:00,38.00,38.07,37.95,37.99,824
2014.03.06,18:00,38.00,38.10,37.88,38.09,902
2014.03.06,19:00,38.10,38.11,38.04,38.05,752
2014.03.06,20:00,38.04,38.05,37.95,37.98,657
2014.03.06,21:00,37.97,38.14,37.97,38.14,920
2014.03.06,22:00,38.13,38.23,38.01,38.15,2112
2014.03.07,16:00,38.27,38.34,37.86,38.00,816
2014.03.07,17:00,37.99,38.05,37.88,37.91,1152
2014.03.07,18:00,37.92,37.92,37.68,37.80,827
2014.03.07,19:00,37.81,37.81,37.72,37.77,766
2014.03.07,20:00,37.78,37.80,37.69,37.80,665
2014.03.07,21:00,37.79,37.87,37.71,37.82,705
2014.03.07,22:00,37.83,37.90,37.75,37.87,1558
2014.03.10,15:00,37.98,38.00,37.78,37.89,627
2014.03.10,16:00,37.88,37.89,37.71,37.82,951
2014.03.10,17:00,37.81,37.87,37.77,37.81,945
2014.03.10,18:00,37.80,37.88,37.77,37.86,805
2014.03.10,19:00,37.87,37.89,37.76,37.80,708
2014.03.10,20:00,37.81,37.84,37.79,37.82,623
2014.03.10,21:00,37.83,37.89,37.78,37.81,1140
2014.03.11,15:00,37.86,37.97,37.71,37.90,859
2014.03.11,16:00,37.89,38.22,37.82,38.17,1081
2014.03.11,17:00,38.16,38.19,38.03,38.11,885
2014.03.11,18:00,38.10,38.13,37.94,37.94,597
2014.03.11,19:00,37.95,38.07,37.91,38.06,630
2014.03.11,20:00,38.07,38.07,37.92,37.96,806
2014.03.11,21:00,37.95,38.01,37.85,38.01,1284
2014.03.12,15:00,37.79,37.99,37.78,37.89,788
2014.03.12,16:00,37.88,38.20,37.86,38.16,966
2014.03.12,17:00,38.15,38.34,38.15,38.21,760
2014.03.12,18:00,38.20,38.30,38.08,38.30,744
2014.03.12,19:00,38.29,38.33,38.13,38.31,639
2014.03.12,20:00,38.30,38.42,38.29,38.30,930
2014.03.12,21:00,38.31,38.33,38.19,38.25,1394
2014.03.13,15:00,38.41,38.44,38.29,38.32,644
2014.03.13,16:00,38.33,38.37,38.13,38.19,1068
2014.03.13,17:00,38.20,38.20,38.00,38.08,882
2014.03.13,18:00,38.09,38.10,37.81,37.87,1020
2014.03.13,19:00,37.88,37.89,37.68,37.73,1078
2014.03.13,20:00,37.74,37.91,37.63,37.82,996
2014.03.13,21:00,37.83,37.90,37.72,37.89,1739
2014.03.14,15:00,37.62,38.08,37.62,37.81,1068
2014.03.14,16:00,37.82,38.12,37.81,37.85,1165
2014.03.14,17:00,37.86,38.12,37.80,38.08,830
2014.03.14,18:00,38.10,38.10,37.79,37.94,754
2014.03.14,19:00,37.95,37.99,37.80,37.85,531
2014.03.14,20:00,37.84,37.87,37.75,37.76,676
2014.03.14,21:00,37.75,37.91,37.68,37.69,1406
2014.03.17,15:00,37.89,38.30,37.79,38.30,877
2014.03.17,16:00,38.29,38.40,38.10,38.14,1258
2014.03.17,17:00,38.13,38.19,37.93,38.04,802
2014.03.17,18:00,38.05,38.24,38.00,38.13,706
2014.03.17,19:00,38.14,38.21,38.12,38.18,574
2014.03.17,20:00,38.17,38.26,38.15,38.19,751
2014.03.17,21:00,38.18,38.19,38.01,38.04,1797
2014.03.18,15:00,38.25,39.11,38.21,39.09,2486
2014.03.18,16:00,39.08,39.89,39.01,39.63,4472
2014.03.18,17:00,39.64,39.68,39.45,39.60,2545
2014.03.18,18:00,39.61,39.61,39.41,39.44,1920
2014.03.18,19:00,39.43,39.65,39.35,39.57,1411
2014.03.18,20:00,39.56,39.63,39.49,39.58,1777
2014.03.18,21:00,39.57,39.69,39.40,39.54,3537
2014.03.19,15:00,39.46,39.54,39.23,39.34,2047
2014.03.19,16:00,39.35,39.48,39.17,39.26,1726
2014.03.19,17:00,39.25,39.33,39.21,39.30,1108
2014.03.19,18:00,39.29,39.38,39.24,39.37,1007
2014.03.19,19:00,39.36,39.44,39.29,39.44,1188
2014.03.19,20:00,39.43,39.47,39.23,39.36,1742
2014.03.19,21:00,39.35,39.36,38.90,39.25,2406
2014.03.20,15:00,39.24,39.56,39.24,39.50,1329
2014.03.20,16:00,39.51,39.95,39.37,39.91,2193
2014.03.20,17:00,39.92,40.16,39.87,40.05,1816
2014.03.20,18:00,40.06,40.43,39.96,40.43,1934
2014.03.20,19:00,40.44,40.55,40.41,40.50,1941
2014.03.20,20:00,40.51,40.64,40.40,40.48,2138
2014.03.20,21:00,40.47,40.48,40.11,40.30,3887
2014.03.21,15:00,40.68,40.93,40.44,40.48,3352
2014.03.21,16:00,40.49,40.51,40.05,40.30,2704
2014.03.21,17:00,40.31,40.35,40.20,40.32,1209
2014.03.21,18:00,40.33,40.39,40.27,40.37,1157
2014.03.21,19:00,40.36,40.42,40.27,40.34,1298
2014.03.21,20:00,40.35,40.42,40.15,40.21,1528
2014.03.21,21:00,40.20,40.27,40.00,40.15,2803
2014.03.24,15:00,40.33,40.50,40.20,40.26,1502
2014.03.24,16:00,40.25,40.30,39.92,40.03,2212
2014.03.24,17:00,40.02,40.12,39.85,40.04,1698
2014.03.24,18:00,40.05,40.14,39.98,40.03,1187
2014.03.24,19:00,40.04,40.50,39.99,40.49,1333
2014.03.24,20:00,40.48,40.63,40.44,40.61,1226
2014.03.24,21:00,40.60,40.63,40.45,40.49,2145
2014.03.25,15:00,40.65,40.98,40.64,40.69,1521
2014.03.25,16:00,40.70,40.73,40.12,40.25,2173
2014.03.25,17:00,40.24,40.35,40.02,40.08,2186
2014.03.25,18:00,40.07,40.23,39.95,40.12,1584
2014.03.25,19:00,40.13,40.23,40.04,40.09,1178
2014.03.25,20:00,40.10,40.18,40.02,40.15,1253
2014.03.25,21:00,40.14,40.45,40.14,40.34,2481
2014.03.26,15:00,40.47,40.69,40.25,40.31,1392
2014.03.26,16:00,40.32,40.32,39.66,39.67,1850
2014.03.26,17:00,39.68,39.96,39.59,39.84,1374
2014.03.26,18:00,39.85,39.91,39.71,39.89,990
2014.03.26,19:00,39.88,40.00,39.79,39.92,1225
2014.03.26,20:00,39.91,40.02,39.85,39.99,1269
2014.03.26,21:00,39.98,40.00,39.78,39.78,2644
2014.03.27,15:00,39.73,39.96,39.57,39.87,1404
2014.03.27,16:00,39.86,39.87,39.60,39.70,1539
2014.03.27,17:00,39.69,39.72,39.39,39.56,1208
2014.03.27,18:00,39.57,39.68,39.43,39.60,1147
2014.03.27,19:00,39.59,39.73,39.41,39.44,1436
2014.03.27,20:00,39.45,39.55,39.35,39.42,1131
2014.03.27,21:00,39.41,39.53,39.33,39.36,2297
2014.03.28,15:00,39.67,40.42,39.67,40.26,2101
2014.03.28,16:00,40.27,40.62,40.25,40.51,2349
2014.03.28,17:00,40.50,40.51,40.31,40.44,1450
2014.03.28,18:00,40.43,40.55,40.40,40.49,1089
2014.03.28,19:00,40.50,40.50,40.34,40.41,989
2014.03.28,20:00,40.40,40.40,40.06,40.11,1404
2014.03.28,21:00,40.12,40.30,40.11,40.28,2018
2014.03.31,16:00,40.42,41.21,40.39,41.20,1950
2014.03.31,17:00,41.19,41.33,41.00,41.18,2470
2014.03.31,18:00,41.17,41.46,41.04,41.33,2248
2014.03.31,19:00,41.34,41.36,41.23,41.35,1375
2014.03.31,20:00,41.36,41.49,41.30,41.36,1433
2014.03.31,21:00,41.35,41.46,41.32,41.37,1517
2014.03.31,22:00,41.38,41.39,40.98,41.00,3616
2014.04.01,16:00,41.14,41.43,41.06,41.41,1641
2014.04.01,17:00,41.40,41.58,41.35,41.43,2109
2014.04.01,18:00,41.42,41.43,41.30,41.32,1397
2014.04.01,19:00,41.31,41.40,41.19,41.37,1084
2014.04.01,20:00,41.36,41.40,41.26,41.38,1060
2014.04.01,21:00,41.37,41.45,41.37,41.43,1128
2014.04.01,22:00,41.44,41.44,41.22,41.38,2321
2014.04.02,16:00,41.43,41.65,41.32,41.34,1566
2014.04.02,17:00,41.33,41.38,41.16,41.32,1403
2014.04.02,18:00,41.33,41.36,41.19,41.27,1205
2014.04.02,19:00,41.28,41.28,41.20,41.24,845
2014.04.02,20:00,41.25,41.34,41.21,41.29,1109
2014.04.02,21:00,41.28,41.36,41.21,41.34,1184
2014.04.02,22:00,41.33,41.40,41.27,41.34,2059
2014.04.03,16:00,41.26,41.28,40.84,41.08,1565
2014.04.03,17:00,41.07,41.08,40.86,41.02,1539
2014.04.03,18:00,41.01,41.09,40.85,40.89,1053
2014.04.03,19:00,40.88,40.90,40.70,40.78,1065
2014.04.03,20:00,40.79,41.03,40.78,40.98,1080
2014.04.03,21:00,40.99,41.00,40.83,40.93,1229
2014.04.03,22:00,40.94,41.02,40.90,41.00,2105
2014.04.04,16:00,41.24,41.38,40.66,40.85,1164
2014.04.04,17:00,40.84,40.94,40.39,40.42,2440
2014.04.04,18:00,40.43,40.44,39.86,40.00,2525
2014.04.04,19:00,39.99,40.04,39.69,39.74,2351
2014.04.04,20:00,39.75,39.91,39.69,39.76,1793
2014.04.04,21:00,39.77,39.92,39.63,39.91,1715
2014.04.04,22:00,39.90,40.10,39.83,39.87,3078
2014.04.07,16:00,39.97,40.19,39.73,40.19,1629
2014.04.07,17:00,40.20,40.26,39.89,39.99,2156
2014.04.07,18:00,39.98,40.03,39.89,39.97,1201
2014.04.07,19:00,39.96,40.10,39.91,40.04,1113
2014.04.07,20:00,40.05,40.09,39.81,39.91,1037
2014.04.07,21:00,39.90,40.14,39.77,40.08,1298
2014.04.07,22:00,40.07,40.19,39.78,39.80,2850
2014.04.08,16:00,39.74,39.91,39.42,39.49,1710
2014.04.08,17:00,39.48,39.76,39.19,39.70,2299
2014.04.08,18:00,39.61,39.85,39.61,39.66,1371
2014.04.08,19:00,39.67,39.87,39.65,39.79,1036
2014.04.08,20:00,39.78,39.90,39.78,39.83,867
2014.04.08,21:00,39.82,39.84,39.64,39.75,969
2014.04.08,22:00,39.74,39.89,39.70,39.82,1964
2014.04.09,16:00,39.92,40.33,39.87,40.14,1623
2014.04.09,17:00,40.13,40.36,39.98,40.04,1905
2014.04.09,18:00,40.05,40.08,39.89,39.97,1387
2014.04.09,19:00,39.96,40.17,39.90,40.14,998
2014.04.09,20:00,40.15,40.20,40.08,40.19,787
2014.04.09,21:00,40.18,40.47,40.18,40.32,2066
2014.04.09,22:00,40.31,40.54,40.29,40.46,2587
2014.04.10,16:00,40.43,40.68,40.26,40.29,1834
2014.04.10,17:00,40.30,40.64,40.17,40.29,2158
2014.04.10,18:00,40.28,40.28,39.87,39.94,1652
2014.04.10,19:00,39.93,40.01,39.55,39.60,1820
2014.04.10,20:00,39.61,39.75,39.47,39.60,1736
2014.04.10,21:00,39.59,39.63,39.25,39.33,1750
2014.04.10,22:00,39.34,39.52,39.08,39.37,3214
2014.04.11,16:00,39.00,39.63,38.99,39.60,2216
2014.04.11,17:00,39.59,39.78,39.16,39.64,2281
2014.04.11,18:00,39.63,39.74,39.25,39.39,1561
2014.04.11,19:00,39.38,39.54,39.35,39.46,879
2014.04.11,20:00,39.47,39.53,39.25,39.35,1307
2014.04.11,21:00,39.34,39.48,39.16,39.25,1139
2014.04.11,22:00,39.26,39.44,39.18,39.19,2421
2014.04.14,16:00,39.10,39.39,38.89,38.91,2109
2014.04.14,17:00,38.92,39.18,38.89,39.17,1601
2014.04.14,18:00,39.18,39.40,39.16,39.25,1328
2014.04.14,19:00,39.26,39.34,39.19,39.31,708
2014.04.14,20:00,39.32,39.32,39.09,39.10,706
2014.04.14,21:00,39.09,39.20,39.04,39.07,1293
2014.04.14,22:00,39.06,39.21,38.89,39.17,2688
2014.04.15,16:00,39.33,39.80,39.18,39.72,1357
2014.04.15,17:00,39.71,39.78,39.26,39.32,1810
2014.04.15,18:00,39.31,39.48,39.18,39.26,1500
2014.04.15,19:00,39.25,39.28,39.07,39.10,1006
2014.04.15,20:00,39.09,39.43,39.05,39.40,1242
2014.04.15,21:00,39.41,39.89,39.40,39.74,1662
2014.04.15,22:00,39.75,39.95,39.66,39.74,2380
2014.04.16,16:00,40.03,40.34,39.93,40.06,2153
2014.04.16,17:00,40.05,40.30,39.94,39.97,1684
2014.04.16,18:00,39.98,40.12,39.90,40.07,1124
2014.04.16,19:00,40.08,40.34,40.05,40.06,1105
2014.04.16,20:00,40.05,40.16,39.97,40.16,1214
2014.04.16,21:00,40.15,40.21,40.00,40.15,1135
2014.04.16,22:00,40.16,40.40,40.05,40.38,2438
2014.04.17,16:00,40.00,40.09,39.62,39.68,1783
2014.04.17,17:00,39.69,39.85,39.50,39.76,1744
2014.04.17,18:00,39.75,39.84,39.72,39.82,1169
2014.04.17,19:00,39.83,39.99,39.80,39.99,817
2014.04.17,20:00,39.98,40.11,39.97,40.10,749
2014.04.17,21:00,40.09,40.11,40.01,40.07,683
2014.04.17,22:00,40.08,40.19,40.01,40.01,1872
2014.04.21,16:00,40.12,40.14,39.97,40.05,911
2014.04.21,17:00,40.06,40.14,39.78,39.98,1179
2014.04.21,18:00,39.99,40.13,39.96,40.09,1100
2014.04.21,19:00,40.10,40.14,40.03,40.09,725
2014.04.21,20:00,40.10,40.11,39.98,40.00,584
2014.04.21,21:00,40.01,40.03,39.91,39.98,846
2014.04.21,22:00,39.99,40.00,39.90,39.92,1567
2014.04.22,16:00,39.95,40.06,39.82,39.98,1335
2014.04.22,17:00,39.99,40.13,39.88,39.97,1465
2014.04.22,18:00,39.98,40.00,39.87,39.93,837
2014.04.22,19:00,39.92,40.00,39.92,39.97,786
2014.04.22,20:00,39.96,39.99,39.89,39.99,611
2014.04.22,21:00,39.98,39.99,39.94,39.96,773
2014.04.22,22:00,39.95,39.99,39.83,39.97,1645
2014.04.23,16:00,39.95,39.98,39.66,39.69,1110
2014.04.23,17:00,39.68,39.69,39.46,39.55,1828
2014.04.23,18:00,39.54,39.65,39.47,39.55,1083
2014.04.23,19:00,39.56,39.65,39.47,39.64,777
2014.04.23,20:00,39.63,39.67,39.53,39.62,675
2014.04.23,21:00,39.61,39.73,39.59,39.71,948
2014.04.23,22:00,39.72,39.79,39.64,39.67,1700
2014.04.24,16:00,39.73,39.96,39.54,39.55,1497
2014.04.24,17:00,39.54,39.55,39.29,39.32,2018
2014.04.24,18:00,39.31,39.47,39.29,39.39,956
2014.04.24,19:00,39.38,39.40,39.33,39.40,812
2014.04.24,20:00,39.41,39.61,39.38,39.54,1088
2014.04.24,21:00,39.55,39.70,39.53,39.65,1436
2014.04.24,22:00,39.64,39.86,39.61,39.85,3046
2014.04.25,16:00,40.29,40.67,40.18,40.27,3936
2014.04.25,17:00,40.28,40.36,39.74,39.82,3251
2014.04.25,18:00,39.83,40.16,39.76,40.11,2093
2014.04.25,19:00,40.09,40.27,40.06,40.16,1463
2014.04.25,20:00,40.17,40.18,39.91,40.00,1214
2014.04.25,21:00,40.01,40.02,39.82,39.91,1371
2014.04.25,22:00,39.90,40.17,39.81,39.91,2732
2014.04.28,16:00,40.21,40.82,40.20,40.82,2780
2014.04.28,17:00,40.81,41.28,40.73,41.04,3338
2014.04.28,18:00,41.05,41.06,40.75,40.80,1864
2014.04.28,19:00,40.79,40.89,40.61,40.66,1558
2014.04.28,20:00,40.65,40.70,40.47,40.58,1587
2014.04.28,21:00,40.59,40.79,40.53,40.64,1653
2014.04.28,22:00,40.65,40.98,40.63,40.86,2471
2014.04.29,16:00,41.09,41.18,40.74,40.74,1481
2014.04.29,17:00,40.75,40.80,40.38,40.67,1808
2014.04.29,18:00,40.68,40.73,40.54,40.59,1261
2014.04.29,19:00,40.60,40.68,40.52,40.67,935
2014.04.29,20:00,40.66,40.68,40.52,40.59,867
2014.04.29,21:00,40.58,40.60,40.53,40.59,893
2014.04.29,22:00,40.58,40.60,40.48,40.50,2580
2014.04.30,16:00,40.39,40.48,40.16,40.26,1170
2014.04.30,17:00,40.27,40.33,40.18,40.25,1522
2014.04.30,18:00,40.24,40.34,40.23,40.29,907
2014.04.30,19:00,40.30,40.38,40.29,40.37,654
2014.04.30,20:00,40.36,40.38,40.32,40.33,928
2014.04.30,21:00,40.32,40.45,40.26,40.38,1450
2014.04.30,22:00,40.39,40.40,40.23,40.35,2272
2014.05.01,16:00,40.31,40.35,40.16,40.19,923
2014.05.01,17:00,40.18,40.22,40.06,40.08,1309
2014.05.01,18:00,40.07,40.19,40.06,40.13,970
2014.05.01,19:00,40.12,40.19,40.11,40.12,732
2014.05.01,20:00,40.13,40.14,39.94,39.96,821
2014.05.01,21:00,39.95,39.99,39.95,39.96,736
2014.05.01,22:00,39.97,40.04,39.94,39.99,1554
2014.05.02,16:00,40.30,40.33,39.83,39.87,1544
2014.05.02,17:00,39.86,40.03,39.83,39.85,1653
2014.05.02,18:00,39.84,39.95,39.76,39.91,887
2014.05.02,19:00,39.92,39.96,39.82,39.90,633
2014.05.02,20:00,39.91,39.94,39.75,39.78,827
2014.05.02,21:00,39.79,39.81,39.65,39.75,1565
2014.05.02,22:00,39.76,39.80,39.66,39.66,1806
2014.05.05,16:00,39.50,39.55,39.29,39.42,1272
2014.05.05,17:00,39.41,39.63,39.35,39.48,1493
2014.05.05,18:00,39.47,39.49,39.36,39.41,951
2014.05.05,19:00,39.42,39.43,39.33,39.34,720
2014.05.05,20:00,39.35,39.41,39.32,39.39,876
2014.05.05,21:00,39.40,39.46,39.37,39.42,1013
2014.05.05,22:00,39.41,39.47,39.39,39.42,1445
2014.05.06,16:00,39.28,39.34,39.13,39.22,1198
2014.05.06,17:00,39.21,39.24,39.15,39.17,1296
2014.05.06,18:00,39.18,39.22,39.04,39.19,1125
2014.05.06,19:00,39.20,39.26,39.15,39.23,704
2014.05.06,20:00,39.24,39.24,38.94,38.99,871
2014.05.06,21:00,39.00,39.06,38.96,39.01,922
2014.05.06,22:00,39.00,39.16,38.97,39.06,1697
2014.05.07,16:00,39.21,39.23,38.91,38.93,873
2014.05.07,17:00,38.94,39.01,38.57,38.73,1954
2014.05.07,18:00,38.74,38.92,38.50,38.80,1345
2014.05.07,19:00,38.81,38.85,38.65,38.68,714
2014.05.07,20:00,38.67,38.82,38.65,38.76,949
2014.05.07,21:00,38.77,39.20,38.76,39.19,1230
2014.05.07,22:00,39.18,39.50,39.14,39.40,2119
2014.05.08,16:00,39.33,39.58,38.96,39.57,1212
2014.05.08,17:00,39.58,39.67,39.54,39.63,1393
2014.05.08,18:00,39.64,39.86,39.57,39.69,1081
2014.05.08,19:00,39.70,39.88,39.69,39.81,946
2014.05.08,20:00,39.82,39.89,39.60,39.62,666
2014.05.08,21:00,39.61,39.62,39.44,39.51,968
2014.05.08,22:00,39.52,39.63,39.47,39.62,1727
2014.05.09,16:00,39.54,39.65,39.44,39.60,990
2014.05.09,17:00,39.59,39.84,39.55,39.55,1335
2014.05.09,18:00,39.54,39.60,39.45,39.46,1106
2014.05.09,19:00,39.45,39.68,39.44,39.66,993
2014.05.09,20:00,39.65,39.67,39.49,39.51,708
2014.05.09,21:00,39.50,39.58,39.36,39.52,881
2014.05.09,22:00,39.53,39.58,39.51,39.53,1365
2014.05.12,16:00,39.77,39.96,39.64,39.95,902
2014.05.12,17:00,39.96,39.98,39.84,39.86,1063
2014.05.12,18:00,39.87,39.96,39.85,39.93,903
2014.05.12,19:00,39.92,40.01,39.92,39.94,666
2014.05.12,20:00,39.95,39.99,39.90,39.91,825
2014.05.12,21:00,39.90,39.99,39.88,39.97,738
2014.05.12,22:00,39.98,40.01,39.90,39.94,1842
2014.05.13,16:00,39.87,40.37,39.84,40.31,1580
2014.05.13,17:00,40.30,40.49,40.30,40.41,2068
2014.05.13,18:00,40.42,40.43,40.19,40.27,1303
2014.05.13,19:00,40.26,40.38,40.22,40.35,881
2014.05.13,20:00,40.36,40.39,40.30,40.37,1082
2014.05.13,21:00,40.36,40.49,40.32,40.45,1240
2014.05.13,22:00,40.46,40.47,40.28,40.41,2697
2014.05.14,16:00,40.29,40.44,40.19,40.40,1232
2014.05.14,17:00,40.41,40.44,40.20,40.26,1268
2014.05.14,18:00,40.27,40.28,40.16,40.19,715
2014.05.14,19:00,40.20,40.35,40.19,40.27,633
2014.05.14,20:00,40.28,40.34,40.25,40.26,515
2014.05.14,21:00,40.27,40.30,40.19,40.22,639
2014.05.14,22:00,40.23,40.27,40.04,40.22,1466
2014.05.15,16:00,40.08,40.39,39.75,39.84,1502
2014.05.15,17:00,39.83,39.85,39.53,39.65,2039
2014.05.15,18:00,39.66,39.71,39.55,39.61,1313
2014.05.15,19:00,39.60,39.67,39.50,39.61,864
2014.05.15,20:00,39.60,39.69,39.53,39.59,847
2014.05.15,21:00,39.58,39.77,39.50,39.69,988
2014.05.15,22:00,39.70,39.72,39.55,39.61,1780
2014.05.16,16:00,39.66,39.73,39.43,39.61,1094
2014.05.16,17:00,39.62,39.68,39.32,39.50,1468
2014.05.16,18:00,39.51,39.58,39.41,39.44,849
2014.05.16,19:00,39.45,39.55,39.37,39.37,670
2014.05.16,20:00,39.38,39.47,39.26,39.39,878
2014.05.16,21:00,39.38,39.62,39.34,39.61,872
2014.05.16,22:00,39.60,39.83,39.58,39.82,2236
2014.05.19,16:00,39.67,39.74,39.46,39.66,987
2014.05.19,17:00,39.65,39.70,39.51,39.57,819
2014.05.19,18:00,39.58,39.67,39.55,39.65,869
2014.05.19,19:00,39.64,39.66,39.60,39.64,508
2014.05.19,20:00,39.63,39.72,39.59,39.71,652
2014.05.19,21:00,39.72,39.81,39.71,39.73,659
2014.05.19,22:00,39.72,39.80,39.69,39.73,1562
2014.05.20,16:00,39.67,39.91,39.51,39.59,938
2014.05.20,17:00,39.58,39.68,39.57,39.67,758
2014.05.20,18:00,39.68,39.73,39.61,39.71,754
2014.05.20,19:00,39.72,39.72,39.51,39.60,726
2014.05.20,20:00,39.59,39.61,39.45,39.54,976
2014.05.20,21:00,39.53,39.74,39.53,39.64,893
2014.05.20,22:00,39.63,39.79,39.61,39.68,1377
2014.05.21,16:00,39.79,40.23,39.73,40.09,943
2014.05.21,17:00,40.10,40.17,40.03,40.13,965
2014.05.21,18:00,40.12,40.14,39.96,40.10,908
2014.05.21,19:00,40.11,40.17,40.08,40.15,689
2014.05.21,20:00,40.16,40.19,40.13,40.16,670
2014.05.21,21:00,40.15,40.27,40.11,40.23,955
2014.05.21,22:00,40.24,40.34,40.22,40.33,2094
2014.05.22,16:00,40.28,40.34,40.01,40.02,868
2014.05.22,17:00,40.03,40.05,39.84,39.96,1203
2014.05.22,18:00,39.97,40.05,39.94,40.01,808
2014.05.22,19:00,40.00,40.04,39.96,39.97,574
2014.05.22,20:00,39.98,40.15,39.97,40.11,659
2014.05.22,21:00,40.10,40.21,40.10,40.21,523
2014.05.22,22:00,40.20,40.21,40.05,40.09,1465
2014.05.23,16:00,40.29,40.31,40.01,40.19,1047
2014.05.23,17:00,40.18,40.26,40.03,40.08,863
2014.05.23,18:00,40.07,40.13,40.03,40.08,881
2014.05.23,19:00,40.07,40.11,40.01,40.05,592
2014.05.23,20:00,40.06,40.07,39.99,40.07,559
2014.05.23,21:00,40.06,40.11,40.06,40.10,613
2014.05.23,22:00,40.09,40.12,40.05,40.11,1447
2014.05.27,16:00,40.25,40.25,39.80,39.90,1142
2014.05.27,17:00,39.89,40.01,39.89,39.97,1040
2014.05.27,18:00,39.98,40.07,39.92,39.97,1039
2014.05.27,19:00,39.96,40.08,39.93,39.94,667
2014.05.27,20:00,39.95,39.99,39.88,39.97,603
2014.05.27,21:00,39.98,39.98,39.90,39.95,707
2014.05.27,22:00,39.94,40.18,39.93,40.18,2005
2014.05.28,16:00,40.13,40.18,39.84,39.87,942
2014.05.28,17:00,39.86,39.94,39.81,39.91,1023
2014.05.28,18:00,39.92,40.18,39.88,40.07,1031
2014.05.28,19:00,40.08,40.12,39.95,39.97,722
2014.05.28,20:00,39.98,40.06,39.96,40.04,650
2014.05.28,21:00,40.03,40.07,39.98,40.03,836
2014.05.28,22:00,40.02,40.09,39.99,39.99,1345
2014.05.29,16:00,40.12,40.18,39.90,39.94,899
2014.05.29,17:00,39.93,40.09,39.93,40.04,951
2014.05.29,18:00,40.05,40.12,40.01,40.04,631
2014.05.29,19:00,40.03,40.08,40.01,40.02,517
2014.05.29,20:00,40.01,40.03,39.90,39.98,439
2014.05.29,21:00,39.99,40.12,39.98,40.10,669
2014.05.29,22:00,40.11,40.34,40.09,40.32,1692
2014.05.30,16:00,40.44,40.48,40.25,40.44,861
2014.05.30,17:00,40.43,40.93,40.42,40.73,1786
2014.05.30,18:00,40.72,40.80,40.59,40.66,1093
2014.05.30,19:00,40.65,40.79,40.62,40.70,1049
2014.05.30,20:00,40.69,40.81,40.67,40.80,874
2014.05.30,21:00,40.79,40.87,40.72,40.79,1148
2014.05.30,22:00,40.80,40.93,40.79,40.91,2811
2014.06.02,16:00,40.94,40.99,40.79,40.96,784
2014.06.02,17:00,40.95,41.07,40.85,40.99,1210
2014.06.02,18:00,40.98,41.00,40.85,40.86,959
2014.06.02,19:00,40.85,40.89,40.81,40.83,919
2014.06.02,20:00,40.84,40.87,40.74,40.78,584
2014.06.02,21:00,40.79,40.81,40.69,40.72,575
2014.06.02,22:00,40.71,40.82,40.67,40.78,1323
2014.06.03,16:00,40.67,40.67,40.34,40.45,929
2014.06.03,17:00,40.46,40.51,40.28,40.34,916
2014.06.03,18:00,40.33,40.39,40.30,40.36,628
2014.06.03,19:00,40.37,40.44,40.31,40.34,606
2014.06.03,20:00,40.33,40.41,40.32,40.34,582
2014.06.03,21:00,40.33,40.41,40.30,40.30,692
2014.06.03,22:00,40.31,40.31,40.24,40.28,1953
2014.06.04,16:00,40.20,40.32,40.08,40.10,786
2014.06.04,17:00,40.11,40.12,39.85,39.97,1259
2014.06.04,18:00,39.96,40.16,39.96,40.09,1007
2014.06.04,19:00,40.08,40.25,40.08,40.22,484
2014.06.04,20:00,40.23,40.28,40.18,40.27,597
2014.06.04,21:00,40.26,40.27,40.16,40.21,766
2014.06.04,22:00,40.20,40.36,40.20,40.31,1627
2014.06.05,16:00,40.58,40.59,40.42,40.54,1154
2014.06.05,17:00,40.53,40.67,40.39,40.67,1613
2014.06.05,18:00,40.66,40.81,40.56,40.80,1078
2014.06.05,19:00,40.79,40.96,40.79,40.92,969
2014.06.05,20:00,40.93,40.99,40.91,40.99,1511
2014.06.05,21:00,40.98,41.24,40.97,41.16,1475
2014.06.05,22:00,41.15,41.23,41.09,41.19,3390
2014.06.06,16:00,41.47,41.65,41.23,41.39,1332
2014.06.06,17:00,41.38,41.41,41.25,41.35,1157
2014.06.06,18:00,41.34,41.45,41.29,41.37,1352
2014.06.06,19:00,41.36,41.47,41.32,41.43,615
2014.06.06,20:00,41.42,41.44,41.30,41.44,833
2014.06.06,21:00,41.43,41.47,41.33,41.47,876
2014.06.06,22:00,41.46,41.58,41.36,41.47,2560
2014.06.09,16:00,41.39,41.47,41.12,41.24,893
2014.06.09,17:00,41.25,41.33,41.13,41.31,911
2014.06.09,18:00,41.32,41.36,41.25,41.32,906
2014.06.09,19:00,41.31,41.32,41.24,41.26,612
2014.06.09,20:00,41.25,41.27,41.12,41.12,662
2014.06.09,21:00,41.13,41.17,41.01,41.15,1059
2014.06.09,22:00,41.16,41.26,41.12,41.25,1389
2014.06.10,16:00,40.99,41.04,40.86,40.99,843
2014.06.10,17:00,41.00,41.13,40.99,41.12,773
2014.06.10,18:00,41.13,41.15,41.01,41.06,540
2014.06.10,19:00,41.05,41.12,41.03,41.09,417
2014.06.10,20:00,41.10,41.10,41.01,41.09,496
2014.06.10,21:00,41.10,41.10,41.01,41.02,611
2014.06.10,22:00,41.01,41.13,41.01,41.09,1293
2014.06.11,16:00,40.92,41.06,40.76,41.00,1094
2014.06.11,17:00,40.99,41.05,40.79,40.89,1030
2014.06.11,18:00,40.90,40.98,40.89,40.94,691
2014.06.11,19:00,40.95,40.96,40.88,40.93,483
2014.06.11,20:00,40.94,40.95,40.84,40.87,507
2014.06.11,21:00,40.86,40.89,40.80,40.82,737
2014.06.11,22:00,40.83,40.85,40.76,40.85,1706
2014.06.12,16:00,40.79,40.83,40.49,40.57,745
2014.06.12,17:00,40.56,40.70,40.45,40.52,957
2014.06.12,18:00,40.51,40.70,40.50,40.58,882
2014.06.12,19:00,40.59,40.68,40.49,40.55,541
2014.06.12,20:00,40.54,40.55,40.39,40.45,654
2014.06.12,21:00,40.44,40.48,40.36,40.37,701
2014.06.12,22:00,40.36,40.59,40.28,40.57,1960
2014.06.13,16:00,41.06,41.18,40.85,41.18,1696
2014.06.13,17:00,41.17,41.55,41.07,41.38,2438
2014.06.13,18:00,41.39,41.43,41.10,41.18,1359
2014.06.13,19:00,41.17,41.32,41.15,41.23,668
2014.06.13,20:00,41.24,41.34,41.17,41.34,653
2014.06.13,21:00,41.33,41.37,41.22,41.23,905
2014.06.13,22:00,41.24,41.28,41.08,41.21,1610
2014.06.16,16:00,41.03,41.44,41.03,41.42,1086
2014.06.16,17:00,41.44,41.59,41.40,41.54,1338
2014.06.16,18:00,41.53,41.54,41.15,41.26,824
2014.06.16,19:00,41.27,41.51,41.26,41.39,715
2014.06.16,20:00,41.38,41.54,41.36,41.41,1002
2014.06.16,21:00,41.42,41.60,41.37,41.53,889
2014.06.16,22:00,41.52,41.54,41.42,41.48,1789
2014.06.17,16:00,41.28,41.64,41.19,41.61,1044
2014.06.17,17:00,41.60,41.83,41.60,41.67,1596
2014.06.17,18:00,41.66,41.73,41.53,41.72,979
2014.06.17,19:00,41.73,41.81,41.67,41.77,803
2014.06.17,20:00,41.78,41.90,41.73,41.79,1147
2014.06.17,21:00,41.78,41.84,41.75,41.81,1183
2014.06.17,22:00,41.82,41.82,41.65,41.68,2472
2014.06.18,16:00,41.59,41.69,41.27,41.30,994
2014.06.18,17:00,41.29,41.37,41.21,41.21,1193
2014.06.18,18:00,41.20,41.30,41.19,41.26,912
2014.06.18,19:00,41.25,41.34,41.17,41.33,780
2014.06.18,20:00,41.32,41.40,41.20,41.23,785
2014.06.18,21:00,41.21,41.50,41.17,41.48,1266
2014.06.18,22:00,41.49,41.73,41.48,41.63,1753
2014.06.19,16:00,41.56,41.76,41.55,41.65,923
2014.06.19,17:00,41.64,41.73,41.47,41.53,1191
2014.06.19,18:00,41.54,41.55,41.41,41.50,852
2014.06.19,19:00,41.49,41.61,41.42,41.43,476
2014.06.19,20:00,41.44,41.47,41.32,41.42,610
2014.06.19,21:00,41.41,41.47,41.38,41.44,585
2014.06.19,22:00,41.43,41.48,41.37,41.48,1633
2014.06.20,16:00,41.44,41.81,41.37,41.75,1207
2014.06.20,17:00,41.76,41.78,41.62,41.75,1163
2014.06.20,18:00,41.76,41.81,41.72,41.72,1058
2014.06.20,19:00,41.73,41.73,41.58,41.71,1132
2014.06.20,20:00,41.72,41.77,41.66,41.66,1051
2014.06.20,21:00,41.67,41.74,41.66,41.72,1044
2014.06.20,22:00,41.71,41.82,41.65,41.67,2394
2014.06.23,16:00,41.70,41.99,41.68,41.97,1213
2014.06.23,17:00,41.98,41.98,41.79,41.81,1082
2014.06.23,18:00,41.80,41.82,41.68,41.70,801
2014.06.23,19:00,41.71,41.81,41.70,41.78,600
2014.06.23,20:00,41.79,41.87,41.68,41.86,666
2014.06.23,21:00,41.85,41.89,41.83,41.89,723
2014.06.23,22:00,41.88,41.99,41.84,41.98,1855
2014.06.24,16:00,41.82,41.84,41.55,41.64,1209
2014.06.24,17:00,41.65,41.78,41.62,41.72,1270
2014.06.24,18:00,41.73,41.77,41.71,41.76,841
2014.06.24,19:00,41.75,41.81,41.71,41.72,580
2014.06.24,20:00,41.71,41.77,41.55,41.76,865
2014.06.24,21:00,41.77,41.93,41.75,41.80,1339
2014.06.24,22:00,41.79,41.80,41.58,41.73,1895
2014.06.25,16:00,41.69,41.73,41.45,41.56,764
2014.06.25,17:00,41.57,41.81,41.50,41.80,832
2014.06.25,18:00,41.81,41.83,41.63,41.68,715
2014.06.25,19:00,41.69,41.74,41.65,41.73,670
2014.06.25,20:00,41.72,41.90,41.72,41.88,739
2014.06.25,21:00,41.87,41.93,41.85,41.90,680
2014.06.25,22:00,41.91,42.04,41.88,42.00,2138
2014.06.26,16:00,41.92,41.93,41.50,41.52,1256
2014.06.26,17:00,41.51,41.65,41.48,41.50,1339
2014.06.26,18:00,41.49,41.54,41.45,41.47,993
2014.06.26,19:00,41.46,41.53,41.42,41.51,901
2014.06.26,20:00,41.52,41.71,41.51,41.71,746
2014.06.26,21:00,41.70,41.72,41.56,41.65,817
2014.06.26,22:00,41.64,41.74,41.64,41.72,1659
2014.06.27,16:00,41.60,41.92,41.50,41.81,1039
2014.06.27,17:00,41.82,41.88,41.63,41.73,1039
2014.06.27,18:00,41.74,41.77,41.63,41.69,629
2014.06.27,19:00,41.70,41.71,41.51,41.61,668
2014.06.27,20:00,41.60,41.73,41.50,41.71,649
2014.06.27,21:00,41.70,41.97,41.70,41.91,797
2014.06.27,22:00,41.90,42.27,41.90,42.25,1924
2014.06.30,16:00,42.16,42.20,41.93,42.10,1235
2014.06.30,17:00,42.09,42.17,41.91,41.92,1277
2014.06.30,18:00,41.93,42.02,41.87,41.87,864
2014.06.30,19:00,41.88,42.01,41.87,41.91,738
2014.06.30,20:00,41.92,41.98,41.88,41.89,721
2014.06.30,21:00,41.88,41.92,41.73,41.74,1267
2014.06.30,22:00,41.75,41.79,41.69,41.70,2039
2014.07.01,16:00,41.85,42.06,41.68,41.90,1240
2014.07.01,17:00,41.91,42.08,41.89,42.08,1170
2014.07.01,18:00,42.09,42.14,42.01,42.04,814
2014.07.01,19:00,42.05,42.08,41.96,42.03,709
2014.07.01,20:00,42.04,42.08,41.99,42.01,701
2014.07.01,21:00,42.02,42.04,41.87,41.88,800
2014.07.01,22:00,41.89,41.91,41.80,41.86,1886
2014.07.02,16:00,41.74,41.75,41.57,41.65,1139
2014.07.02,17:00,41.64,41.66,41.52,41.55,1314
2014.07.02,18:00,41.56,41.76,41.55,41.75,910
2014.07.02,19:00,41.76,41.82,41.74,41.79,816
2014.07.02,20:00,41.78,41.80,41.69,41.75,619
2014.07.02,21:00,41.74,41.84,41.73,41.83,898
2014.07.02,22:00,41.84,41.89,41.77,41.88,1240
2014.07.03,16:00,41.90,41.98,41.55,41.61,1010
2014.07.03,17:00,41.60,41.86,41.60,41.69,996
2014.07.03,18:00,41.70,41.78,41.65,41.77,731
2014.07.03,19:00,41.76,41.83,41.68,41.76,1436
2014.07.07,16:00,41.74,41.91,41.71,41.89,802
2014.07.07,17:00,41.88,42.08,41.83,42.02,1065
2014.07.07,18:00,42.01,42.11,41.99,42.07,1016
2014.07.07,19:00,42.06,42.08,42.01,42.07,743
2014.07.07,20:00,42.08,42.09,42.05,42.05,697
2014.07.07,21:00,42.06,42.06,41.99,42.03,823
2014.07.07,22:00,42.04,42.05,41.91,41.99,1708
2014.07.08,16:00,41.86,41.97,41.74,41.83,1547
2014.07.08,17:00,41.82,41.85,41.60,41.82,1750
2014.07.08,18:00,41.81,41.87,41.73,41.81,1106
2014.07.08,19:00,41.82,41.85,41.79,41.84,820
2014.07.08,20:00,41.85,41.99,41.82,41.93,688
2014.07.08,21:00,41.94,41.99,41.88,41.90,1028
2014.07.08,22:00,41.91,41.92,41.74,41.78,1667
2014.07.09,16:00,41.97,41.98,41.64,41.64,1031
2014.07.09,17:00,41.65,41.80,41.52,41.72,1025
2014.07.09,18:00,41.73,41.78,41.60,41.62,728
2014.07.09,19:00,41.63,41.69,41.62,41.66,553
2014.07.09,20:00,41.65,41.66,41.60,41.60,504
2014.07.09,21:00,41.61,41.73,41.55,41.68,943
2014.07.09,22:00,41.67,41.77,41.61,41.66,1505
2014.07.10,16:00,41.36,41.60,41.04,41.33,2133
2014.07.10,17:00,41.34,41.75,41.33,41.74,1007
2014.07.10,18:00,41.75,41.84,41.64,41.72,849
2014.07.10,19:00,41.73,41.88,41.70,41.80,621
2014.07.10,20:00,41.79,41.99,41.79,41.90,615
2014.07.10,21:00,41.89,41.96,41.79,41.79,769
2014.07.10,22:00,41.78,41.84,41.66,41.67,1335
2014.07.11,16:00,41.69,41.78,41.47,41.49,1054
2014.07.11,17:00,41.50,41.72,41.48,41.72,928
2014.07.11,18:00,41.71,41.88,41.70,41.80,916
2014.07.11,19:00,41.79,41.90,41.77,41.87,685
2014.07.11,20:00,41.88,41.94,41.87,41.92,805
2014.07.11,21:00,41.93,42.01,41.90,41.95,884
2014.07.11,22:00,41.96,42.08,41.94,42.07,1605
2014.07.14,16:00,42.20,42.28,42.09,42.27,726
2014.07.14,17:00,42.28,42.44,42.19,42.27,1179
2014.07.14,18:00,42.26,42.37,42.23,42.28,1373
2014.07.14,19:00,42.29,42.42,42.27,42.39,1190
2014.07.14,20:00,42.38,42.41,42.34,42.37,1146
2014.07.14,21:00,42.36,42.37,42.19,42.25,1047
2014.07.14,22:00,42.24,42.25,42.03,42.13,2105
2014.07.15,16:00,42.32,42.46,42.25,42.32,1119
2014.07.15,17:00,42.33,42.39,42.16,42.24,1218
2014.07.15,18:00,42.23,42.27,42.07,42.09,1087
2014.07.15,19:00,42.08,42.22,42.02,42.14,991
2014.07.15,20:00,42.15,42.29,42.10,42.25,867
2014.07.15,21:00,42.24,42.39,42.23,42.31,848
2014.07.15,22:00,42.30,42.45,42.17,42.45,1369
2014.07.16,16:00,42.50,42.97,42.47,42.97,1406
2014.07.16,17:00,42.99,43.12,42.91,42.98,1948
2014.07.16,18:00,42.97,43.45,42.92,43.43,1996
2014.07.16,19:00,43.42,43.93,43.42,43.90,2637
2014.07.16,20:00,43.89,43.98,43.83,43.86,1620
2014.07.16,21:00,43.85,44.05,43.83,43.94,2017
2014.07.16,22:00,43.93,44.30,43.93,44.06,4114
2014.07.17,16:00,45.46,45.70,45.21,45.26,5130
2014.07.17,17:00,45.27,45.43,44.60,44.60,5240
2014.07.17,18:00,44.61,44.64,44.28,44.37,3075
2014.07.17,19:00,44.38,44.81,44.24,44.76,2175
2014.07.17,20:00,44.75,44.96,44.70,44.85,1985
2014.07.17,21:00,44.84,44.85,44.59,44.67,1809
2014.07.17,22:00,44.66,44.77,44.29,44.53,3620
2014.07.18,16:00,44.51,44.83,44.49,44.69,1164
2014.07.18,17:00,44.70,44.76,44.24,44.49,1858
2014.07.18,18:00,44.48,44.58,44.33,44.40,1292
2014.07.18,19:00,44.41,44.42,44.34,44.37,882
2014.07.18,20:00,44.38,44.40,44.27,44.38,844
2014.07.18,21:00,44.37,44.57,44.33,44.51,1107
2014.07.18,22:00,44.52,44.70,44.44,44.70,2312
2014.07.21,16:00,44.55,44.55,44.21,44.39,1588
2014.07.21,17:00,44.38,44.40,44.29,44.31,1521
2014.07.21,18:00,44.32,44.73,44.29,44.67,1211
2014.07.21,19:00,44.66,44.81,44.56,44.80,1155
2014.07.21,20:00,44.79,45.08,44.79,45.01,1287
2014.07.21,21:00,45.02,45.15,44.98,45.03,1261
2014.07.21,22:00,45.02,45.06,44.82,44.83,2032
2014.07.22,16:00,44.99,45.11,44.81,45.07,1270
2014.07.22,17:00,45.08,45.14,44.87,44.88,1919
2014.07.22,18:00,44.89,44.95,44.82,44.90,1704
2014.07.22,19:00,44.91,45.02,44.89,44.90,1409
2014.07.22,20:00,44.89,44.94,44.76,44.76,1247
2014.07.22,21:00,44.75,44.84,44.58,44.66,1722
2014.07.22,22:00,44.67,44.89,44.65,44.82,4052
2014.07.23,16:00,45.43,45.44,44.61,44.73,4351
2014.07.23,17:00,44.74,45.42,44.72,45.26,2759
2014.07.23,18:00,45.25,45.39,45.13,45.16,1846
2014.07.23,19:00,45.17,45.30,44.96,45.08,1671
2014.07.23,20:00,45.07,45.08,44.72,44.92,1453
2014.07.23,21:00,44.91,45.10,44.76,44.76,1352
2014.07.23,22:00,44.77,44.93,44.72,44.87,2376
2014.07.24,16:00,44.92,44.99,44.58,44.59,1229
2014.07.24,17:00,44.60,44.69,44.47,44.67,1691
2014.07.24,18:00,44.66,44.71,44.64,44.64,1249
2014.07.24,19:00,44.65,44.67,44.37,44.38,1228
2014.07.24,20:00,44.37,44.51,44.31,44.51,1140
2014.07.24,21:00,44.50,44.51,44.40,44.44,1067
2014.07.24,22:00,44.45,44.50,44.37,44.38,2838
2014.07.25,16:00,44.29,44.65,44.29,44.51,1164
2014.07.25,17:00,44.50,44.58,44.32,44.34,1414
2014.07.25,18:00,44.35,44.50,44.32,44.47,930
2014.07.25,19:00,44.46,44.52,44.40,44.50,963
2014.07.25,20:00,44.51,44.52,44.40,44.49,974
2014.07.25,21:00,44.48,44.54,44.45,44.49,1002
2014.07.25,22:00,44.50,44.50,44.45,44.48,1980
2014.07.28,16:00,44.35,44.50,44.27,44.31,1038
2014.07.28,17:00,44.30,44.30,44.01,44.04,1469
2014.07.28,18:00,44.05,44.41,44.02,44.22,1267
2014.07.28,19:00,44.21,44.24,44.11,44.21,717
2014.07.28,20:00,44.20,44.40,44.18,44.26,1270
2014.07.28,21:00,44.27,44.30,44.15,44.18,1090
2014.07.28,22:00,44.17,44.18,43.92,43.95,2310
2014.07.29,16:00,43.90,43.98,43.72,43.84,1225
2014.07.29,17:00,43.85,44.03,43.81,43.87,1708
2014.07.29,18:00,43.86,43.94,43.63,43.89,1284
2014.07.29,19:00,43.90,43.98,43.86,43.97,912
2014.07.29,20:00,43.98,44.00,43.87,43.99,942
2014.07.29,21:00,44.00,44.08,43.85,43.97,1574
2014.07.29,22:00,43.96,44.00,43.87,43.88,2522
2014.07.30,16:00,44.06,44.08,43.69,43.73,850
2014.07.30,17:00,43.74,43.77,43.28,43.42,2047
2014.07.30,18:00,43.41,43.50,43.34,43.44,1085
2014.07.30,19:00,43.45,43.54,43.41,43.52,811
2014.07.30,20:00,43.51,43.53,43.36,43.41,881
2014.07.30,21:00,43.42,43.47,43.32,43.39,1687
2014.07.30,22:00,43.38,43.58,43.32,43.56,1568
2014.07.31,16:00,43.37,43.60,43.29,43.32,1157
2014.07.31,17:00,43.31,43.42,43.07,43.16,1527
2014.07.31,18:00,43.15,43.41,43.15,43.38,1654
2014.07.31,19:00,43.37,43.41,43.20,43.40,877
2014.07.31,20:00,43.41,43.57,43.37,43.53,1264
2014.07.31,21:00,43.52,43.68,43.36,43.37,1186
2014.07.31,22:00,43.36,43.45,43.19,43.20,2136
2014.08.01,16:00,43.14,43.23,42.84,43.22,1110
2014.08.01,17:00,43.21,43.22,42.97,43.01,1405
2014.08.01,18:00,43.00,43.23,42.67,42.80,1637
2014.08.01,19:00,42.81,42.88,42.59,42.74,1291
2014.08.01,20:00,42.73,42.98,42.60,42.87,1223
2014.08.01,21:00,42.86,42.99,42.79,42.84,1141
2014.08.01,22:00,42.85,42.92,42.78,42.86,1951
2014.08.04,16:00,42.96,43.21,42.80,43.03,1325
2014.08.04,17:00,43.04,43.09,42.92,42.95,1729
2014.08.04,18:00,42.94,43.18,42.91,43.14,1590
2014.08.04,19:00,43.13,43.21,43.09,43.18,912
2014.08.04,20:00,43.17,43.19,43.06,43.15,929
2014.08.04,21:00,43.16,43.35,43.15,43.34,1127
2014.08.04,22:00,43.33,43.46,43.27,43.35,2647
2014.08.05,16:00,43.30,43.45,42.99,43.04,1119
2014.08.05,17:00,43.05,43.17,42.87,43.11,1934
2014.08.05,18:00,43.10,43.30,43.00,43.17,1303
2014.08.05,19:00,43.15,43.20,43.04,43.16,934
2014.08.05,20:00,43.15,43.27,42.84,42.90,1482
2014.08.05,21:00,42.89,43.06,42.82,42.92,1400
2014.08.05,22:00,42.91,43.13,42.84,43.07,2168
2014.08.06,16:00,42.73,42.73,42.20,42.64,1651
2014.08.06,17:00,42.65,43.08,42.64,43.06,1450
2014.08.06,18:00,43.05,43.14,42.82,43.12,1007
2014.08.06,19:00,43.11,43.16,42.95,43.03,841
2014.08.06,20:00,43.04,43.08,42.81,42.84,1070
2014.08.06,21:00,42.83,43.01,42.79,42.92,908
2014.08.06,22:00,42.91,42.96,42.73,42.75,1841
2014.08.07,16:00,42.78,43.38,42.64,43.30,1349
2014.08.07,17:00,43.29,43.42,43.07,43.25,1570
2014.08.07,18:00,43.24,43.29,43.05,43.20,1231
2014.08.07,19:00,43.19,43.24,43.05,43.21,869
2014.08.07,20:00,43.22,43.44,43.19,43.40,1032
2014.08.07,21:00,43.41,43.43,43.23,43.24,1091
2014.08.07,22:00,43.23,43.33,43.08,43.21,1897
2014.08.08,16:00,43.24,43.30,42.94,43.08,1349
2014.08.08,17:00,43.07,43.17,42.98,43.02,1334
2014.08.08,18:00,43.01,43.17,42.94,42.98,1203
2014.08.08,19:00,42.99,43.01,42.90,42.95,653
2014.08.08,20:00,42.96,43.21,42.93,43.14,1094
2014.08.08,21:00,43.15,43.22,43.11,43.18,890
2014.08.08,22:00,43.19,43.20,43.07,43.17,1527
2014.08.11,16:00,43.25,43.29,43.02,43.11,1219
2014.08.11,17:00,43.12,43.16,43.01,43.07,1128
2014.08.11,18:00,43.06,43.43,43.03,43.36,988
2014.08.11,19:00,43.37,43.44,43.26,43.27,840
2014.08.11,20:00,43.26,43.28,43.09,43.09,703
2014.08.11,21:00,43.08,43.20,43.05,43.15,928
2014.08.11,22:00,43.16,43.21,43.11,43.18,1409
2014.08.12,16:00,43.03,43.48,42.99,43.33,1353
2014.08.12,17:00,43.34,43.53,43.28,43.36,1466
2014.08.12,18:00,43.35,43.36,43.20,43.29,821
2014.08.12,19:00,43.28,43.38,43.24,43.34,601
2014.08.12,20:00,43.35,43.47,43.34,43.41,806
2014.08.12,21:00,43.40,43.47,43.30,43.38,1023
2014.08.12,22:00,43.37,43.58,43.37,43.52,1473
2014.08.13,16:00,43.64,43.84,43.51,43.57,1015
2014.08.13,17:00,43.58,43.84,43.55,43.82,1110
2014.08.13,18:00,43.83,43.99,43.82,43.88,1047
2014.08.13,19:00,43.89,44.17,43.85,44.06,1259
2014.08.13,20:00,44.05,44.11,43.94,43.94,910
2014.08.13,21:00,43.95,44.07,43.93,44.03,851
2014.08.13,22:00,44.04,44.09,43.97,44.06,1561
2014.08.14,16:00,44.02,44.32,44.02,44.26,860
2014.08.14,17:00,44.27,44.27,44.00,44.06,1162
2014.08.14,18:00,44.05,44.25,44.03,44.21,1187
2014.08.14,19:00,44.20,44.23,44.07,44.18,645
2014.08.14,20:00,44.17,44.32,44.14,44.30,704
2014.08.14,21:00,44.29,44.41,44.24,44.35,914
2014.08.14,22:00,44.34,44.36,44.23,44.27,1399
2014.08.15,16:00,44.57,44.77,44.47,44.61,1070
2014.08.15,17:00,44.60,44.72,44.47,44.61,1764
2014.08.15,18:00,44.60,44.64,44.40,44.48,1501
2014.08.15,19:00,44.47,44.61,44.39,44.53,1056
2014.08.15,20:00,44.52,44.66,44.44,44.58,994
2014.08.15,21:00,44.59,44.83,44.50,44.69,1299
2014.08.15,22:00,44.70,44.89,44.62,44.79,2079
2014.08.18,16:00,44.93,44.99,44.68,44.82,1108
2014.08.18,17:00,44.83,44.91,44.76,44.90,1293
2014.08.18,18:00,44.89,44.94,44.79,44.83,1025
2014.08.18,19:00,44.84,44.93,44.83,44.90,679
2014.08.18,20:00,44.89,44.95,44.85,44.92,712
2014.08.18,21:00,44.93,45.04,44.92,45.03,928
2014.08.18,22:00,45.02,45.10,45.00,45.09,1900
2014.08.19,16:00,44.96,45.01,44.82,44.93,1146
2014.08.19,17:00,44.94,45.24,44.87,45.21,1721
2014.08.19,18:00,45.22,45.24,45.00,45.04,1634
2014.08.19,19:00,45.05,45.09,45.02,45.03,932
2014.08.19,20:00,45.04,45.06,44.99,45.04,1697
2014.08.19,21:00,45.03,45.11,45.02,45.08,1508
2014.08.19,22:00,45.09,45.31,45.08,45.30,2800
2014.08.20,16:00,45.33,45.39,45.07,45.11,1038
2014.08.20,17:00,45.10,45.16,45.01,45.14,1424
2014.08.20,18:00,45.15,45.24,45.01,45.10,1083
2014.08.20,19:00,45.11,45.14,45.02,45.06,641
2014.08.20,20:00,45.07,45.07,44.94,44.99,1030
2014.08.20,21:00,44.98,45.03,44.89,44.99,864
2014.08.20,22:00,45.00,45.00,44.90,44.94,1377
2014.08.21,16:00,44.83,45.24,44.82,45.15,1139
2014.08.21,17:00,45.16,45.17,44.98,45.05,1309
2014.08.21,18:00,45.04,45.23,44.99,45.22,886
2014.08.21,19:00,45.21,45.23,45.09,45.12,751
2014.08.21,20:00,45.11,45.17,45.09,45.12,607
2014.08.21,21:00,45.11,45.16,45.08,45.13,870
2014.08.21,22:00,45.14,45.22,45.11,45.22,1624
2014.08.22,16:00,45.34,45.46,45.22,45.30,1057
2014.08.22,17:00,45.29,45.34,45.07,45.14,1211
2014.08.22,18:00,45.13,45.38,45.11,45.26,959
2014.08.22,19:00,45.25,45.30,45.20,45.21,718
2014.08.22,20:00,45.20,45.22,45.12,45.21,728
2014.08.22,21:00,45.22,45.22,45.10,45.15,665
2014.08.22,22:00,45.14,45.26,45.06,45.15,1292
