2013.06.24,17:00,30.14,30.16,30.06,30.12,136
2013.06.24,18:00,30.11,30.15,30.07,30.09,93
2013.06.24,19:00,30.11,30.36,30.09,30.20,93
2013.06.24,20:00,30.19,30.19,30.12,30.18,87
2013.06.24,21:00,30.17,30.28,30.16,30.27,74
2013.06.24,22:00,30.26,30.29,30.13,30.15,130
2013.06.25,16:00,30.45,30.49,30.13,30.17,211
2013.06.25,17:00,30.18,30.19,29.89,30.05,304
2013.06.25,18:00,30.04,30.05,29.91,29.91,139
2013.06.25,19:00,29.90,29.99,29.90,29.96,55
2013.06.25,20:00,29.97,29.99,29.89,29.92,75
2013.06.25,21:00,29.91,29.99,29.91,29.95,56
2013.06.25,22:00,29.97,30.03,29.93,29.96,75
2013.06.26,16:00,30.15,30.17,29.86,29.94,127
2013.06.26,17:00,29.96,30.00,29.96,29.98,77
2013.06.26,18:00,29.99,30.00,29.88,29.93,59
2013.06.26,19:00,29.94,30.00,29.94,29.96,17
2013.06.26,20:00,29.97,30.16,29.97,30.13,58
2013.06.26,21:00,30.14,30.18,30.09,30.09,46
2013.06.26,22:00,30.10,30.22,30.09,30.14,95
2013.06.27,16:00,30.35,30.56,30.30,30.51,133
2013.06.27,17:00,30.52,30.82,30.47,30.80,134
2013.06.27,18:00,30.79,30.89,30.79,30.84,91
2013.06.27,19:00,30.85,31.13,30.82,30.92,88
2013.06.27,20:00,30.91,30.95,30.81,30.81,70
2013.06.27,21:00,30.80,30.87,30.44,30.45,74
2013.06.27,22:00,30.46,30.63,30.45,30.45,95
2013.06.28,16:00,30.26,30.53,30.26,30.45,161
2013.06.28,17:00,30.46,30.72,30.39,30.67,129
2013.06.28,18:00,30.69,30.77,30.50,30.60,131
2013.06.28,19:00,30.61,30.61,30.40,30.42,117
2013.06.28,20:00,30.40,30.49,30.38,30.48,66
2013.06.28,21:00,30.49,30.60,30.48,30.56,70
2013.06.28,22:00,30.55,30.80,30.53,30.70,164
2013.07.01,16:00,30.91,30.97,30.73,30.80,91
2013.07.01,17:00,30.81,30.90,30.55,30.55,124
2013.07.01,18:00,30.56,30.58,30.46,30.56,68
2013.07.01,19:00,30.55,30.55,30.40,30.40,61
2013.07.01,20:00,30.41,30.49,30.35,30.35,55
2013.07.01,21:00,30.34,30.34,30.25,30.26,52
2013.07.01,22:00,30.25,30.25,30.07,30.10,83
2013.07.02,16:00,30.08,30.23,30.01,30.18,120
2013.07.02,17:00,30.17,30.33,30.16,30.22,102
2013.07.02,18:00,30.21,30.22,30.05,30.08,68
2013.07.02,19:00,30.07,30.07,29.95,30.06,69
2013.07.02,20:00,30.05,30.06,29.95,30.01,42
2013.07.02,21:00,30.00,30.03,29.96,29.99,102
2013.07.02,22:00,29.98,30.11,29.98,30.09,100
2013.07.03,16:00,30.04,30.40,30.04,30.40,108
2013.07.03,17:00,30.41,30.45,30.28,30.39,135
2013.07.03,18:00,30.41,30.62,30.38,30.62,72
2013.07.03,19:00,30.63,30.78,30.63,30.70,99
2013.07.03,20:00,30.69,30.78,30.66,30.72,56
2013.07.05,16:00,30.95,30.99,30.70,30.71,152
2013.07.05,17:00,30.70,30.86,30.54,30.85,192
2013.07.05,18:00,30.84,31.08,30.80,31.08,102
2013.07.05,19:00,31.07,31.17,31.00,31.02,85
2013.07.05,20:00,31.04,31.04,30.92,31.00,66
2013.07.05,21:00,31.02,31.14,31.00,31.13,102
2013.07.05,22:00,31.12,31.18,31.07,31.18,86
2013.07.08,16:00,31.31,31.38,31.25,31.35,153
2013.07.08,17:00,31.37,31.52,31.37,31.44,111
2013.07.08,18:00,31.45,31.50,31.38,31.40,56
2013.07.08,19:00,31.41,31.45,31.36,31.38,70
2013.07.08,20:00,31.37,31.49,31.33,31.47,53
2013.07.08,21:00,31.48,31.55,31.40,31.52,53
2013.07.08,22:00,31.51,31.63,31.47,31.63,93
2013.07.09,16:00,31.51,31.58,31.25,31.40,162
2013.07.09,17:00,31.39,31.49,31.23,31.42,121
2013.07.09,18:00,31.41,31.51,31.34,31.34,47
2013.07.09,19:00,31.35,31.43,31.33,31.40,48
2013.07.09,20:00,31.42,31.44,31.31,31.33,34
2013.07.09,21:00,31.35,31.51,31.34,31.46,25
2013.07.09,22:00,31.47,31.57,31.45,31.51,41
2013.07.10,16:00,31.37,31.42,31.11,31.18,133
2013.07.10,17:00,31.17,31.20,31.05,31.13,98
2013.07.10,18:00,31.12,31.20,31.09,31.20,52
2013.07.10,19:00,31.19,31.23,31.11,31.20,41
2013.07.10,20:00,31.19,31.19,31.13,31.15,32
2013.07.10,21:00,31.16,31.26,31.15,31.19,151
2013.07.10,22:00,31.20,31.34,31.16,31.22,134
2013.07.11,16:00,31.62,31.90,31.60,31.78,133
2013.07.11,17:00,31.80,31.89,31.72,31.89,81
2013.07.11,18:00,31.88,31.99,31.83,31.94,90
2013.07.11,19:00,31.93,31.99,31.86,31.98,40
2013.07.11,20:00,31.97,31.97,31.75,31.83,65
2013.07.11,21:00,31.82,31.97,31.72,31.91,86
2013.07.11,22:00,31.90,31.90,31.78,31.85,49
2013.07.12,16:00,31.90,31.98,31.82,31.86,132
2013.07.12,17:00,31.88,31.91,31.71,31.72,117
2013.07.12,18:00,31.71,31.72,31.47,31.48,62
2013.07.12,19:00,31.50,31.62,31.42,31.54,70
2013.07.12,20:00,31.56,31.73,31.56,31.61,58
2013.07.12,21:00,31.60,31.66,31.60,31.66,33
2013.07.12,22:00,31.65,31.65,31.24,31.24,149
2013.07.15,16:00,31.52,31.52,31.31,31.44,102
2013.07.15,17:00,31.45,31.77,31.45,31.75,80
2013.07.15,18:00,31.76,31.94,31.70,31.94,81
2013.07.15,19:00,31.93,31.94,31.83,31.92,58
2013.07.15,20:00,31.91,31.97,31.87,31.97,32
2013.07.15,21:00,31.98,32.03,31.93,31.97,47
2013.07.15,22:00,31.98,32.04,31.96,32.02,35
2013.07.16,16:00,32.00,32.00,31.86,31.95,144
2013.07.16,17:00,31.96,32.09,31.96,31.99,57
2013.07.16,18:00,32.00,32.14,31.98,32.02,72
2013.07.16,19:00,32.04,32.09,32.03,32.03,23
2013.07.16,20:00,32.02,32.07,32.01,32.07,14
2013.07.16,21:00,32.09,32.14,32.07,32.09,30
2013.07.16,22:00,32.08,32.11,31.98,32.00,41
2013.07.17,16:00,32.14,32.19,32.08,32.19,65
2013.07.17,17:00,32.18,32.29,32.18,32.29,95
2013.07.17,18:00,32.28,32.38,32.25,32.30,100
2013.07.17,19:00,32.31,32.43,32.30,32.33,42
2013.07.17,20:00,32.32,32.38,32.30,32.30,42
2013.07.17,21:00,32.31,32.31,32.05,32.13,60
2013.07.17,22:00,32.14,32.17,32.09,32.13,47
2013.07.18,16:00,32.00,32.45,32.00,32.23,132
2013.07.18,17:00,32.24,32.38,32.23,32.28,113
2013.07.18,18:00,32.30,32.35,32.19,32.22,58
2013.07.18,19:00,32.20,32.22,32.03,32.09,68
2013.07.18,20:00,32.08,32.08,31.81,31.96,106
2013.07.18,21:00,31.95,32.03,31.93,32.00,51
2013.07.18,22:00,31.98,32.05,31.92,32.00,53
2013.07.19,16:00,32.01,32.03,31.76,31.88,237
2013.07.19,17:00,31.89,31.98,31.58,31.69,201
2013.07.19,18:00,31.68,31.75,31.56,31.62,104
2013.07.19,19:00,31.60,31.77,31.51,31.71,95
2013.07.19,20:00,31.70,31.82,31.70,31.79,36
2013.07.19,21:00,31.80,31.89,31.76,31.78,49
2013.07.19,22:00,31.79,31.86,31.72,31.84,93
2013.07.22,16:00,31.78,31.89,31.70,31.79,102
2013.07.22,17:00,31.81,31.89,31.74,31.81,73
2013.07.22,18:00,31.80,31.89,31.73,31.79,51
2013.07.22,19:00,31.80,31.88,31.78,31.85,22
2013.07.22,20:00,31.86,31.88,31.78,31.81,24
2013.07.22,21:00,31.80,31.85,31.79,31.84,12
2013.07.22,22:00,31.83,31.88,31.80,31.87,33
2013.07.23,16:00,31.88,32.08,31.81,32.00,125
2013.07.23,17:00,31.99,32.07,31.91,31.95,95
2013.07.23,18:00,31.94,32.01,31.86,31.94,75
2013.07.23,19:00,31.93,32.04,31.91,32.03,39
2013.07.23,20:00,32.04,32.18,32.01,32.10,73
2013.07.23,21:00,32.09,32.18,32.01,32.15,49
2013.07.23,22:00,32.14,32.15,32.05,32.07,44
2013.07.24,16:00,32.36,32.54,32.30,32.35,169
2013.07.24,17:00,32.37,32.55,32.36,32.37,106
2013.07.24,18:00,32.38,32.48,32.30,32.40,105
2013.07.24,19:00,32.41,32.45,32.37,32.40,40
2013.07.24,20:00,32.39,32.39,32.33,32.39,43
2013.07.24,21:00,32.40,32.42,32.39,32.40,19
2013.07.24,22:00,32.39,32.41,32.35,32.39,37
2013.07.25,16:00,32.27,32.28,32.17,32.22,130
2013.07.25,17:00,32.21,32.29,32.02,32.03,141
2013.07.25,18:00,32.02,32.19,31.97,32.19,101
2013.07.25,19:00,32.18,32.24,32.17,32.22,75
2013.07.25,20:00,32.23,32.30,32.16,32.22,85
2013.07.25,21:00,32.21,32.28,32.20,32.21,70
2013.07.25,22:00,32.20,32.36,32.20,32.36,125
2013.07.26,16:00,32.30,32.46,32.16,32.42,128
2013.07.26,17:00,32.43,32.48,32.19,32.21,173
2013.07.26,18:00,32.20,32.31,32.16,32.26,129
2013.07.26,19:00,32.27,32.32,32.26,32.30,31
2013.07.26,20:00,32.26,32.45,32.26,32.44,47
2013.07.26,21:00,32.43,32.48,32.38,32.42,49
2013.07.26,22:00,32.43,32.59,32.41,32.54,69
2013.07.29,16:00,32.34,32.52,32.32,32.50,159
2013.07.29,17:00,32.49,32.53,32.36,32.41,94
2013.07.29,18:00,32.40,32.40,32.17,32.20,113
2013.07.29,19:00,32.21,32.34,32.21,32.32,52
2013.07.29,20:00,32.33,32.35,32.25,32.28,51
2013.07.29,21:00,32.29,32.54,32.29,32.54,60
2013.07.29,22:00,32.53,32.55,32.45,32.49,71
2013.07.30,16:00,32.64,32.64,32.52,32.54,130
2013.07.30,17:00,32.53,32.61,32.49,32.52,130
2013.07.30,18:00,32.51,32.65,32.50,32.62,57
2013.07.30,19:00,32.63,32.65,32.53,32.62,83
2013.07.30,20:00,32.61,32.62,32.51,32.61,86
2013.07.30,21:00,32.62,32.70,32.61,32.63,52
2013.07.30,22:00,32.62,32.69,32.57,32.57,78
2013.07.31,16:00,32.56,32.74,32.21,32.26,236
2013.07.31,17:00,32.25,32.47,31.95,32.42,297
2013.07.31,18:00,32.41,32.53,32.39,32.53,136
2013.07.31,19:00,32.52,32.52,32.42,32.43,75
2013.07.31,20:00,32.42,32.48,32.39,32.39,65
2013.07.31,21:00,32.41,32.58,32.31,32.56,156
2013.07.31,22:00,32.57,32.58,32.32,32.35,131
2013.08.01,16:00,32.64,32.71,32.45,32.65,191
2013.08.01,17:00,32.64,32.74,32.62,32.64,149
2013.08.01,18:00,32.66,32.81,32.65,32.80,46
2013.08.01,19:00,32.82,32.82,32.66,32.71,74
2013.08.01,20:00,32.70,32.74,32.68,32.73,67
2013.08.01,21:00,32.75,32.78,32.73,32.77,38
2013.08.01,22:00,32.78,32.80,32.65,32.72,67
2013.08.02,16:00,32.58,32.68,32.50,32.53,94
2013.08.02,17:00,32.54,32.61,32.49,32.52,110
2013.08.02,18:00,32.53,32.55,32.48,32.55,46
2013.08.02,19:00,32.57,32.64,32.56,32.60,56
2013.08.02,20:00,32.59,32.64,32.56,32.56,51
2013.08.02,21:00,32.55,32.57,32.50,32.50,33
2013.08.02,22:00,32.49,32.55,32.49,32.55,41
2013.08.05,16:00,32.60,32.76,32.57,32.75,107
2013.08.05,17:00,32.78,32.89,32.72,32.87,62
2013.08.05,18:00,32.88,32.88,32.75,32.78,69
2013.08.05,19:00,32.79,32.79,32.69,32.76,55
2013.08.05,20:00,32.75,32.82,32.70,32.81,53
2013.08.05,21:00,32.80,32.85,32.76,32.85,32
2013.08.05,22:00,32.84,32.85,32.76,32.76,44
2013.08.06,16:00,32.75,32.98,32.68,32.97,132
2013.08.06,17:00,32.98,33.21,32.96,33.03,200
2013.08.06,18:00,33.02,33.14,32.97,33.13,68
2013.08.06,19:00,33.14,33.15,33.07,33.14,54
2013.08.06,20:00,33.15,33.19,33.09,33.12,31
2013.08.06,21:00,33.11,33.17,33.00,33.00,49
2013.08.06,22:00,33.01,33.11,32.99,33.01,35
2013.08.07,16:00,32.74,32.99,32.70,32.78,140
2013.08.07,17:00,32.77,32.90,32.68,32.81,157
2013.08.07,18:00,32.82,32.89,32.74,32.76,92
2013.08.07,19:00,32.75,32.84,32.75,32.77,34
2013.08.07,20:00,32.79,32.82,32.76,32.80,27
2013.08.07,21:00,32.81,32.84,32.76,32.84,32
2013.08.07,22:00,32.83,32.87,32.76,32.79,30
2013.08.08,16:00,32.95,33.06,32.84,32.89,153
2013.08.08,17:00,32.88,32.89,32.75,32.87,132
2013.08.08,18:00,32.88,32.89,32.82,32.86,29
2013.08.08,19:00,32.87,32.94,32.81,32.90,81
2013.08.08,20:00,32.92,32.94,32.88,32.93,26
2013.08.08,21:00,32.94,33.00,32.92,32.94,40
2013.08.08,22:00,32.95,33.09,32.95,33.04,48
2013.08.09,16:00,32.91,33.10,32.88,33.08,96
2013.08.09,17:00,33.06,33.08,32.90,32.90,106
2013.08.09,18:00,32.89,32.94,32.70,32.92,99
2013.08.09,19:00,32.94,33.04,32.93,32.97,57
2013.08.09,20:00,32.98,33.06,32.98,33.00,40
2013.08.09,21:00,32.99,32.99,32.91,32.95,51
2013.08.09,22:00,32.96,32.98,32.87,32.90,39
2013.08.12,16:00,32.84,33.03,32.75,33.02,214
2013.08.12,17:00,33.01,33.24,32.98,33.23,188
2013.08.12,18:00,33.22,33.33,33.22,33.27,126
2013.08.12,19:00,33.26,33.27,33.21,33.25,75
2013.08.12,20:00,33.24,33.25,33.13,33.15,82
2013.08.12,21:00,33.17,33.27,33.15,33.27,42
2013.08.12,22:00,33.28,33.29,33.21,33.26,76
2013.08.13,16:00,33.39,33.45,33.19,33.21,183
2013.08.13,17:00,33.20,33.26,33.11,33.16,219
2013.08.13,18:00,33.15,33.23,33.13,33.19,120
2013.08.13,19:00,33.18,33.28,33.15,33.23,53
2013.08.13,20:00,33.24,33.36,33.24,33.27,71
2013.08.13,21:00,33.28,33.39,33.24,33.28,88
2013.08.13,22:00,33.29,33.35,33.26,33.27,66
2013.08.14,16:00,33.23,33.44,33.23,33.43,106
2013.08.14,17:00,33.44,33.48,33.31,33.37,123
2013.08.14,18:00,33.36,33.47,33.34,33.47,103
2013.08.14,19:00,33.49,33.61,33.49,33.59,78
2013.08.14,20:00,33.62,33.63,33.55,33.59,71
2013.08.14,21:00,33.61,33.64,33.51,33.55,69
2013.08.14,22:00,33.56,33.62,33.50,33.57,74
2013.08.15,16:00,33.19,33.19,32.76,32.83,185
2013.08.15,17:00,32.84,32.90,32.55,32.75,282
2013.08.15,18:00,32.76,32.87,32.72,32.76,132
2013.08.15,19:00,32.77,32.81,32.71,32.73,67
2013.08.15,20:00,32.72,32.83,32.72,32.74,122
2013.08.15,21:00,32.75,32.75,32.63,32.68,70
2013.08.15,22:00,32.69,32.75,32.54,32.71,73
2013.08.16,16:00,32.59,32.78,32.56,32.76,164
2013.08.16,17:00,32.75,32.84,32.60,32.77,241
2013.08.16,18:00,32.76,32.76,32.51,32.53,133
2013.08.16,19:00,32.54,32.55,32.39,32.39,133
2013.08.16,20:00,32.40,32.42,32.34,32.37,116
2013.08.16,21:00,32.36,32.40,32.30,32.39,84
2013.08.16,22:00,32.38,32.44,32.36,32.38,55
2013.08.19,16:00,32.42,32.69,32.35,32.67,187
2013.08.19,17:00,32.68,32.68,32.55,32.57,217
2013.08.19,18:00,32.56,32.58,32.35,32.38,141
2013.08.19,19:00,32.37,32.44,32.30,32.30,116
2013.08.19,20:00,32.29,32.38,32.25,32.31,99
2013.08.19,21:00,32.30,32.30,32.12,32.14,59
2013.08.19,22:00,32.13,32.13,32.01,32.03,69
2013.08.20,16:00,32.06,32.18,32.00,32.02,166
2013.08.20,17:00,32.03,32.33,32.00,32.26,179
2013.08.20,18:00,32.25,32.42,32.22,32.41,64
2013.08.20,19:00,32.42,32.42,32.25,32.33,61
2013.08.20,20:00,32.34,32.37,32.24,32.24,44
2013.08.20,21:00,32.23,32.25,32.16,32.23,37
2013.08.20,22:00,32.24,32.40,32.22,32.27,52
2013.08.21,16:00,32.19,32.52,32.10,32.39,186
2013.08.21,17:00,32.40,32.56,32.38,32.53,208
2013.08.21,18:00,32.52,32.55,32.38,32.43,89
2013.08.21,19:00,32.42,32.53,32.42,32.50,64
2013.08.21,20:00,32.49,32.55,32.45,32.47,69
2013.08.21,21:00,32.46,32.61,32.25,32.56,403
2013.08.21,22:00,32.55,32.58,32.28,32.31,139
2013.08.22,16:00,32.44,32.49,32.23,32.32,197
2013.08.22,17:00,32.33,32.35,32.25,32.26,152
2013.08.22,18:00,32.27,32.28,32.13,32.27,97
2013.08.22,19:00,32.28,32.30,32.18,32.22,61
2013.08.22,20:00,32.23,32.37,32.23,32.33,49
2013.08.22,21:00,32.32,32.34,32.30,32.32,32
2013.08.22,22:00,32.31,32.52,32.26,32.40,139
2013.08.23,16:00,32.35,32.65,32.25,32.26,221
2013.08.23,17:00,32.25,32.25,31.92,31.99,226
2013.08.23,18:00,31.98,31.99,31.81,31.90,97
2013.08.23,19:00,31.91,31.99,31.86,31.98,42
2013.08.23,20:00,31.97,31.98,31.91,31.92,19
2013.08.23,21:00,31.93,31.95,31.82,31.83,49
2013.08.23,22:00,31.82,31.87,31.77,31.77,40
2013.08.26,16:00,31.78,32.22,31.76,32.15,164
2013.08.26,17:00,32.14,32.28,32.09,32.25,200
2013.08.26,18:00,32.26,32.43,32.25,32.43,99
2013.08.26,19:00,32.44,32.59,32.38,32.53,74
2013.08.26,20:00,32.52,32.52,32.40,32.44,52
2013.08.26,21:00,32.43,32.53,32.42,32.53,37
2013.08.26,22:00,32.54,32.56,32.31,32.36,151
2013.08.27,16:00,31.67,32.19,31.59,32.00,243
2013.08.27,17:00,31.99,32.09,31.88,31.99,307
2013.08.27,18:00,31.98,32.00,31.87,31.93,211
2013.08.27,19:00,31.92,31.92,31.82,31.83,131
2013.08.27,20:00,31.82,31.94,31.80,31.85,98
2013.08.27,21:00,31.84,31.86,31.70,31.83,98
2013.08.27,22:00,31.82,31.86,31.75,31.78,136
2013.08.28,16:00,31.80,31.87,31.75,31.79,144
2013.08.28,17:00,31.78,31.89,31.74,31.74,180
2013.08.28,18:00,31.75,31.82,31.70,31.81,87
2013.08.28,19:00,31.80,31.87,31.74,31.83,86
2013.08.28,20:00,31.84,31.90,31.83,31.90,64
2013.08.28,21:00,31.89,31.89,31.75,31.77,33
2013.08.28,22:00,31.76,31.84,31.66,31.67,72
2013.08.29,16:00,31.57,31.79,31.57,31.70,138
2013.08.29,17:00,31.71,31.85,31.70,31.81,145
2013.08.29,18:00,31.82,31.97,31.82,31.90,81
2013.08.29,19:00,31.89,31.90,31.86,31.89,55
2013.08.29,20:00,31.88,31.90,31.79,31.80,58
2013.08.29,21:00,31.82,31.89,31.81,31.88,31
2013.08.29,22:00,31.89,31.89,31.68,31.68,56
2013.08.30,16:00,31.73,32.06,31.72,32.06,154
2013.08.30,17:00,32.05,32.08,31.88,31.96,232
2013.08.30,18:00,31.95,32.10,31.92,32.08,145
2013.08.30,19:00,32.07,32.07,31.96,32.02,78
2013.08.30,20:00,32.01,32.07,31.90,31.95,120
2013.08.30,21:00,31.94,32.01,31.90,32.01,37
2013.08.30,22:00,32.00,32.03,31.71,31.83,77
2013.09.03,16:00,32.17,32.35,32.16,32.23,132
2013.09.03,17:00,32.24,32.36,32.15,32.25,174
2013.09.03,18:00,32.27,32.32,32.01,32.02,135
2013.09.03,19:00,32.03,32.14,31.95,31.95,124
2013.09.03,20:00,31.96,32.00,31.82,31.85,106
2013.09.03,21:00,31.86,31.98,31.85,31.97,97
2013.09.03,22:00,31.98,32.11,31.97,32.00,72
2013.09.04,16:00,31.98,32.22,31.96,32.14,165
2013.09.04,17:00,32.15,32.39,32.15,32.39,74
2013.09.04,18:00,32.40,32.47,32.38,32.43,38
2013.09.04,19:00,32.42,32.45,32.34,32.38,40
2013.09.04,20:00,32.39,32.48,32.38,32.38,44
2013.09.04,21:00,32.39,32.41,32.38,32.39,28
2013.09.04,22:00,32.37,32.44,32.33,32.34,56
2013.09.05,16:00,32.39,32.50,32.20,32.39,153
2013.09.05,17:00,32.40,32.46,32.16,32.17,192
2013.09.05,18:00,32.18,32.42,32.18,32.42,122
2013.09.05,19:00,32.41,32.41,32.32,32.35,48
2013.09.05,20:00,32.37,32.39,32.28,32.29,50
2013.09.05,21:00,32.28,32.41,32.26,32.41,24
2013.09.05,22:00,32.42,32.42,32.23,32.24,37
2013.09.06,16:00,32.26,32.37,32.01,32.03,200
2013.09.06,17:00,32.02,32.23,31.85,32.22,260
2013.09.06,18:00,32.23,32.27,32.17,32.17,117
2013.09.06,19:00,32.18,32.26,32.18,32.21,49
2013.09.06,20:00,32.22,32.37,32.19,32.37,61
2013.09.06,21:00,32.38,32.44,32.34,32.34,43
2013.09.06,22:00,32.35,32.37,32.17,32.20,121
2013.09.09,16:00,32.27,32.54,32.26,32.53,208
2013.09.09,17:00,32.54,32.63,32.53,32.59,106
2013.09.09,18:00,32.60,32.71,32.59,32.62,86
2013.09.09,19:00,32.63,32.73,32.61,32.71,53
2013.09.09,20:00,32.72,32.73,32.66,32.73,30
2013.09.09,21:00,32.72,32.88,32.72,32.78,49
2013.09.09,22:00,32.77,32.82,32.73,32.77,46
2013.09.10,16:00,32.78,32.98,32.77,32.87,175
2013.09.10,17:00,32.89,32.97,32.84,32.92,152
2013.09.10,18:00,32.93,32.97,32.86,32.95,80
2013.09.10,19:00,32.96,32.96,32.75,32.81,42
2013.09.10,20:00,32.82,32.97,32.78,32.93,47
2013.09.10,21:00,32.92,32.92,32.77,32.86,51
2013.09.10,22:00,32.85,32.92,32.82,32.88,45
2013.09.11,16:00,32.92,32.93,32.74,32.89,162
2013.09.11,17:00,32.88,32.91,32.74,32.91,178
2013.09.11,18:00,32.92,33.13,32.89,33.00,97
2013.09.11,19:00,32.95,33.15,32.95,33.12,74
2013.09.11,20:00,33.14,33.22,33.05,33.12,71
2013.09.11,21:00,33.11,33.12,32.98,33.00,95
2013.09.11,22:00,32.99,33.07,32.94,32.99,108
2013.09.12,16:00,32.96,33.05,32.83,32.90,185
2013.09.12,17:00,32.92,33.00,32.81,32.88,128
2013.09.12,18:00,32.90,32.91,32.78,32.83,60
2013.09.12,19:00,32.82,32.90,32.78,32.90,48
2013.09.12,20:00,32.89,33.10,32.89,32.89,100
2013.09.12,21:00,32.87,32.94,32.83,32.92,62
2013.09.12,22:00,32.91,32.93,32.74,32.80,76
2013.09.13,16:00,32.85,32.85,32.52,32.80,155
2013.09.13,17:00,32.77,32.77,32.55,32.58,211
2013.09.13,18:00,32.59,32.69,32.58,32.68,60
2013.09.13,19:00,32.69,32.69,32.63,32.66,30
2013.09.13,20:00,32.65,32.65,32.60,32.62,24
2013.09.13,21:00,32.63,32.63,32.49,32.51,31
2013.09.13,22:00,32.52,32.61,32.35,32.43,85
2013.09.16,16:00,32.88,32.91,32.77,32.85,158
2013.09.16,17:00,32.86,33.14,32.81,33.04,160
2013.09.16,18:00,33.03,33.10,32.98,33.08,75
2013.09.16,19:00,33.07,33.14,32.98,32.98,58
2013.09.16,20:00,32.97,33.09,32.90,33.08,79
2013.09.16,21:00,33.09,33.09,33.00,33.00,38
2013.09.16,22:00,33.01,33.13,32.89,32.98,79
2013.09.17,16:00,32.95,33.24,32.93,33.19,157
2013.09.17,17:00,33.18,33.42,33.08,33.20,157
2013.09.17,18:00,33.19,33.21,33.09,33.15,74
2013.09.17,19:00,33.16,33.26,33.16,33.19,70
2013.09.17,20:00,33.20,33.25,33.16,33.25,79
2013.09.17,21:00,33.26,33.35,33.24,33.27,83
2013.09.17,22:00,33.30,33.32,33.25,33.28,42
2013.09.18,16:00,33.17,33.43,33.17,33.30,182
2013.09.18,17:00,33.29,33.34,33.22,33.30,173
2013.09.18,18:00,33.31,33.34,33.21,33.22,71
2013.09.18,19:00,33.24,33.37,33.13,33.31,84
2013.09.18,20:00,33.32,33.39,33.27,33.35,47
2013.09.18,21:00,33.39,33.74,33.39,33.73,623
2013.09.18,22:00,33.72,33.90,33.61,33.88,231
2013.09.19,16:00,33.61,33.78,33.26,33.50,527
2013.09.19,17:00,33.51,33.94,33.51,33.91,481
2013.09.19,18:00,33.90,33.97,33.54,33.63,346
2013.09.19,19:00,33.62,33.78,33.47,33.56,221
2013.09.19,20:00,33.55,33.80,33.53,33.66,114
2013.09.19,21:00,33.65,33.82,33.62,33.80,105
2013.09.19,22:00,33.81,33.94,33.80,33.91,138
2013.09.20,16:00,33.86,34.03,33.81,33.82,234
2013.09.20,17:00,33.81,34.02,33.79,33.86,178
2013.09.20,18:00,33.87,33.94,33.78,33.82,124
2013.09.20,19:00,33.81,33.85,33.75,33.85,66
2013.09.20,20:00,33.86,33.90,33.67,33.88,117
2013.09.20,21:00,33.89,34.00,33.88,33.96,128
2013.09.20,22:00,34.00,34.12,33.85,34.11,257
2013.09.23,16:00,33.84,34.11,33.84,34.01,200
2013.09.23,17:00,34.03,34.13,33.92,33.96,183
2013.09.23,18:00,33.97,34.00,33.75,33.94,151
2013.09.23,19:00,33.93,33.99,33.92,33.97,45
2013.09.23,20:00,33.98,34.21,33.93,34.20,100
2013.09.23,21:00,34.21,34.33,34.03,34.13,116
2013.09.23,22:00,34.14,34.15,33.94,33.94,86
2013.09.24,16:00,33.86,33.86,33.63,33.70,164
2013.09.24,17:00,33.69,33.84,33.60,33.84,185
2013.09.24,18:00,33.83,33.87,33.69,33.77,73
2013.09.24,19:00,33.76,33.85,33.75,33.80,45
2013.09.24,20:00,33.81,33.88,33.79,33.80,44
2013.09.24,21:00,33.79,33.81,33.69,33.79,52
2013.09.24,22:00,33.78,33.78,33.59,33.65,87
2013.09.25,16:00,33.79,34.01,33.72,33.87,260
2013.09.25,17:00,33.86,33.96,33.73,33.88,259
2013.09.25,18:00,33.87,33.99,33.86,33.99,88
2013.09.25,19:00,33.98,34.08,33.97,34.00,134
2013.09.25,20:00,34.01,34.04,33.89,33.97,133
2013.09.25,21:00,33.98,34.03,33.94,33.98,145
2013.09.25,22:00,33.99,34.00,33.88,33.89,109
2013.09.26,16:00,33.97,34.17,33.97,34.15,143
2013.09.26,17:00,34.14,34.25,33.95,33.96,112
2013.09.26,18:00,33.97,33.97,33.79,33.83,116
2013.09.26,19:00,33.84,33.95,33.78,33.89,87
2013.09.26,20:00,33.90,33.92,33.72,33.78,87
2013.09.26,21:00,33.77,33.81,33.69,33.73,137
2013.09.26,22:00,33.72,33.84,33.71,33.81,117
2013.09.27,16:00,33.61,33.76,33.52,33.67,345
2013.09.27,17:00,33.66,33.94,33.66,33.91,324
2013.09.27,18:00,33.92,33.92,33.65,33.85,245
2013.09.27,19:00,33.86,33.86,33.75,33.78,67
2013.09.27,20:00,33.79,33.83,33.74,33.74,72
2013.09.27,21:00,33.75,33.80,33.67,33.77,117
2013.09.27,22:00,33.76,33.80,33.68,33.76,106
2013.09.30,16:00,33.43,33.51,33.40,33.41,216
2013.09.30,17:00,33.42,33.48,33.33,33.39,289
2013.09.30,18:00,33.40,33.45,33.33,33.43,177
2013.09.30,19:00,33.44,33.44,33.23,33.34,124
2013.09.30,20:00,33.36,33.41,33.30,33.32,187
2013.09.30,21:00,33.33,33.37,33.24,33.27,140
2013.09.30,22:00,33.26,33.26,33.04,33.14,186
2013.10.01,16:00,33.19,33.47,33.06,33.22,352
2013.10.01,17:00,33.21,33.45,33.10,33.39,312
2013.10.01,18:00,33.38,33.48,33.27,33.47,182
2013.10.01,19:00,33.45,33.54,33.36,33.39,105
2013.10.01,20:00,33.49,33.49,33.32,33.39,111
2013.10.01,21:00,33.38,33.45,33.32,33.42,124
2013.10.01,22:00,33.43,33.49,33.39,33.49,121
2013.10.02,16:00,33.28,33.54,33.28,33.51,392
2013.10.02,17:00,33.50,33.63,33.32,33.57,451
2013.10.02,18:00,33.59,33.67,33.52,33.63,271
2013.10.02,19:00,33.64,33.72,33.57,33.64,166
2013.10.02,20:00,33.63,33.63,33.50,33.58,169
2013.10.02,21:00,33.57,33.64,33.53,33.56,160
2013.10.02,22:00,33.59,33.65,33.54,33.65,159
2013.10.03,16:00,33.53,33.67,33.44,33.50,295
2013.10.03,17:00,33.51,33.52,33.24,33.35,366
2013.10.03,18:00,33.34,33.42,33.14,33.17,365
2013.10.03,19:00,33.16,33.29,33.11,33.19,282
2013.10.03,20:00,33.27,33.32,33.22,33.28,221
2013.10.03,21:00,33.27,33.31,33.08,33.23,300
2013.10.03,22:00,33.24,33.33,33.19,33.21,252
2013.10.04,16:00,33.16,33.37,33.05,33.37,272
2013.10.04,17:00,33.38,33.49,33.28,33.45,335
2013.10.04,18:00,33.36,33.47,33.25,33.31,277
2013.10.04,19:00,33.32,33.35,33.25,33.29,176
2013.10.04,20:00,33.28,33.30,33.17,33.21,123
2013.10.04,21:00,33.23,33.28,33.17,33.23,115
2013.10.04,22:00,33.24,33.28,33.11,33.19,124
2013.10.07,16:00,32.83,33.15,32.80,33.14,292
2013.10.07,17:00,33.13,33.22,33.08,33.16,294
2013.10.07,18:00,33.15,33.21,33.07,33.10,178
2013.10.07,19:00,33.11,33.20,32.95,32.96,162
2013.10.07,20:00,33.02,33.05,32.92,33.05,184
2013.10.07,21:00,33.06,33.09,32.95,33.01,233
2013.10.07,22:00,32.99,33.05,32.83,32.83,175
2013.10.08,16:00,32.84,32.91,32.68,32.85,243
2013.10.08,17:00,32.86,32.88,32.46,32.52,414
2013.10.08,18:00,32.51,32.56,32.40,32.46,336
2013.10.08,19:00,32.47,32.59,32.38,32.57,250
2013.10.08,20:00,32.58,32.59,32.38,32.40,210
2013.10.08,21:00,32.39,32.54,32.27,32.47,328
2013.10.08,22:00,32.48,32.61,32.37,32.39,240
2013.10.09,16:00,32.41,32.45,32.28,32.31,286
2013.10.09,17:00,32.32,32.36,32.05,32.05,423
2013.10.09,18:00,32.06,32.20,32.00,32.11,289
2013.10.09,19:00,32.12,32.18,32.03,32.05,192
2013.10.09,20:00,32.06,32.25,32.03,32.20,170
2013.10.09,21:00,32.23,32.30,32.18,32.27,323
2013.10.09,22:00,32.26,32.31,32.10,32.18,256
2013.10.10,16:00,32.35,32.71,32.34,32.56,219
2013.10.10,17:00,32.55,32.70,32.47,32.70,209
2013.10.10,18:00,32.69,32.70,32.60,32.67,333
2013.10.10,19:00,32.68,32.71,32.61,32.61,138
2013.10.10,20:00,32.65,32.65,32.56,32.58,90
2013.10.10,21:00,32.59,32.70,32.56,32.69,110
2013.10.10,22:00,32.68,32.99,32.66,32.98,185
2013.10.11,16:00,33.10,33.31,32.96,33.29,222
2013.10.11,17:00,33.28,33.30,33.10,33.11,205
2013.10.11,18:00,33.12,33.30,33.08,33.21,153
2013.10.11,19:00,33.20,33.37,33.20,33.27,111
2013.10.11,20:00,33.26,33.34,33.21,33.24,114
2013.10.11,21:00,33.23,33.29,33.22,33.24,66
2013.10.11,22:00,33.25,33.28,33.18,33.24,101
2013.10.14,16:00,32.99,33.18,32.90,33.03,285
2013.10.14,17:00,33.04,33.24,32.99,33.14,415
2013.10.14,18:00,33.13,33.26,33.12,33.25,197
2013.10.14,19:00,33.22,33.27,33.15,33.24,176
2013.10.14,20:00,33.25,33.31,33.21,33.29,147
2013.10.14,21:00,33.30,33.32,33.18,33.22,170
2013.10.14,22:00,33.23,33.34,33.21,33.29,188
2013.10.15,16:00,33.12,33.24,32.94,33.02,304
2013.10.15,17:00,33.03,33.05,32.92,32.95,292
2013.10.15,18:00,32.94,33.05,32.94,32.97,234
2013.10.15,19:00,32.96,32.99,32.86,32.95,155
2013.10.15,20:00,32.96,32.96,32.89,32.93,114
2013.10.15,21:00,32.94,32.97,32.70,32.77,271
2013.10.15,22:00,32.76,32.90,32.70,32.76,242
2013.10.16,16:00,32.95,33.15,32.89,33.08,266
2013.10.16,17:00,33.09,33.19,33.01,33.14,442
2013.10.16,18:00,33.13,33.15,33.02,33.09,236
2013.10.16,19:00,33.07,33.16,33.03,33.14,152
2013.10.16,20:00,33.15,33.17,33.01,33.01,155
2013.10.16,21:00,33.07,33.09,32.93,32.99,111
2013.10.16,22:00,33.00,33.08,32.96,33.02,126
2013.10.17,16:00,32.64,32.86,32.51,32.85,232
2013.10.17,17:00,32.86,33.01,32.79,32.99,227
2013.10.17,18:00,33.00,33.04,32.97,32.99,123
2013.10.17,19:00,32.98,33.03,32.95,32.95,58
2013.10.17,20:00,32.96,32.96,32.65,32.80,105
2013.10.17,21:00,32.78,32.89,32.68,32.73,145
2013.10.17,22:00,32.74,32.89,32.71,32.85,165
2013.10.18,16:00,32.73,32.90,32.58,32.83,240
2013.10.18,17:00,32.84,32.91,32.78,32.81,256
2013.10.18,18:00,32.87,32.88,32.74,32.76,108
2013.10.18,19:00,32.75,32.90,32.75,32.88,67
2013.10.18,20:00,32.90,32.97,32.90,32.94,77
2013.10.18,21:00,32.95,32.99,32.90,32.95,41
2013.10.18,22:00,32.96,32.96,32.84,32.90,83
2013.10.21,16:00,33.22,33.39,33.10,33.31,300
2013.10.21,17:00,33.30,33.30,33.13,33.18,162
2013.10.21,18:00,33.16,33.16,32.99,33.00,63
2013.10.21,19:00,33.01,33.08,32.98,33.08,45
2013.10.21,20:00,33.07,33.09,33.03,33.04,33
2013.10.21,21:00,33.03,33.03,32.83,32.84,74
2013.10.21,22:00,32.85,32.94,32.85,32.94,91
2013.10.22,16:00,33.12,33.13,32.90,32.98,153
2013.10.22,17:00,33.00,33.13,32.93,33.00,175
2013.10.22,18:00,32.99,33.00,32.88,33.00,92
2013.10.22,19:00,33.01,33.05,32.95,33.05,64
2013.10.22,20:00,33.04,33.09,33.03,33.06,60
2013.10.22,21:00,33.07,33.09,32.95,32.95,89
2013.10.22,22:00,32.96,33.01,32.85,32.89,74
2013.10.23,16:00,32.86,32.86,32.53,32.56,194
2013.10.23,17:00,32.57,32.61,32.45,32.52,166
2013.10.23,18:00,32.53,32.58,32.48,32.50,90
2013.10.23,19:00,32.49,32.60,32.43,32.57,74
2013.10.23,20:00,32.56,32.60,32.54,32.58,61
2013.10.23,21:00,32.57,32.66,32.55,32.65,54
2013.10.23,22:00,32.66,32.71,32.60,32.70,89
2013.10.24,16:00,32.73,33.00,32.73,32.95,169
2013.10.24,17:00,32.96,33.09,32.92,33.07,187
2013.10.24,18:00,33.06,33.15,33.06,33.10,53
2013.10.24,19:00,33.11,33.20,33.07,33.19,56
2013.10.24,20:00,33.21,33.24,33.13,33.21,47
2013.10.24,21:00,33.20,33.22,33.18,33.20,26
2013.10.24,22:00,33.19,33.22,33.06,33.06,36
2013.10.25,16:00,33.18,33.34,33.10,33.34,192
2013.10.25,17:00,33.35,33.48,33.13,33.15,228
2013.10.25,18:00,33.14,33.21,33.03,33.08,111
2013.10.25,19:00,33.09,33.19,33.07,33.15,69
2013.10.25,20:00,33.16,33.16,33.09,33.11,46
2013.10.25,21:00,33.10,33.13,33.05,33.07,31
2013.10.25,22:00,33.08,33.14,33.02,33.13,64
2013.10.28,15:00,33.26,33.45,33.23,33.29,163
2013.10.28,16:00,33.28,33.41,33.25,33.25,108
2013.10.28,17:00,33.24,33.32,33.21,33.27,86
2013.10.28,18:00,33.28,33.29,33.19,33.24,42
2013.10.28,19:00,33.23,33.25,33.17,33.17,37
2013.10.28,20:00,33.18,33.22,33.18,33.21,16
2013.10.28,21:00,33.19,33.19,33.09,33.14,38
2013.10.29,15:00,33.36,33.41,33.26,33.32,136
2013.10.29,16:00,33.31,33.42,33.27,33.34,198
2013.10.29,17:00,33.35,33.49,33.35,33.47,96
2013.10.29,18:00,33.48,33.53,33.43,33.51,51
2013.10.29,19:00,33.52,33.64,33.48,33.59,43
2013.10.29,20:00,33.58,33.63,33.55,33.62,43
2013.10.29,21:00,33.61,33.71,33.57,33.71,45
2013.10.30,15:00,33.78,33.88,33.66,33.85,225
2013.10.30,16:00,33.84,33.94,33.82,33.88,136
2013.10.30,17:00,33.89,33.90,33.61,33.63,79
2013.10.30,18:00,33.65,33.70,33.60,33.67,43
2013.10.30,19:00,33.66,33.66,33.57,33.58,15
2013.10.30,20:00,33.59,33.69,33.42,33.57,378
2013.10.30,21:00,33.56,33.66,33.53,33.53,78
2013.10.31,15:00,33.49,33.75,33.44,33.66,213
2013.10.31,16:00,33.67,33.90,33.59,33.83,265
2013.10.31,17:00,33.84,33.86,33.68,33.68,101
2013.10.31,18:00,33.67,33.78,33.67,33.67,84
2013.10.31,19:00,33.66,33.70,33.62,33.70,58
2013.10.31,20:00,33.69,33.79,33.67,33.68,76
2013.10.31,21:00,33.67,33.71,33.49,33.50,106
2013.11.01,15:00,33.74,33.80,33.67,33.76,153
2013.11.01,16:00,33.77,33.81,33.62,33.64,214
2013.11.01,17:00,33.63,33.63,33.43,33.50,120
2013.11.01,18:00,33.51,33.63,33.51,33.57,61
2013.11.01,19:00,33.56,33.59,33.47,33.50,49
2013.11.01,20:00,33.51,33.58,33.48,33.55,30
2013.11.01,21:00,33.56,33.62,33.51,33.53,68
2013.11.04,16:00,33.67,33.74,33.62,33.64,82
2013.11.04,17:00,33.62,33.63,33.46,33.49,87
2013.11.04,18:00,33.50,33.66,33.48,33.64,79
2013.11.04,19:00,33.65,33.68,33.62,33.63,32
2013.11.04,20:00,33.62,33.67,33.59,33.64,32
2013.11.04,21:00,33.63,33.67,33.61,33.64,28
2013.11.04,22:00,33.72,33.74,33.69,33.71,14
2013.11.05,16:00,33.61,33.69,33.41,33.45,121
2013.11.05,17:00,33.46,33.52,33.41,33.50,86
2013.11.05,18:00,33.49,33.51,33.46,33.49,40
2013.11.05,19:00,33.48,33.53,33.44,33.47,33
2013.11.05,20:00,33.48,33.51,33.45,33.48,31
2013.11.05,21:00,33.49,33.53,33.48,33.50,16
2013.11.05,22:00,33.52,33.53,33.50,33.50,22
2013.11.06,16:00,33.72,33.90,33.66,33.87,136
2013.11.06,17:00,33.88,34.03,33.86,33.93,130
2013.11.06,18:00,33.92,34.02,33.89,34.00,83
2013.11.06,19:00,33.99,34.14,33.94,34.11,104
2013.11.06,20:00,34.12,34.33,34.11,34.19,86
2013.11.06,21:00,34.21,34.24,34.13,34.21,70
2013.11.06,22:00,34.20,34.26,34.03,34.06,120
2013.11.07,16:00,34.16,34.45,34.16,34.37,175
2013.11.07,17:00,34.38,34.45,34.16,34.16,314
2013.11.07,18:00,34.17,34.29,33.98,34.28,188
2013.11.07,19:00,34.30,34.37,34.27,34.29,73
2013.11.07,20:00,34.28,34.30,34.10,34.15,94
2013.11.07,21:00,34.16,34.16,33.97,33.98,92
2013.11.07,22:00,33.97,34.02,33.94,33.99,81
2013.11.08,16:00,33.90,33.99,33.76,33.83,219
2013.11.08,17:00,33.84,34.14,33.77,34.12,214
2013.11.08,18:00,34.13,34.22,34.08,34.20,95
2013.11.08,19:00,34.21,34.25,34.17,34.19,65
2013.11.08,20:00,34.18,34.26,34.14,34.21,55
2013.11.08,21:00,34.22,34.25,34.17,34.23,57
2013.11.08,22:00,34.22,34.33,34.15,34.33,71
2013.11.11,16:00,34.32,34.62,34.32,34.51,251
2013.11.11,17:00,34.52,34.58,34.41,34.45,187
2013.11.11,18:00,34.44,34.47,34.33,34.43,83
2013.11.11,19:00,34.42,34.42,34.32,34.37,32
2013.11.11,20:00,34.38,34.39,34.34,34.36,32
2013.11.11,21:00,34.35,34.37,34.28,34.33,33
2013.11.11,22:00,34.32,34.40,34.31,34.36,42
2013.11.12,16:00,34.48,34.61,34.27,34.58,134
2013.11.12,17:00,34.59,34.77,34.50,34.73,129
2013.11.12,18:00,34.74,34.84,34.65,34.68,99
2013.11.12,19:00,34.70,34.77,34.65,34.71,89
2013.11.12,20:00,34.70,34.72,34.65,34.65,46
2013.11.12,21:00,34.66,34.77,34.66,34.77,34
2013.11.12,22:00,34.78,34.81,34.70,34.70,63
2013.11.13,16:00,34.61,34.91,34.59,34.88,153
2013.11.13,17:00,34.89,34.90,34.74,34.79,167
2013.11.13,18:00,34.78,34.79,34.71,34.73,83
2013.11.13,19:00,34.72,34.85,34.65,34.85,72
2013.11.13,20:00,34.86,34.93,34.81,34.90,48
2013.11.13,21:00,34.91,34.91,34.82,34.82,26
2013.11.13,22:00,34.83,34.97,34.75,34.97,76
2013.11.14,16:00,34.25,34.54,34.06,34.23,386
2013.11.14,17:00,34.24,34.35,34.13,34.35,220
2013.11.14,18:00,34.34,34.53,34.33,34.48,87
2013.11.14,19:00,34.47,34.51,34.32,34.33,79
2013.11.14,20:00,34.34,34.43,34.30,34.42,73
2013.11.14,21:00,34.41,34.47,34.32,34.35,61
2013.11.14,22:00,34.36,34.40,34.34,34.37,43
2013.11.15,16:00,34.31,34.57,34.31,34.55,147
2013.11.15,17:00,34.57,34.57,34.39,34.53,152
2013.11.15,18:00,34.52,34.64,34.51,34.56,60
2013.11.15,19:00,34.55,34.76,34.54,34.71,82
2013.11.15,20:00,34.72,34.78,34.69,34.69,34
2013.11.15,21:00,34.70,34.72,34.67,34.72,22
2013.11.15,22:00,34.73,34.92,34.73,34.91,98
2013.11.18,16:00,34.85,34.93,34.82,34.92,106
2013.11.18,17:00,34.91,34.94,34.85,34.94,110
2013.11.18,18:00,34.95,34.98,34.87,34.90,47
2013.11.18,19:00,34.91,34.99,34.90,34.98,51
2013.11.18,20:00,34.99,35.12,34.98,35.07,71
2013.11.18,21:00,35.06,35.08,34.92,34.96,74
2013.11.18,22:00,34.97,34.98,34.84,34.91,144
2013.11.19,16:00,34.95,34.95,34.72,34.80,151
2013.11.19,17:00,34.81,34.94,34.71,34.79,115
2013.11.19,18:00,34.78,34.78,34.63,34.72,72
2013.11.19,19:00,34.71,34.81,34.66,34.66,74
2013.11.19,20:00,34.67,34.74,34.64,34.67,57
2013.11.19,21:00,34.69,34.73,34.63,34.68,66
2013.11.19,22:00,34.69,34.78,34.69,34.75,62
2013.11.20,16:00,34.82,34.96,34.81,34.90,211
2013.11.20,17:00,34.89,34.96,34.79,34.87,176
2013.11.20,18:00,34.86,34.96,34.85,34.92,68
2013.11.20,19:00,34.93,34.96,34.89,34.91,27
2013.11.20,20:00,34.92,34.95,34.87,34.92,17
2013.11.20,21:00,34.91,34.91,34.73,34.80,261
2013.11.20,22:00,34.81,34.81,34.66,34.75,117
2013.11.21,16:00,34.86,34.96,34.80,34.94,181
2013.11.21,17:00,34.95,35.04,34.81,34.81,126
2013.11.21,18:00,34.80,34.96,34.72,34.80,54
2013.11.21,19:00,34.79,34.79,34.72,34.75,40
2013.11.21,20:00,34.76,34.81,34.71,34.78,26
2013.11.21,21:00,34.79,34.84,34.76,34.81,31
2013.11.21,22:00,34.82,34.97,34.82,34.95,63
2013.11.22,16:00,34.78,34.96,34.78,34.89,144
2013.11.22,17:00,34.90,34.94,34.81,34.83,96
2013.11.22,18:00,34.84,34.86,34.75,34.77,38
2013.11.22,19:00,34.78,34.78,34.75,34.75,8
2013.11.22,20:00,34.76,34.79,34.73,34.76,22
2013.11.22,21:00,34.77,34.79,34.75,34.75,23
2013.11.22,22:00,34.76,34.82,34.73,34.82,38
2013.11.25,16:00,34.91,34.94,34.75,34.75,192
2013.11.25,17:00,34.76,34.76,34.60,34.61,156
2013.11.25,18:00,34.60,34.71,34.60,34.70,59
2013.11.25,19:00,34.71,34.91,34.71,34.90,75
2013.11.25,20:00,34.91,34.92,34.83,34.83,52
2013.11.25,21:00,34.84,34.85,34.80,34.85,31
2013.11.25,22:00,34.84,34.85,34.76,34.78,61
2013.11.26,16:00,34.68,34.79,34.61,34.74,175
2013.11.26,17:00,34.75,34.95,34.68,34.94,129
2013.11.26,18:00,34.96,35.07,34.94,35.00,81
2013.11.26,19:00,35.01,35.07,34.94,34.94,50
2013.11.26,20:00,34.93,34.99,34.91,34.96,40
2013.11.26,21:00,34.97,35.09,34.96,35.07,25
2013.11.26,22:00,35.08,35.15,34.94,34.95,72
2013.11.27,16:00,35.01,35.28,35.01,35.21,157
2013.11.27,17:00,35.22,35.32,35.22,35.25,118
2013.11.27,18:00,35.27,35.27,35.20,35.21,37
2013.11.27,19:00,35.20,35.28,35.17,35.17,43
2013.11.27,20:00,35.18,35.31,35.18,35.28,51
2013.11.27,21:00,35.29,35.39,35.29,35.36,35
2013.11.27,22:00,35.35,35.36,35.26,35.28,43
2013.11.29,16:00,35.07,35.37,35.04,35.29,221
2013.11.29,17:00,35.30,35.36,35.25,35.36,65
2013.11.29,18:00,35.37,35.40,35.34,35.36,45
2013.11.29,19:00,35.35,35.39,35.25,35.29,74
2013.12.02,16:00,35.34,35.37,35.07,35.12,210
2013.12.02,17:00,35.11,35.16,35.06,35.15,150
2013.12.02,18:00,35.17,35.20,35.09,35.20,49
2013.12.02,19:00,35.19,35.20,35.02,35.10,55
2013.12.02,20:00,35.09,35.19,35.09,35.16,50
2013.12.02,21:00,35.15,35.15,35.07,35.13,28
2013.12.02,22:00,35.14,35.15,34.96,35.06,78
2013.12.03,16:00,34.86,35.00,34.86,34.96,186
2013.12.03,17:00,34.98,35.10,34.94,35.09,114
2013.12.03,18:00,35.10,35.10,34.92,35.02,140
2013.12.03,19:00,35.01,35.08,35.00,35.03,68
2013.12.03,20:00,35.02,35.04,34.96,34.97,79
2013.12.03,21:00,34.98,35.06,34.96,35.04,79
2013.12.03,22:00,35.03,35.06,34.97,35.06,67
2013.12.04,16:00,34.90,35.03,34.89,34.99,132
2013.12.04,17:00,34.98,35.17,34.98,35.04,149
2013.12.04,18:00,35.03,35.03,34.89,34.95,70
2013.12.04,19:00,34.94,34.98,34.90,34.97,67
2013.12.04,20:00,34.99,35.01,34.82,34.84,130
2013.12.04,21:00,34.83,35.01,34.82,35.01,86
2013.12.04,22:00,35.02,35.13,34.98,35.06,71
2013.12.05,16:00,35.14,35.14,34.99,35.08,187
2013.12.05,17:00,35.07,35.12,34.99,35.07,181
2013.12.05,18:00,35.06,35.07,34.91,35.00,122
2013.12.05,19:00,34.99,35.00,34.97,34.97,61
2013.12.05,20:00,34.98,34.99,34.92,34.96,44
2013.12.05,21:00,34.97,34.97,34.90,34.94,72
2013.12.05,22:00,34.93,34.98,34.81,34.85,143
2013.12.06,16:00,35.12,35.41,35.12,35.33,192
2013.12.06,17:00,35.34,35.43,35.17,35.23,180
2013.12.06,18:00,35.21,35.36,35.21,35.35,86
2013.12.06,19:00,35.34,35.43,35.34,35.40,39
2013.12.06,20:00,35.39,35.46,35.37,35.44,36
2013.12.06,21:00,35.45,35.48,35.42,35.43,38
2013.12.06,22:00,35.44,35.49,35.40,35.48,72
2013.12.09,16:00,35.43,35.73,35.40,35.72,127
2013.12.09,17:00,35.73,35.74,35.56,35.69,165
2013.12.09,18:00,35.68,35.70,35.52,35.55,78
2013.12.09,19:00,35.56,35.65,35.56,35.62,45
2013.12.09,20:00,35.64,35.68,35.64,35.66,46
2013.12.09,21:00,35.65,35.71,35.63,35.65,42
2013.12.09,22:00,35.66,35.68,35.58,35.61,33
2013.12.10,16:00,35.36,35.45,35.14,35.22,230
2013.12.10,17:00,35.24,35.24,35.11,35.16,150
2013.12.10,18:00,35.15,35.17,34.97,34.99,60
2013.12.10,19:00,34.98,35.06,34.97,35.01,29
2013.12.10,20:00,35.00,35.06,34.99,34.99,22
2013.12.10,21:00,34.98,34.99,34.91,34.92,43
2013.12.10,22:00,34.93,34.94,34.77,34.81,92
2013.12.11,16:00,34.90,35.05,34.79,34.92,113
2013.12.11,17:00,34.91,34.93,34.76,34.76,167
2013.12.11,18:00,34.75,34.77,34.69,34.71,106
2013.12.11,19:00,34.70,34.70,34.59,34.60,76
2013.12.11,20:00,34.59,34.68,34.56,34.68,70
2013.12.11,21:00,34.67,34.67,34.59,34.59,68
2013.12.11,22:00,34.60,34.61,34.42,34.54,111
2013.12.12,16:00,33.81,33.87,33.30,33.52,340
2013.12.12,17:00,33.51,33.67,33.29,33.62,308
2013.12.12,18:00,33.61,33.88,33.61,33.81,115
2013.12.12,19:00,33.80,33.82,33.63,33.73,94
2013.12.12,20:00,33.74,33.77,33.66,33.69,71
2013.12.12,21:00,33.70,33.77,33.64,33.76,55
2013.12.12,22:00,33.75,33.76,33.52,33.59,84
2013.12.13,16:00,33.66,33.67,33.36,33.43,186
2013.12.13,17:00,33.42,33.46,33.33,33.33,118
2013.12.13,18:00,33.35,33.39,33.31,33.34,52
2013.12.13,19:00,33.33,33.39,33.33,33.38,20
2013.12.13,20:00,33.37,33.37,33.32,33.35,21
2013.12.13,21:00,33.36,33.37,33.25,33.30,35
2013.12.13,22:00,33.31,33.37,33.22,33.22,66
2013.12.16,16:00,33.36,33.73,33.35,33.71,242
2013.12.16,17:00,33.73,33.82,33.70,33.75,117
2013.12.16,18:00,33.76,33.86,33.72,33.85,99
2013.12.16,19:00,33.87,33.87,33.76,33.76,58
2013.12.16,20:00,33.75,33.82,33.68,33.71,71
2013.12.16,21:00,33.72,33.73,33.57,33.61,50
2013.12.16,22:00,33.60,33.60,33.45,33.54,74
2013.12.17,16:00,33.58,33.77,33.57,33.74,79
2013.12.17,17:00,33.73,33.75,33.54,33.55,103
2013.12.17,18:00,33.53,33.53,33.38,33.46,85
2013.12.17,19:00,33.47,33.49,33.44,33.46,38
2013.12.17,20:00,33.47,33.50,33.45,33.50,43
2013.12.17,21:00,33.49,33.55,33.47,33.50,52
2013.12.17,22:00,33.56,33.66,33.56,33.62,60
2013.12.18,16:00,33.87,34.09,33.77,33.87,151
2013.12.18,17:00,33.88,34.03,33.86,33.97,91
2013.12.18,18:00,33.98,34.00,33.81,33.82,39
2013.12.18,19:00,33.81,33.89,33.81,33.84,50
2013.12.18,20:00,33.83,33.90,33.76,33.84,66
2013.12.18,21:00,33.80,34.32,33.73,34.22,521
2013.12.18,22:00,34.21,34.75,34.19,34.72,230
2013.12.19,16:00,35.53,36.39,35.49,36.13,472
2013.12.19,17:00,36.09,36.23,35.94,36.21,357
2013.12.19,18:00,36.20,36.38,36.06,36.20,190
2013.12.19,19:00,36.22,36.53,36.20,36.48,140
2013.12.19,20:00,36.49,36.90,36.41,36.82,233
2013.12.19,21:00,36.81,36.95,36.75,36.92,187
2013.12.19,22:00,36.91,36.94,36.56,36.59,213
2013.12.20,16:00,36.62,36.68,36.42,36.59,133
2013.12.20,17:00,36.60,36.72,36.43,36.71,197
2013.12.20,18:00,36.70,36.78,36.65,36.68,132
2013.12.20,19:00,36.69,36.78,36.61,36.66,77
2013.12.20,20:00,36.67,36.69,36.55,36.60,83
2013.12.20,21:00,36.59,36.64,36.52,36.57,70
2013.12.20,22:00,36.58,36.64,36.39,36.46,114
2013.12.23,16:00,36.54,36.74,36.52,36.59,171
2013.12.23,17:00,36.58,36.76,36.55,36.74,182
2013.12.23,18:00,36.73,36.88,36.71,36.86,86
2013.12.23,19:00,36.87,36.88,36.79,36.81,64
2013.12.23,20:00,36.80,36.84,36.76,36.84,72
2013.12.23,21:00,36.83,36.89,36.81,36.89,39
2013.12.23,22:00,36.88,37.01,36.86,36.94,90
2013.12.24,16:00,36.92,37.04,36.92,37.01,51
2013.12.24,17:00,37.02,37.12,36.88,37.11,139
2013.12.24,18:00,37.10,37.32,37.08,37.32,112
2013.12.26,16:00,37.30,37.54,37.30,37.54,114
2013.12.26,17:00,37.56,37.71,37.54,37.56,87
2013.12.26,18:00,37.55,37.55,37.39,37.52,88
2013.12.26,19:00,37.51,37.59,37.50,37.57,64
2013.12.26,20:00,37.58,37.68,37.55,37.68,48
2013.12.26,21:00,37.67,37.72,37.63,37.66,60
2013.12.26,22:00,37.65,37.74,37.63,37.69,74
2013.12.27,16:00,37.90,38.21,37.88,38.18,168
2013.12.27,17:00,38.17,38.17,37.78,37.79,110
2013.12.27,18:00,37.80,38.17,37.80,38.10,121
2013.12.27,19:00,38.09,38.09,37.92,37.99,89
2013.12.27,20:00,37.98,38.09,37.96,38.08,60
2013.12.27,21:00,38.09,38.19,38.06,38.06,46
2013.12.27,22:00,38.08,38.09,37.97,37.98,48
2013.12.30,16:00,37.96,38.01,37.91,37.98,85
2013.12.30,17:00,37.97,37.97,37.81,37.90,84
2013.12.30,18:00,37.91,38.03,37.90,37.98,67
2013.12.30,19:00,37.97,38.04,37.95,38.04,35
2013.12.30,20:00,38.03,38.10,38.03,38.06,49
2013.12.30,21:00,38.07,38.08,37.96,37.97,42
2013.12.30,22:00,37.98,38.00,37.96,37.99,37
2013.12.31,16:00,37.92,38.22,37.91,38.16,100
2013.12.31,17:00,38.17,38.22,38.11,38.17,69
2013.12.31,18:00,38.18,38.22,38.16,38.22,44
2014.01.02,16:00,37.83,37.93,37.55,37.92,404
2014.01.02,17:00,37.91,37.95,37.70,37.94,346
2014.01.02,18:00,37.93,38.01,37.86,37.90,171
2014.01.02,19:00,37.89,37.96,37.82,37.88,130
2014.01.02,20:00,37.89,37.93,37.78,37.91,128
2014.01.02,21:00,37.92,37.99,37.84,37.93,121
2014.01.02,22:00,37.94,37.99,37.83,37.83,129
2014.01.03,16:00,37.65,37.85,37.57,37.68,248
2014.01.03,17:00,37.69,37.80,37.58,37.64,155
2014.01.03,18:00,37.63,37.66,37.56,37.63,78
2014.01.03,19:00,37.64,37.78,37.64,37.76,42
2014.01.03,20:00,37.75,37.76,37.64,37.65,65
2014.01.03,21:00,37.66,37.67,37.56,37.64,47
2014.01.03,22:00,37.65,37.71,37.60,37.60,56
2014.01.06,16:00,37.57,37.67,37.53,37.66,142
2014.01.06,17:00,37.65,37.79,37.58,37.58,195
2014.01.06,18:00,37.57,37.63,37.48,37.60,115
2014.01.06,19:00,37.61,37.61,37.41,37.51,94
2014.01.06,20:00,37.52,37.71,37.50,37.68,86
2014.01.06,21:00,37.69,37.74,37.63,37.69,70
2014.01.06,22:00,37.68,37.68,37.46,37.46,78
2014.01.07,16:00,37.62,37.68,37.49,37.55,144
2014.01.07,17:00,37.56,37.73,37.52,37.61,136
2014.01.07,18:00,37.60,37.74,37.60,37.64,83
2014.01.07,19:00,37.65,37.83,37.62,37.81,89
2014.01.07,20:00,37.80,37.86,37.75,37.76,73
2014.01.07,21:00,37.75,37.82,37.74,37.79,65
2014.01.07,22:00,37.80,37.92,37.80,37.83,59
2014.01.08,16:00,37.72,37.83,37.67,37.77,204
2014.01.08,17:00,37.79,37.87,37.65,37.85,175
2014.01.08,18:00,37.86,37.90,37.68,37.71,87
2014.01.08,19:00,37.72,37.74,37.67,37.70,41
2014.01.08,20:00,37.71,37.79,37.68,37.79,43
2014.01.08,21:00,37.78,37.82,37.70,37.73,138
2014.01.08,22:00,37.74,37.75,37.56,37.68,96
2014.01.09,16:00,37.75,37.84,37.48,37.64,192
2014.01.09,17:00,37.65,37.65,37.46,37.61,346
2014.01.09,18:00,37.60,37.64,37.52,37.58,105
2014.01.09,19:00,37.57,37.64,37.49,37.64,59
2014.01.09,20:00,37.63,37.67,37.61,37.65,45
2014.01.09,21:00,37.66,37.68,37.58,37.67,76
2014.01.09,22:00,37.68,37.77,37.63,37.65,85
2014.01.10,16:00,37.72,37.83,37.66,37.69,195
2014.01.10,17:00,37.68,37.78,37.59,37.70,255
2014.01.10,18:00,37.71,37.85,37.70,37.79,118
2014.01.10,19:00,37.78,38.02,37.77,37.96,69
2014.01.10,20:00,37.97,38.01,37.80,37.81,54
2014.01.10,21:00,37.80,37.93,37.80,37.92,58
2014.01.10,22:00,37.93,38.13,37.93,38.11,107
2014.01.13,16:00,37.90,38.17,37.89,38.05,213
2014.01.13,17:00,38.06,38.19,37.90,38.00,236
2014.01.13,18:00,37.99,38.18,37.98,38.18,102
2014.01.13,19:00,38.17,38.17,37.92,38.00,127
2014.01.13,20:00,37.99,38.00,37.78,37.86,123
2014.01.13,21:00,37.85,37.93,37.76,37.79,170
2014.01.13,22:00,37.78,37.88,37.70,37.74,194
2014.01.14,16:00,37.78,37.89,37.70,37.75,184
2014.01.14,17:00,37.76,38.05,37.76,38.02,158
2014.01.14,18:00,38.03,38.16,38.01,38.16,99
2014.01.14,19:00,38.15,38.19,38.13,38.14,90
2014.01.14,20:00,38.15,38.19,38.12,38.12,55
2014.01.14,21:00,38.13,38.21,38.08,38.18,94
2014.01.14,22:00,38.19,38.24,38.15,38.19,72
2014.01.15,16:00,38.25,38.29,38.12,38.29,137
2014.01.15,17:00,38.30,38.33,38.13,38.19,152
2014.01.15,18:00,38.20,38.41,38.19,38.41,127
2014.01.15,19:00,38.40,38.43,38.36,38.41,63
2014.01.15,20:00,38.42,38.55,38.42,38.55,77
2014.01.15,21:00,38.54,38.56,38.48,38.50,42
2014.01.15,22:00,38.51,38.56,38.40,38.41,74
2014.01.16,16:00,38.36,38.76,38.33,38.63,173
2014.01.16,17:00,38.61,38.72,38.52,38.52,183
2014.01.16,18:00,38.51,38.51,38.40,38.45,90
2014.01.16,19:00,38.44,38.44,38.17,38.31,101
2014.01.16,20:00,38.32,38.36,38.25,38.32,60
2014.01.16,21:00,38.31,38.31,38.23,38.30,55
2014.01.16,22:00,38.31,38.36,38.25,38.29,62
2014.01.17,16:00,38.19,38.22,38.07,38.19,203
2014.01.17,17:00,38.18,38.37,38.08,38.37,205
2014.01.17,18:00,38.38,38.46,38.28,38.32,90
2014.01.17,19:00,38.33,38.40,38.32,38.39,52
2014.01.17,20:00,38.37,38.37,38.19,38.28,60
2014.01.17,21:00,38.29,38.29,38.17,38.18,58
2014.01.17,22:00,38.19,38.21,38.03,38.19,131
2014.01.21,16:00,38.43,38.44,37.95,38.20,215
2014.01.21,17:00,38.19,38.28,37.92,38.01,204
2014.01.21,18:00,38.00,38.01,37.80,37.91,162
2014.01.21,19:00,37.90,37.97,37.82,37.95,71
2014.01.21,20:00,37.96,38.04,37.94,38.03,41
2014.01.21,21:00,38.02,38.09,38.02,38.04,67
2014.01.21,22:00,38.03,38.12,38.02,38.08,109
2014.01.22,16:00,37.98,38.20,37.95,38.05,220
2014.01.22,17:00,38.06,38.18,38.02,38.09,167
2014.01.22,18:00,38.08,38.14,38.01,38.14,99
2014.01.22,19:00,38.16,38.27,38.09,38.09,68
2014.01.22,20:00,38.10,38.11,38.02,38.05,36
2014.01.22,21:00,38.06,38.20,38.05,38.11,32
2014.01.22,22:00,38.12,38.14,37.99,37.99,52
2014.01.23,16:00,38.19,38.23,38.00,38.08,248
2014.01.23,17:00,38.09,38.20,38.06,38.19,185
2014.01.23,18:00,38.18,38.25,38.14,38.20,131
2014.01.23,19:00,38.19,38.20,38.12,38.15,83
2014.01.23,20:00,38.14,38.17,37.95,37.97,104
2014.01.23,21:00,37.98,38.02,37.93,37.99,58
2014.01.23,22:00,38.00,38.16,37.96,38.14,106
2014.01.24,16:00,37.85,37.85,37.63,37.67,147
2014.01.24,17:00,37.66,37.72,37.41,37.51,181
2014.01.24,18:00,37.52,37.59,37.35,37.58,163
2014.01.24,19:00,37.59,37.66,37.51,37.62,116
2014.01.24,20:00,37.61,37.71,37.50,37.51,62
2014.01.24,21:00,37.49,37.49,37.33,37.35,131
2014.01.24,22:00,37.34,37.39,37.13,37.19,197
2014.01.27,16:00,37.23,37.35,36.94,36.97,205
2014.01.27,17:00,36.98,37.07,36.84,36.84,349
2014.01.27,18:00,36.85,36.97,36.66,36.70,277
2014.01.27,19:00,36.69,36.69,36.50,36.60,187
2014.01.27,20:00,36.59,36.78,36.59,36.60,112
2014.01.27,21:00,36.59,36.75,36.59,36.74,144
2014.01.27,22:00,36.73,36.74,36.50,36.50,183
2014.01.28,16:00,36.71,36.79,36.58,36.60,150
2014.01.28,17:00,36.59,36.75,36.59,36.71,219
2014.01.28,18:00,36.72,36.76,36.62,36.74,136
2014.01.28,19:00,36.75,36.82,36.69,36.77,79
2014.01.28,20:00,36.78,36.93,36.78,36.91,132
2014.01.28,21:00,36.93,37.02,36.91,37.01,84
2014.01.28,22:00,37.02,37.12,37.00,37.09,108
2014.01.29,16:00,37.15,37.23,36.90,37.03,275
2014.01.29,17:00,37.04,37.18,36.94,37.16,295
2014.01.29,18:00,37.17,37.24,37.08,37.13,129
2014.01.29,19:00,37.12,37.15,36.95,36.99,90
2014.01.29,20:00,36.98,37.04,36.94,37.01,103
2014.01.29,21:00,36.98,37.07,36.70,36.86,647
2014.01.29,22:00,36.85,37.10,36.80,36.96,384
2014.01.30,16:00,37.21,37.28,37.07,37.13,267
2014.01.30,17:00,37.12,37.31,37.09,37.22,274
2014.01.30,18:00,37.21,37.47,37.16,37.40,177
2014.01.30,19:00,37.42,37.51,37.32,37.51,136
2014.01.30,20:00,37.50,37.55,37.45,37.48,83
2014.01.30,21:00,37.47,37.51,37.38,37.45,118
2014.01.30,22:00,37.46,37.54,37.38,37.40,111
2014.01.31,16:00,36.90,37.19,36.83,36.83,381
2014.01.31,17:00,36.85,36.92,36.68,36.86,307
2014.01.31,18:00,36.87,37.07,36.84,37.00,168
2014.01.31,19:00,37.01,37.10,36.86,36.99,139
2014.01.31,20:00,37.00,37.07,36.93,37.06,109
2014.01.31,21:00,37.08,37.13,37.00,37.06,95
2014.01.31,22:00,37.05,37.05,36.80,36.88,167
2014.02.03,16:00,37.10,37.10,36.80,36.86,250
2014.02.03,17:00,36.84,36.84,36.33,36.45,504
2014.02.03,18:00,36.44,36.50,36.04,36.06,300
2014.02.03,19:00,36.07,36.20,35.97,36.05,221
2014.02.03,20:00,36.06,36.09,35.82,35.88,264
2014.02.03,21:00,35.87,36.04,35.85,35.87,246
2014.02.03,22:00,35.86,35.99,35.82,35.85,205
2014.02.04,16:00,35.63,35.91,35.45,35.91,413
2014.02.04,17:00,35.92,35.99,35.71,35.76,358
2014.02.04,18:00,35.75,35.96,35.75,35.95,175
2014.02.04,19:00,35.96,35.97,35.85,35.88,99
2014.02.04,20:00,35.87,36.01,35.86,35.91,80
2014.02.04,21:00,35.90,35.97,35.88,35.96,74
2014.02.04,22:00,35.97,35.99,35.84,35.95,143
2014.02.05,16:00,35.55,35.89,35.53,35.80,200
2014.02.05,17:00,35.78,36.00,35.65,35.78,495
2014.02.05,18:00,35.79,36.14,35.67,36.13,264
2014.02.05,19:00,36.14,36.20,36.05,36.12,139
2014.02.05,20:00,36.13,36.25,36.09,36.13,132
2014.02.05,21:00,36.12,36.15,35.95,35.99,122
2014.02.05,22:00,35.98,36.05,35.93,35.95,115
2014.02.06,16:00,36.25,36.34,36.12,36.32,210
2014.02.06,17:00,36.31,36.64,36.30,36.57,242
2014.02.06,18:00,36.56,36.82,36.56,36.56,249
2014.02.06,19:00,36.58,36.72,36.58,36.63,99
2014.02.06,20:00,36.64,36.67,36.50,36.52,135
2014.02.06,21:00,36.53,36.54,36.39,36.46,124
2014.02.06,22:00,36.47,36.73,36.44,36.71,125
2014.02.07,16:00,36.79,36.96,36.75,36.77,354
2014.02.07,17:00,36.76,36.98,36.71,36.92,262
2014.02.07,18:00,36.93,37.14,36.89,37.14,119
2014.02.07,19:00,37.13,37.13,37.01,37.09,62
2014.02.07,20:00,37.10,37.18,37.07,37.11,59
2014.02.07,21:00,37.12,37.13,37.05,37.09,56
2014.02.07,22:00,37.10,37.22,37.08,37.11,88
2014.02.10,16:00,37.12,37.39,37.09,37.35,215
2014.02.10,17:00,37.36,37.43,37.27,37.36,201
2014.02.10,18:00,37.37,37.43,37.32,37.39,88
2014.02.10,19:00,37.38,37.39,37.32,37.33,54
2014.02.10,20:00,37.32,37.36,37.27,37.36,41
2014.02.10,21:00,37.35,37.38,37.32,37.33,46
2014.02.10,22:00,37.32,37.32,37.21,37.29,54
2014.02.11,16:00,37.44,37.70,37.41,37.51,203
2014.02.11,17:00,37.50,37.55,37.42,37.49,255
2014.02.11,18:00,37.50,37.67,37.44,37.65,131
2014.02.11,19:00,37.64,37.66,37.57,37.59,50
2014.02.11,20:00,37.60,37.78,37.60,37.73,82
2014.02.11,21:00,37.74,37.84,37.71,37.84,90
2014.02.11,22:00,37.83,37.89,37.80,37.83,81
2014.02.12,16:00,37.70,37.94,37.66,37.94,175
2014.02.12,17:00,37.95,38.06,37.88,38.00,259
2014.02.12,18:00,37.99,38.11,37.87,38.11,122
2014.02.12,19:00,38.10,38.24,38.06,38.21,107
2014.02.12,20:00,38.20,38.21,38.12,38.12,76
2014.02.12,21:00,38.11,38.13,37.93,37.98,71
2014.02.12,22:00,37.99,38.06,37.97,38.05,67
2014.02.13,16:00,37.84,38.05,37.78,38.01,273
2014.02.13,17:00,38.02,38.24,37.98,38.23,231
2014.02.13,18:00,38.24,38.27,38.14,38.25,132
2014.02.13,19:00,38.26,38.28,38.21,38.27,62
2014.02.13,20:00,38.28,38.38,38.28,38.36,51
2014.02.13,21:00,38.37,38.48,38.36,38.48,65
2014.02.13,22:00,38.47,38.48,38.38,38.42,69
2014.02.14,16:00,38.22,38.29,38.12,38.14,197
2014.02.14,17:00,38.15,38.26,38.05,38.08,221
2014.02.14,18:00,38.09,38.13,38.05,38.07,96
2014.02.14,19:00,38.06,38.07,37.97,37.99,53
2014.02.14,20:00,37.98,38.03,37.97,37.99,47
2014.02.14,21:00,38.01,38.08,37.98,38.04,71
2014.02.14,22:00,38.06,38.06,37.92,37.96,63
2014.02.18,16:00,38.02,38.10,37.73,37.80,243
2014.02.18,17:00,37.78,38.05,37.75,37.97,274
2014.02.18,18:00,37.98,38.07,37.96,38.02,84
2014.02.18,19:00,38.03,38.09,37.95,37.96,44
2014.02.18,20:00,37.98,37.98,37.86,37.87,28
2014.02.18,21:00,37.88,38.03,37.88,37.97,44
2014.02.18,22:00,37.96,38.02,37.94,37.97,40
2014.02.19,16:00,37.91,38.05,37.82,38.05,173
2014.02.19,17:00,38.06,38.29,38.02,38.27,146
2014.02.19,18:00,38.26,38.28,38.04,38.04,77
2014.02.19,19:00,38.02,38.07,37.92,38.05,153
2014.02.19,20:00,38.04,38.20,38.02,38.12,85
2014.02.19,21:00,38.11,38.22,38.03,38.12,250
2014.02.19,22:00,38.11,38.13,37.86,37.86,193
2014.02.20,16:00,37.80,37.99,37.70,37.75,239
2014.02.20,17:00,37.74,37.97,37.72,37.95,244
2014.02.20,18:00,37.96,38.07,37.85,38.03,144
2014.02.20,19:00,38.04,38.27,38.03,38.27,137
2014.02.20,20:00,38.28,38.30,38.24,38.28,55
2014.02.20,21:00,38.27,38.31,38.22,38.31,98
2014.02.20,22:00,38.30,38.34,38.25,38.26,71
2014.02.21,16:00,38.24,38.48,38.23,38.46,218
2014.02.21,17:00,38.47,38.48,38.27,38.28,172
2014.02.21,18:00,38.29,38.34,38.19,38.34,98
2014.02.21,19:00,38.36,38.38,38.28,38.29,38
2014.02.21,20:00,38.28,38.34,38.25,38.27,43
2014.02.21,21:00,38.26,38.27,38.16,38.21,71
2014.02.21,22:00,38.22,38.25,38.08,38.09,87
2014.02.24,16:00,38.06,38.30,38.04,38.24,224
2014.02.24,17:00,38.25,38.28,38.12,38.24,195
2014.02.24,18:00,38.25,38.43,38.19,38.40,156
2014.02.24,19:00,38.41,38.44,38.36,38.39,77
2014.02.24,20:00,38.40,38.44,38.31,38.43,51
2014.02.24,21:00,38.44,38.45,38.34,38.34,65
2014.02.24,22:00,38.33,38.33,38.13,38.13,79
2014.02.25,16:00,38.05,38.12,37.91,37.92,220
2014.02.25,17:00,37.93,38.24,37.89,38.15,283
2014.02.25,18:00,38.16,38.41,38.09,38.31,145
2014.02.25,19:00,38.30,38.42,38.29,38.39,105
2014.02.25,20:00,38.38,38.41,38.31,38.31,61
2014.02.25,21:00,38.32,38.36,38.24,38.35,79
2014.02.25,22:00,38.34,38.36,38.19,38.25,125
2014.02.26,16:00,38.35,38.62,38.35,38.51,214
2014.02.26,17:00,38.53,38.73,38.51,38.64,290
2014.02.26,18:00,38.63,38.72,38.56,38.60,103
2014.02.26,19:00,38.61,38.82,38.60,38.81,85
2014.02.26,20:00,38.80,38.81,38.71,38.75,87
2014.02.26,21:00,38.76,38.76,38.44,38.53,140
2014.02.26,22:00,38.54,38.54,38.37,38.49,176
2014.02.27,16:00,38.51,38.72,38.37,38.56,223
2014.02.27,17:00,38.57,38.87,38.57,38.87,230
2014.02.27,18:00,38.86,38.96,38.84,38.90,125
2014.02.27,19:00,38.91,38.96,38.85,38.91,81
2014.02.27,20:00,38.90,39.09,38.90,39.07,77
2014.02.27,21:00,39.06,39.06,38.86,38.87,62
2014.02.27,22:00,38.86,38.94,38.80,38.94,75
2014.02.28,16:00,38.95,39.08,38.91,39.08,197
2014.02.28,17:00,39.10,39.36,39.10,39.27,232
2014.02.28,18:00,39.26,39.26,39.16,39.23,90
2014.02.28,19:00,39.22,39.29,39.11,39.14,62
2014.02.28,20:00,39.15,39.18,39.09,39.11,54
2014.02.28,21:00,39.10,39.10,38.93,38.96,104
2014.02.28,22:00,38.94,39.10,38.65,39.09,307
2014.03.03,16:00,38.75,38.98,38.71,38.83,327
2014.03.03,17:00,38.84,38.90,38.61,38.75,343
2014.03.03,18:00,38.76,38.77,38.47,38.48,207
2014.03.03,19:00,38.47,38.53,38.38,38.48,261
2014.03.03,20:00,38.49,38.61,38.47,38.52,102
2014.03.03,21:00,38.53,38.65,38.45,38.62,144
2014.03.03,22:00,38.61,38.61,38.40,38.50,212
2014.03.04,16:00,39.11,39.25,39.06,39.15,213
2014.03.04,17:00,39.16,39.31,39.09,39.23,128
2014.03.04,18:00,39.25,39.30,39.23,39.30,63
2014.03.04,19:00,39.31,39.36,39.27,39.31,85
2014.03.04,20:00,39.30,39.38,39.21,39.26,125
2014.03.04,21:00,39.25,39.44,39.19,39.43,100
2014.03.04,22:00,39.42,39.49,39.38,39.40,108
2014.03.05,16:00,39.41,39.55,39.30,39.47,177
2014.03.05,17:00,39.48,39.62,39.43,39.56,204
2014.03.05,18:00,39.57,39.68,39.53,39.60,120
2014.03.05,19:00,39.61,39.67,39.60,39.62,34
2014.03.05,20:00,39.64,39.69,39.49,39.51,53
2014.03.05,21:00,39.52,39.58,39.49,39.57,51
2014.03.05,22:00,39.56,39.58,39.49,39.50,77
2014.03.06,16:00,39.70,39.84,39.63,39.84,74
2014.03.06,17:00,39.83,39.83,39.57,39.60,207
2014.03.06,18:00,39.59,39.59,39.50,39.55,87
2014.03.06,19:00,39.54,39.59,39.52,39.58,40
2014.03.06,20:00,39.61,39.64,39.46,39.49,88
2014.03.06,21:00,39.48,39.62,39.48,39.58,68
2014.03.06,22:00,39.59,39.60,39.42,39.46,68
2014.03.07,16:00,39.57,39.58,39.21,39.28,208
2014.03.07,17:00,39.26,39.30,39.00,39.01,214
2014.03.07,18:00,39.00,39.13,38.89,39.11,160
2014.03.07,19:00,39.12,39.12,38.87,38.87,61
2014.03.07,20:00,38.86,38.86,38.69,38.77,106
2014.03.07,21:00,38.76,38.80,38.60,38.78,90
2014.03.07,22:00,38.77,38.81,38.71,38.81,93
2014.03.10,15:00,38.80,38.94,38.69,38.86,179
2014.03.10,16:00,38.88,38.91,38.65,38.70,231
2014.03.10,17:00,38.69,38.88,38.66,38.82,132
2014.03.10,18:00,38.81,38.84,38.73,38.79,60
2014.03.10,19:00,38.78,38.78,38.65,38.74,35
2014.03.10,20:00,38.73,38.87,38.70,38.84,40
2014.03.10,21:00,38.83,38.93,38.79,38.86,53
2014.03.11,15:00,38.96,39.00,38.69,38.72,132
2014.03.11,16:00,38.71,38.99,38.67,38.96,129
2014.03.11,17:00,38.95,38.95,38.70,38.79,84
2014.03.11,18:00,38.78,38.79,38.61,38.70,80
2014.03.11,19:00,38.69,38.82,38.64,38.81,74
2014.03.11,20:00,38.82,38.89,38.79,38.84,79
2014.03.11,21:00,38.83,38.95,38.75,38.90,120
2014.03.12,15:00,38.69,38.70,38.35,38.45,219
2014.03.12,16:00,38.44,38.49,38.28,38.40,161
2014.03.12,17:00,38.41,38.51,38.36,38.38,92
2014.03.12,18:00,38.37,38.48,38.34,38.48,64
2014.03.12,19:00,38.47,38.47,38.33,38.44,45
2014.03.12,20:00,38.45,38.48,38.40,38.43,49
2014.03.12,21:00,38.42,38.52,38.41,38.51,52
2014.03.13,15:00,38.68,38.68,38.37,38.48,169
2014.03.13,16:00,38.49,38.53,38.20,38.21,152
2014.03.13,17:00,38.22,38.26,37.97,38.03,168
2014.03.13,18:00,38.04,38.04,37.82,37.83,137
2014.03.13,19:00,37.82,37.85,37.59,37.75,313
2014.03.13,20:00,37.77,37.83,37.66,37.68,220
2014.03.13,21:00,37.69,37.73,37.52,37.65,218
2014.03.14,15:00,37.74,37.98,37.62,37.71,190
2014.03.14,16:00,37.70,37.86,37.59,37.62,272
2014.03.14,17:00,37.63,37.90,37.50,37.88,278
2014.03.14,18:00,37.87,37.87,37.61,37.84,171
2014.03.14,19:00,37.85,37.86,37.69,37.76,130
2014.03.14,20:00,37.75,37.76,37.62,37.62,72
2014.03.14,21:00,37.63,37.72,37.58,37.60,111
2014.03.17,15:00,37.82,38.43,37.82,38.37,221
2014.03.17,16:00,38.38,38.47,38.21,38.31,302
2014.03.17,17:00,38.30,38.41,38.06,38.19,212
2014.03.17,18:00,38.20,38.35,38.15,38.22,125
2014.03.17,19:00,38.23,38.32,38.23,38.28,59
2014.03.17,20:00,38.29,38.32,38.14,38.20,88
2014.03.17,21:00,38.19,38.21,38.09,38.20,86
2014.03.18,15:00,38.46,38.57,38.17,38.28,226
2014.03.18,16:00,38.29,38.73,38.23,38.56,328
2014.03.18,17:00,38.57,38.67,38.32,38.66,259
2014.03.18,18:00,38.67,38.74,38.52,38.54,118
2014.03.18,19:00,38.55,38.74,38.46,38.63,120
2014.03.18,20:00,38.65,38.81,38.57,38.71,126
2014.03.18,21:00,38.70,38.93,38.69,38.82,191
2014.03.19,15:00,37.83,37.88,37.40,37.69,520
2014.03.19,16:00,37.66,37.81,37.56,37.77,242
2014.03.19,17:00,37.79,38.31,37.78,38.27,240
2014.03.19,18:00,38.26,38.91,38.20,38.91,363
2014.03.19,19:00,38.90,38.96,38.73,38.89,238
2014.03.19,20:00,38.90,38.90,38.57,38.72,357
2014.03.19,21:00,38.71,38.75,38.21,38.56,379
2014.03.20,15:00,38.51,38.68,38.16,38.27,245
2014.03.20,16:00,38.26,38.55,38.22,38.42,222
2014.03.20,17:00,38.45,38.47,38.16,38.18,117
2014.03.20,18:00,38.19,38.28,38.01,38.23,117
2014.03.20,19:00,38.22,38.24,38.04,38.19,82
2014.03.20,20:00,38.21,38.37,38.19,38.36,85
2014.03.20,21:00,38.35,38.39,38.27,38.37,86
2014.03.21,15:00,38.61,38.74,38.35,38.35,335
2014.03.21,16:00,38.36,38.39,38.08,38.09,226
2014.03.21,17:00,38.10,38.10,38.00,38.00,96
2014.03.21,18:00,38.01,38.07,37.75,37.84,97
2014.03.21,19:00,37.85,37.94,37.75,37.76,162
2014.03.21,20:00,37.77,37.80,37.60,37.67,188
2014.03.21,21:00,37.66,37.72,37.53,37.54,167
2014.03.24,15:00,37.59,37.70,37.39,37.56,218
2014.03.24,16:00,37.55,37.63,37.38,37.50,264
2014.03.24,17:00,37.49,37.76,37.43,37.66,223
2014.03.24,18:00,37.65,37.74,37.57,37.69,178
2014.03.24,19:00,37.70,38.07,37.69,38.06,141
2014.03.24,20:00,38.07,38.25,38.07,38.12,129
2014.03.24,21:00,38.11,38.33,38.06,38.17,121
2014.03.25,15:00,38.08,38.43,38.08,38.39,234
2014.03.25,16:00,38.41,38.49,38.16,38.25,281
2014.03.25,17:00,38.24,38.36,38.18,38.23,155
2014.03.25,18:00,38.22,38.27,38.15,38.24,131
2014.03.25,19:00,38.23,38.31,38.18,38.24,85
2014.03.25,20:00,38.23,38.30,38.22,38.27,92
2014.03.25,21:00,38.26,38.43,38.25,38.40,105
2014.03.26,15:00,38.35,39.08,38.35,39.08,214
2014.03.26,16:00,39.07,39.33,38.97,39.18,339
2014.03.26,17:00,39.20,39.45,39.08,39.15,256
2014.03.26,18:00,39.16,39.40,39.11,39.26,142
2014.03.26,19:00,39.25,39.25,39.00,39.15,193
2014.03.26,20:00,39.14,39.24,39.06,39.22,186
2014.03.26,21:00,39.23,39.26,39.03,39.09,192
2014.03.27,15:00,39.00,39.19,38.81,38.96,322
2014.03.27,16:00,38.95,39.31,38.94,39.29,363
2014.03.27,17:00,39.30,39.43,39.20,39.39,306
2014.03.27,18:00,39.38,39.54,39.25,39.50,249
2014.03.27,19:00,39.51,39.55,39.22,39.28,165
2014.03.27,20:00,39.27,39.42,39.19,39.20,157
2014.03.27,21:00,39.18,39.46,39.14,39.25,174
2014.03.28,15:00,39.46,39.47,39.19,39.31,222
2014.03.28,16:00,39.32,39.65,39.32,39.55,174
2014.03.28,17:00,39.56,39.84,39.55,39.74,123
2014.03.28,18:00,39.76,39.85,39.69,39.77,106
2014.03.28,19:00,39.76,39.76,39.55,39.58,90
2014.03.28,20:00,39.57,39.59,39.41,39.46,139
2014.03.28,21:00,39.45,39.60,39.45,39.56,93
2014.03.31,16:00,39.72,40.17,39.65,40.16,310
2014.03.31,17:00,40.17,40.52,40.16,40.50,362
2014.03.31,18:00,40.49,40.79,40.22,40.76,277
2014.03.31,19:00,40.77,40.87,40.66,40.82,175
2014.03.31,20:00,40.81,40.92,40.71,40.76,123
2014.03.31,21:00,40.77,41.12,40.75,41.08,136
2014.03.31,22:00,41.07,41.42,40.96,41.02,284
2014.04.01,16:00,41.05,41.55,40.98,41.41,371
2014.04.01,17:00,41.42,41.98,41.40,41.63,398
2014.04.01,18:00,41.62,41.74,41.59,41.73,123
2014.04.01,19:00,41.72,41.90,41.64,41.76,124
2014.04.01,20:00,41.75,41.84,41.67,41.82,112
2014.04.01,21:00,41.80,41.88,41.71,41.71,67
2014.04.01,22:00,41.73,41.73,41.42,41.48,176
2014.04.02,16:00,41.42,41.48,41.18,41.18,350
2014.04.02,17:00,41.20,41.61,41.20,41.43,305
2014.04.02,18:00,41.42,41.42,41.15,41.24,165
2014.04.02,19:00,41.25,41.27,41.07,41.09,98
2014.04.02,20:00,41.08,41.08,40.85,40.92,118
2014.04.02,21:00,40.91,41.00,40.91,41.00,82
2014.04.02,22:00,41.01,41.20,41.01,41.15,119
2014.04.03,16:00,41.05,41.11,40.79,40.94,269
2014.04.03,17:00,40.93,40.98,40.69,40.95,212
2014.04.03,18:00,40.94,40.97,40.68,40.82,152
2014.04.03,19:00,40.83,40.88,40.75,40.77,88
2014.04.03,20:00,40.76,40.77,40.57,40.59,87
2014.04.03,21:00,40.58,40.67,40.52,40.59,100
2014.04.03,22:00,40.60,40.60,40.34,40.35,184
2014.04.04,16:00,40.60,40.72,40.15,40.16,339
2014.04.04,17:00,40.15,40.39,40.13,40.28,341
2014.04.04,18:00,40.27,40.35,40.12,40.13,252
2014.04.04,19:00,40.12,40.12,39.76,39.77,288
2014.04.04,20:00,39.78,39.99,39.67,39.90,298
2014.04.04,21:00,39.91,39.99,39.70,39.92,239
2014.04.04,22:00,39.91,40.05,39.83,39.99,192
2014.04.07,16:00,39.73,39.91,39.59,39.89,342
2014.04.07,17:00,39.90,39.90,39.48,39.58,409
2014.04.07,18:00,39.57,39.79,39.56,39.58,213
2014.04.07,19:00,39.57,39.62,39.40,39.42,234
2014.04.07,20:00,39.41,39.43,39.16,39.18,151
2014.04.07,21:00,39.17,39.44,39.04,39.38,241
2014.04.07,22:00,39.39,39.65,39.38,39.47,229
2014.04.08,16:00,39.42,39.76,39.36,39.49,346
2014.04.08,17:00,39.48,40.08,39.48,40.02,367
2014.04.08,18:00,39.95,40.27,39.94,40.17,280
2014.04.08,19:00,40.18,40.30,40.13,40.29,181
2014.04.08,20:00,40.31,40.33,40.17,40.29,111
2014.04.08,21:00,40.28,40.29,40.17,40.26,134
2014.04.08,22:00,40.25,40.34,40.22,40.24,147
2014.04.09,16:00,40.31,40.53,40.26,40.39,349
2014.04.09,17:00,40.38,40.44,40.21,40.25,396
2014.04.09,18:00,40.26,40.30,40.18,40.26,160
2014.04.09,19:00,40.27,40.42,40.24,40.38,78
2014.04.09,20:00,40.39,40.50,40.26,40.50,60
2014.04.09,21:00,40.51,40.75,40.51,40.63,229
2014.04.09,22:00,40.62,40.91,40.60,40.87,186
2014.04.10,16:00,40.83,41.04,40.70,40.72,378
2014.04.10,17:00,40.71,40.82,40.45,40.48,379
2014.04.10,18:00,40.46,40.46,40.20,40.26,280
2014.04.10,19:00,40.25,40.30,40.00,40.01,241
2014.04.10,20:00,40.00,40.08,39.81,39.91,275
2014.04.10,21:00,39.90,39.90,39.63,39.67,240
2014.04.10,22:00,39.66,40.03,39.48,39.79,405
2014.04.11,16:00,39.48,39.81,39.45,39.64,522
2014.04.11,17:00,39.63,39.87,39.31,39.71,639
2014.04.11,18:00,39.70,39.83,39.54,39.58,422
2014.04.11,19:00,39.60,39.63,39.40,39.45,224
2014.04.11,20:00,39.43,39.47,39.06,39.23,242
2014.04.11,21:00,39.24,39.30,38.97,39.12,294
2014.04.11,22:00,39.11,39.22,38.96,38.98,231
2014.04.14,16:00,39.26,39.44,39.14,39.31,389
2014.04.14,17:00,39.30,39.74,39.26,39.62,585
2014.04.14,18:00,39.61,39.68,39.45,39.47,297
2014.04.14,19:00,39.48,39.62,39.43,39.56,177
2014.04.14,20:00,39.55,39.55,39.35,39.38,208
2014.04.14,21:00,39.37,39.42,39.25,39.36,212
2014.04.14,22:00,39.37,39.62,39.23,39.58,293
2014.04.15,16:00,39.47,39.78,39.47,39.54,347
2014.04.15,17:00,39.52,39.56,39.23,39.38,618
2014.04.15,18:00,39.37,39.59,39.24,39.36,705
2014.04.15,19:00,39.37,39.46,39.27,39.31,314
2014.04.15,20:00,39.30,39.59,39.27,39.57,350
2014.04.15,21:00,39.58,39.90,39.58,39.82,333
2014.04.15,22:00,39.84,39.97,39.62,39.70,284
2014.04.16,16:00,39.89,40.12,39.58,39.59,327
2014.04.16,17:00,39.58,39.74,39.51,39.62,503
2014.04.16,18:00,39.61,39.94,39.59,39.88,216
2014.04.16,19:00,39.89,40.02,39.82,39.83,207
2014.04.16,20:00,39.82,39.94,39.75,39.84,219
2014.04.16,21:00,39.85,39.94,39.70,39.91,221
2014.04.16,22:00,39.93,40.14,39.89,40.11,143
2014.04.17,16:00,39.87,39.95,39.39,39.62,456
2014.04.17,17:00,39.59,39.82,39.53,39.78,433
2014.04.17,18:00,39.79,39.91,39.68,39.91,142
2014.04.17,19:00,39.90,39.99,39.89,39.99,88
2014.04.17,20:00,40.00,40.17,40.00,40.12,102
2014.04.17,21:00,40.11,40.12,40.04,40.07,69
2014.04.17,22:00,40.06,40.17,40.04,40.05,118
2014.04.21,16:00,40.15,40.38,40.10,40.25,182
2014.04.21,17:00,40.28,40.37,40.06,40.14,315
2014.04.21,18:00,40.15,40.35,40.15,40.35,187
2014.04.21,19:00,40.37,40.43,40.20,40.25,140
2014.04.21,20:00,40.27,40.29,40.16,40.19,97
2014.04.21,21:00,40.20,40.25,40.17,40.22,107
2014.04.21,22:00,40.23,40.25,40.16,40.23,97
2014.04.22,16:00,40.22,40.41,40.14,40.37,255
2014.04.22,17:00,40.38,40.52,40.26,40.45,286
2014.04.22,18:00,40.44,40.52,40.42,40.46,122
2014.04.22,19:00,40.48,40.61,40.44,40.46,67
2014.04.22,20:00,40.45,40.54,40.40,40.52,88
2014.04.22,21:00,40.53,40.55,40.44,40.47,70
2014.04.22,22:00,40.49,40.50,40.42,40.45,113
2014.04.23,16:00,40.24,40.28,39.91,39.92,271
2014.04.23,17:00,39.91,40.13,39.75,40.06,339
2014.04.23,18:00,40.05,40.06,39.88,39.92,130
2014.04.23,19:00,39.91,39.98,39.86,39.97,70
2014.04.23,20:00,39.98,40.01,39.85,39.89,74
2014.04.23,21:00,39.88,39.94,39.84,39.84,102
2014.04.23,22:00,39.83,39.88,39.78,39.79,64
2014.04.24,16:00,39.74,39.79,39.10,39.16,417
2014.04.24,17:00,39.14,39.57,39.02,39.56,535
2014.04.24,18:00,39.55,39.79,39.50,39.76,305
2014.04.24,19:00,39.77,39.85,39.75,39.83,98
2014.04.24,20:00,39.82,39.83,39.63,39.63,118
2014.04.24,21:00,39.64,39.77,39.62,39.75,162
2014.04.24,22:00,39.74,39.77,39.70,39.74,108
2014.04.25,16:00,39.55,39.76,39.36,39.46,400
2014.04.25,17:00,39.47,39.59,39.27,39.34,441
2014.04.25,18:00,39.33,39.65,39.22,39.57,287
2014.04.25,19:00,39.56,39.63,39.49,39.52,130
2014.04.25,20:00,39.51,39.57,39.43,39.54,110
2014.04.25,21:00,39.53,39.53,39.41,39.43,138
2014.04.25,22:00,39.42,39.60,39.38,39.47,215
2014.04.28,16:00,39.76,40.03,39.76,39.89,321
2014.04.28,17:00,39.90,39.92,39.64,39.90,381
2014.04.28,18:00,39.92,39.99,39.67,39.71,368
2014.04.28,19:00,39.70,40.03,39.69,39.95,275
2014.04.28,20:00,39.94,40.03,39.77,39.89,291
2014.04.28,21:00,39.90,40.09,39.82,40.01,227
2014.04.28,22:00,40.02,40.28,40.02,40.13,324
2014.04.29,16:00,40.24,40.60,40.11,40.33,330
2014.04.29,17:00,40.37,40.46,40.24,40.31,457
2014.04.29,18:00,40.33,40.36,40.17,40.24,157
2014.04.29,19:00,40.23,40.34,40.21,40.31,159
2014.04.29,20:00,40.30,40.31,40.13,40.20,134
2014.04.29,21:00,40.22,40.22,40.09,40.09,89
2014.04.29,22:00,40.10,40.17,40.07,40.11,107
2014.04.30,16:00,40.05,40.39,40.02,40.35,386
2014.04.30,17:00,40.36,40.54,40.32,40.50,338
2014.04.30,18:00,40.51,40.59,40.48,40.58,122
2014.04.30,19:00,40.59,40.75,40.58,40.74,108
2014.04.30,20:00,40.73,40.82,40.64,40.66,74
2014.04.30,21:00,40.65,40.89,40.60,40.84,396
2014.04.30,22:00,40.85,40.92,40.80,40.87,227
2014.05.01,16:00,40.73,41.12,40.64,41.02,332
2014.05.01,17:00,41.03,41.17,40.91,41.02,355
2014.05.01,18:00,41.03,41.13,40.98,40.99,178
2014.05.01,19:00,40.98,41.10,40.82,40.88,206
2014.05.01,20:00,40.89,40.93,40.77,40.80,222
2014.05.01,21:00,40.79,40.94,40.77,40.87,204
2014.05.01,22:00,40.88,40.97,40.79,40.96,144
2014.05.02,16:00,41.16,41.16,40.93,41.14,437
2014.05.02,17:00,41.13,41.18,40.99,41.00,516
2014.05.02,18:00,40.99,41.06,40.93,41.03,291
2014.05.02,19:00,41.04,41.06,40.96,41.00,92
2014.05.02,20:00,41.01,41.01,40.84,40.85,143
2014.05.02,21:00,40.84,40.89,40.80,40.83,125
2014.05.02,22:00,40.82,40.96,40.81,40.81,109
2014.05.05,16:00,41.07,41.07,40.76,40.91,257
2014.05.05,17:00,40.92,41.20,40.91,41.11,230
2014.05.05,18:00,41.10,41.18,41.02,41.10,140
2014.05.05,19:00,41.09,41.10,40.99,41.01,91
2014.05.05,20:00,41.02,41.18,40.96,41.18,97
2014.05.05,21:00,41.19,41.24,41.15,41.23,69
2014.05.05,22:00,41.22,41.24,41.16,41.21,126
2014.05.06,16:00,41.09,41.20,40.97,41.07,326
2014.05.06,17:00,41.06,41.28,41.05,41.09,354
2014.05.06,18:00,41.10,41.18,41.04,41.14,192
2014.05.06,19:00,41.16,41.20,41.10,41.12,75
2014.05.06,20:00,41.13,41.17,41.05,41.07,104
2014.05.06,21:00,41.06,41.12,41.03,41.09,171
2014.05.06,22:00,41.08,41.16,40.99,41.00,165
2014.05.07,16:00,41.08,41.27,40.86,40.88,308
2014.05.07,17:00,40.90,40.93,40.49,40.65,616
2014.05.07,18:00,40.66,40.89,40.53,40.79,285
2014.05.07,19:00,40.80,40.88,40.69,40.73,209
2014.05.07,20:00,40.72,40.88,40.71,40.75,195
2014.05.07,21:00,40.76,40.93,40.75,40.87,152
2014.05.07,22:00,40.86,41.11,40.82,41.06,170
2014.05.08,16:00,40.96,40.96,40.55,40.80,347
2014.05.08,17:00,40.82,40.98,40.82,40.95,264
2014.05.08,18:00,40.94,41.24,40.94,41.20,265
2014.05.08,19:00,41.21,41.25,40.89,40.92,184
2014.05.08,20:00,40.93,41.02,40.87,40.90,234
2014.05.08,21:00,40.89,40.89,40.66,40.76,216
2014.05.08,22:00,40.75,40.91,40.70,40.87,240
2014.05.09,16:00,40.64,40.83,40.54,40.68,323
2014.05.09,17:00,40.66,40.85,40.64,40.75,472
2014.05.09,18:00,40.74,41.11,40.74,41.08,218
2014.05.09,19:00,41.10,41.26,41.00,41.22,182
2014.05.09,20:00,41.24,41.24,41.09,41.09,146
2014.05.09,21:00,41.06,41.07,40.97,41.05,138
2014.05.09,22:00,41.06,41.10,41.02,41.04,93
2014.05.12,16:00,41.22,41.47,41.20,41.46,245
2014.05.12,17:00,41.48,41.74,41.40,41.70,299
2014.05.12,18:00,41.71,41.79,41.60,41.64,172
2014.05.12,19:00,41.63,41.75,41.61,41.67,144
2014.05.12,20:00,41.69,41.97,41.69,41.95,128
2014.05.12,21:00,41.96,42.13,41.95,42.09,138
2014.05.12,22:00,42.10,42.12,41.95,41.95,68
2014.05.13,16:00,42.03,42.03,41.75,41.93,210
2014.05.13,17:00,41.94,42.08,41.85,41.85,281
2014.05.13,18:00,41.84,41.88,41.64,41.81,186
2014.05.13,19:00,41.79,41.87,41.75,41.82,165
2014.05.13,20:00,41.83,41.88,41.77,41.86,133
2014.05.13,21:00,41.85,41.89,41.84,41.87,77
2014.05.13,22:00,41.88,41.92,41.85,41.89,65
2014.05.14,16:00,41.82,41.99,41.77,41.92,254
2014.05.14,17:00,41.93,41.95,41.71,41.72,414
2014.05.14,18:00,41.74,41.85,41.71,41.73,139
2014.05.14,19:00,41.74,41.97,41.73,41.96,92
2014.05.14,20:00,41.97,42.00,41.95,41.99,66
2014.05.14,21:00,41.98,42.01,41.83,41.88,50
2014.05.14,22:00,41.89,41.94,41.77,41.88,82
2014.05.15,16:00,41.76,42.16,41.76,41.92,341
2014.05.15,17:00,41.93,41.97,41.65,41.89,514
2014.05.15,18:00,41.90,41.92,41.63,41.67,390
2014.05.15,19:00,41.66,41.84,41.64,41.84,173
2014.05.15,20:00,41.83,41.92,41.82,41.90,126
2014.05.15,21:00,41.89,41.94,41.88,41.92,136
2014.05.15,22:00,41.93,42.02,41.88,41.92,103
2014.05.16,16:00,41.86,41.94,41.52,41.66,252
2014.05.16,17:00,41.67,41.68,41.36,41.50,291
2014.05.16,18:00,41.49,41.53,41.45,41.47,98
2014.05.16,19:00,41.46,41.50,41.38,41.39,63
2014.05.16,20:00,41.38,41.46,41.33,41.37,80
2014.05.16,21:00,41.36,41.55,41.32,41.55,54
2014.05.16,22:00,41.56,41.67,41.56,41.67,48
2014.05.19,16:00,41.60,41.94,41.49,41.83,230
2014.05.19,17:00,41.84,42.03,41.79,42.03,232
2014.05.19,18:00,42.02,42.05,41.96,41.98,127
2014.05.19,19:00,42.00,42.05,41.96,42.02,73
2014.05.19,20:00,42.03,42.04,41.92,41.98,64
2014.05.19,21:00,41.99,42.08,41.98,42.08,47
2014.05.19,22:00,42.07,42.19,42.04,42.15,36
2014.05.20,16:00,42.05,42.05,41.65,41.68,258
2014.05.20,17:00,41.67,41.96,41.66,41.95,342
2014.05.20,18:00,41.96,42.08,41.86,42.00,177
2014.05.20,19:00,41.99,41.99,41.77,41.79,188
2014.05.20,20:00,41.78,41.80,41.54,41.55,148
2014.05.20,21:00,41.56,41.67,41.45,41.47,194
2014.05.20,22:00,41.48,41.65,41.48,41.56,98
2014.05.21,16:00,41.70,41.78,41.48,41.65,242
2014.05.21,17:00,41.67,41.70,41.58,41.67,200
2014.05.21,18:00,41.68,41.72,41.55,41.58,130
2014.05.21,19:00,41.59,41.66,41.55,41.64,88
2014.05.21,20:00,41.65,41.69,41.61,41.61,36
2014.05.21,21:00,41.62,41.68,41.53,41.63,192
2014.05.21,22:00,41.64,41.69,41.63,41.67,58
2014.05.22,16:00,41.56,41.93,41.51,41.79,235
2014.05.22,17:00,41.80,41.82,41.52,41.74,263
2014.05.22,18:00,41.75,41.84,41.67,41.67,157
2014.05.22,19:00,41.66,41.77,41.65,41.68,33
2014.05.22,20:00,41.69,41.71,41.60,41.71,31
2014.05.22,21:00,41.72,41.78,41.69,41.70,59
2014.05.22,22:00,41.68,41.69,41.51,41.52,110
2014.05.23,16:00,41.62,41.91,41.58,41.83,195
2014.05.23,17:00,41.84,41.94,41.76,41.85,223
2014.05.23,18:00,41.87,41.99,41.84,41.99,142
2014.05.23,19:00,42.00,42.03,41.89,41.92,48
2014.05.23,20:00,41.93,42.05,41.90,42.01,42
2014.05.23,21:00,42.03,42.12,42.02,42.09,48
2014.05.23,22:00,42.10,42.22,42.09,42.15,49
2014.05.27,16:00,42.22,42.31,42.15,42.15,155
2014.05.27,17:00,42.16,42.34,42.14,42.20,113
2014.05.27,18:00,42.19,42.23,41.97,42.04,91
2014.05.27,19:00,42.05,42.05,41.73,41.73,66
2014.05.27,20:00,41.74,41.91,41.74,41.81,102
2014.05.27,21:00,41.80,41.84,41.76,41.81,45
2014.05.27,22:00,41.82,41.96,41.81,41.91,45
2014.05.28,16:00,41.99,42.19,41.77,41.88,317
2014.05.28,17:00,41.87,41.92,41.72,41.92,192
2014.05.28,18:00,41.91,42.01,41.77,41.79,127
2014.05.28,19:00,41.78,41.90,41.74,41.78,127
2014.05.28,20:00,41.77,41.87,41.77,41.82,87
2014.05.28,21:00,41.81,41.82,41.69,41.69,119
2014.05.28,22:00,41.70,41.74,41.56,41.57,114
2014.05.29,16:00,41.77,41.83,41.68,41.77,164
2014.05.29,17:00,41.76,41.88,41.69,41.85,189
2014.05.29,18:00,41.84,41.91,41.84,41.88,40
2014.05.29,19:00,41.91,42.04,41.91,42.04,44
2014.05.29,20:00,42.06,42.15,42.02,42.11,28
2014.05.29,21:00,42.14,42.17,42.11,42.13,42
2014.05.29,22:00,42.14,42.20,42.12,42.17,55
2014.05.30,16:00,42.04,42.18,41.89,41.89,310
2014.05.30,17:00,41.90,41.98,41.85,41.88,227
2014.05.30,18:00,41.90,42.00,41.90,41.99,86
2014.05.30,19:00,42.01,42.05,41.98,42.03,70
2014.05.30,20:00,42.02,42.05,41.94,41.99,59
2014.05.30,21:00,41.98,42.03,41.97,41.97,75
2014.05.30,22:00,41.98,42.01,41.89,42.01,70
2014.06.02,16:00,42.00,42.00,41.71,41.75,106
2014.06.02,17:00,41.74,41.82,41.61,41.72,192
2014.06.02,18:00,41.70,41.97,41.68,41.91,93
2014.06.02,19:00,41.90,41.92,41.87,41.90,38
2014.06.02,20:00,41.89,41.95,41.86,41.90,39
2014.06.02,21:00,41.92,42.00,41.90,41.98,34
2014.06.02,22:00,41.97,42.01,41.93,41.96,88
2014.06.03,16:00,41.85,41.89,41.66,41.68,144
2014.06.03,17:00,41.69,41.75,41.58,41.69,125
2014.06.03,18:00,41.68,41.68,41.60,41.63,81
2014.06.03,19:00,41.64,41.65,41.60,41.60,35
2014.06.03,20:00,41.59,41.74,41.59,41.74,45
2014.06.03,21:00,41.75,41.89,41.74,41.81,57
2014.06.03,22:00,41.80,41.86,41.80,41.81,31
2014.06.04,16:00,41.74,41.75,41.33,41.59,199
2014.06.04,17:00,41.60,41.66,41.58,41.64,114
2014.06.04,18:00,41.63,41.68,41.59,41.60,54
2014.06.04,19:00,41.59,41.76,41.59,41.74,39
2014.06.04,20:00,41.73,41.77,41.73,41.77,35
2014.06.04,21:00,41.76,41.76,41.68,41.69,55
2014.06.04,22:00,41.68,41.74,41.64,41.70,41
2014.06.05,16:00,41.87,41.99,41.73,41.92,210
2014.06.05,17:00,41.91,41.96,41.77,41.85,196
2014.06.05,18:00,41.84,42.17,41.83,42.12,123
2014.06.05,19:00,42.11,42.24,42.11,42.16,70
2014.06.05,20:00,42.17,42.20,42.15,42.17,23
2014.06.05,21:00,42.18,42.25,42.15,42.15,76
2014.06.05,22:00,42.16,42.19,42.08,42.08,98
2014.06.06,16:00,42.28,42.49,42.26,42.49,111
2014.06.06,17:00,42.48,42.53,42.41,42.50,85
2014.06.06,18:00,42.51,42.55,42.47,42.52,45
2014.06.06,19:00,42.53,42.56,42.52,42.54,15
2014.06.06,20:00,42.55,42.58,42.51,42.56,60
2014.06.06,21:00,42.57,42.58,42.50,42.57,25
2014.06.06,22:00,42.58,42.62,42.55,42.62,20
2014.06.09,16:00,42.65,42.80,42.54,42.62,101
2014.06.09,17:00,42.61,42.62,42.47,42.47,72
2014.06.09,18:00,42.48,42.75,42.41,42.74,64
2014.06.09,19:00,42.73,42.74,42.65,42.65,25
2014.06.09,20:00,42.64,42.64,42.54,42.59,28
2014.06.09,21:00,42.58,42.66,42.50,42.66,75
2014.06.09,22:00,42.68,42.73,42.66,42.70,35
2014.06.10,16:00,42.60,42.64,42.50,42.64,85
2014.06.10,17:00,42.65,42.87,42.58,42.82,139
2014.06.10,18:00,42.83,42.87,42.73,42.80,78
2014.06.10,19:00,42.79,42.79,42.75,42.78,37
2014.06.10,20:00,42.77,42.78,42.63,42.69,43
2014.06.10,21:00,42.68,42.72,42.65,42.70,56
2014.06.10,22:00,42.71,42.71,42.62,42.66,62
2014.06.11,16:00,42.43,42.85,42.38,42.63,195
2014.06.11,17:00,42.65,42.87,42.57,42.57,217
2014.06.11,18:00,42.58,42.64,42.53,42.58,101
2014.06.11,19:00,42.59,42.59,42.54,42.55,40
2014.06.11,20:00,42.54,42.61,42.49,42.57,60
2014.06.11,21:00,42.56,42.58,42.49,42.54,51
2014.06.11,22:00,42.55,42.62,42.54,42.56,36
2014.06.12,16:00,42.53,42.55,42.36,42.49,216
2014.06.12,17:00,42.51,42.61,42.22,42.24,253
2014.06.12,18:00,42.23,42.39,42.21,42.28,106
2014.06.12,19:00,42.27,42.35,42.21,42.24,55
2014.06.12,20:00,42.23,42.23,41.99,42.01,107
2014.06.12,21:00,42.02,42.02,41.90,41.91,53
2014.06.12,22:00,41.90,42.05,41.84,41.99,90
2014.06.13,16:00,42.08,42.16,41.71,41.90,219
2014.06.13,17:00,41.89,42.17,41.79,42.13,228
2014.06.13,18:00,42.15,42.15,41.94,41.94,70
2014.06.13,19:00,41.95,42.02,41.93,41.95,94
2014.06.13,20:00,41.97,42.04,41.95,42.01,73
2014.06.13,21:00,42.00,42.11,42.00,42.09,35
2014.06.13,22:00,42.10,42.16,42.02,42.13,129
2014.06.16,16:00,42.10,42.10,41.77,42.01,257
2014.06.16,17:00,42.00,42.22,41.99,42.15,236
2014.06.16,18:00,42.16,42.16,42.03,42.04,83
2014.06.16,19:00,42.05,42.16,42.03,42.13,76
2014.06.16,20:00,42.14,42.19,42.07,42.08,84
2014.06.16,21:00,42.09,42.19,42.08,42.13,70
2014.06.16,22:00,42.12,42.15,42.08,42.14,45
2014.06.17,16:00,42.18,42.41,41.97,42.19,263
2014.06.17,17:00,42.21,42.39,42.19,42.36,180
2014.06.17,18:00,42.37,42.55,42.24,42.55,151
2014.06.17,19:00,42.54,42.63,42.49,42.60,93
2014.06.17,20:00,42.59,42.69,42.56,42.62,85
2014.06.17,21:00,42.64,42.65,42.51,42.53,43
2014.06.17,22:00,42.54,42.54,42.31,42.34,113
2014.06.18,16:00,42.36,42.50,42.31,42.38,253
2014.06.18,17:00,42.39,42.69,42.39,42.39,242
2014.06.18,18:00,42.38,42.59,42.35,42.48,135
2014.06.18,19:00,42.47,42.56,42.41,42.56,36
2014.06.18,20:00,42.55,42.55,42.41,42.43,49
2014.06.18,21:00,42.38,42.71,42.37,42.69,410
2014.06.18,22:00,42.70,42.85,42.68,42.82,110
2014.06.19,16:00,42.97,43.19,42.76,42.94,381
2014.06.19,17:00,42.92,42.97,42.76,42.78,180
2014.06.19,18:00,42.77,42.82,42.66,42.81,120
2014.06.19,19:00,42.80,42.87,42.62,42.65,68
2014.06.19,20:00,42.64,42.68,42.50,42.56,143
2014.06.19,21:00,42.55,42.64,42.49,42.54,57
2014.06.19,22:00,42.53,42.59,42.43,42.50,93
2014.06.20,16:00,40.27,40.74,40.14,40.23,657
2014.06.20,17:00,40.26,40.42,39.93,40.06,278
2014.06.20,18:00,40.07,40.33,40.00,40.30,134
2014.06.20,19:00,40.29,40.62,40.22,40.61,163
2014.06.20,20:00,40.62,40.87,40.56,40.75,160
2014.06.20,21:00,40.76,40.88,40.68,40.77,164
2014.06.20,22:00,40.78,40.92,40.69,40.84,142
2014.06.23,16:00,41.00,41.20,40.75,41.03,331
2014.06.23,17:00,41.04,41.32,41.04,41.11,220
2014.06.23,18:00,41.10,41.12,41.00,41.08,75
2014.06.23,19:00,41.09,41.18,41.07,41.07,42
2014.06.23,20:00,41.06,41.13,41.02,41.12,56
2014.06.23,21:00,41.11,41.13,41.05,41.10,36
2014.06.23,22:00,41.09,41.10,41.02,41.09,39
2014.06.24,16:00,41.04,41.21,40.93,41.05,172
2014.06.24,17:00,41.08,41.38,41.03,41.28,130
2014.06.24,18:00,41.29,41.34,41.11,41.22,81
2014.06.24,19:00,41.21,41.21,41.14,41.14,26
2014.06.24,20:00,41.13,41.13,40.94,40.95,78
2014.06.24,21:00,40.94,41.04,40.89,40.90,106
2014.06.24,22:00,40.89,40.90,40.66,40.75,177
2014.06.25,16:00,40.74,40.83,40.51,40.58,211
2014.06.25,17:00,40.59,40.77,40.54,40.77,201
2014.06.25,18:00,40.78,40.79,40.69,40.72,73
2014.06.25,19:00,40.73,40.73,40.54,40.55,48
2014.06.25,20:00,40.56,40.64,40.54,40.61,51
2014.06.25,21:00,40.60,40.60,40.46,40.46,38
2014.06.25,22:00,40.45,40.49,40.39,40.46,79
2014.06.26,16:00,40.51,40.53,40.10,40.13,301
2014.06.26,17:00,40.12,40.20,40.03,40.14,158
2014.06.26,18:00,40.15,40.19,40.11,40.12,114
2014.06.26,19:00,40.11,40.11,39.98,39.99,117
2014.06.26,20:00,39.98,40.14,39.98,40.10,78
2014.06.26,21:00,40.09,40.18,40.05,40.14,76
2014.06.26,22:00,40.15,40.22,40.13,40.15,67
2014.06.27,16:00,40.17,40.53,40.13,40.43,267
2014.06.27,17:00,40.42,40.55,40.39,40.55,131
2014.06.27,18:00,40.54,40.55,40.45,40.45,34
2014.06.27,19:00,40.46,40.52,40.45,40.49,22
2014.06.27,20:00,40.48,40.50,40.41,40.49,40
2014.06.27,21:00,40.50,40.64,40.50,40.55,33
2014.06.27,22:00,40.56,40.65,40.50,40.54,136
2014.06.30,16:00,40.57,40.73,40.49,40.51,165
2014.06.30,17:00,40.53,40.78,40.53,40.73,238
2014.06.30,18:00,40.75,40.78,40.72,40.76,50
2014.06.30,19:00,40.75,40.77,40.74,40.77,20
2014.06.30,20:00,40.76,40.81,40.75,40.77,28
2014.06.30,21:00,40.76,40.76,40.56,40.56,26
2014.06.30,22:00,40.54,40.62,40.49,40.52,85
2014.07.01,16:00,40.42,40.76,40.42,40.69,234
2014.07.01,17:00,40.71,40.84,40.64,40.66,185
2014.07.01,18:00,40.67,40.84,40.64,40.80,55
2014.07.01,19:00,40.81,40.90,40.74,40.78,67
2014.07.01,20:00,40.77,40.85,40.76,40.84,90
2014.07.01,21:00,40.83,40.83,40.68,40.69,58
2014.07.01,22:00,40.70,40.87,40.69,40.75,83
2014.07.02,16:00,40.79,40.99,40.77,40.98,170
2014.07.02,17:00,40.99,41.19,40.98,41.13,88
2014.07.02,18:00,41.14,41.14,41.06,41.09,63
2014.07.02,19:00,41.10,41.18,41.10,41.12,30
2014.07.02,20:00,41.13,41.13,41.01,41.02,35
2014.07.02,21:00,41.03,41.03,40.96,40.97,15
2014.07.02,22:00,40.98,40.99,40.94,40.94,44
2014.07.03,16:00,40.98,41.15,40.98,41.12,166
2014.07.03,17:00,41.11,41.32,41.11,41.30,137
2014.07.03,18:00,41.31,41.35,41.27,41.34,48
2014.07.03,19:00,41.33,41.34,41.27,41.32,31
2014.07.07,16:00,41.03,41.10,40.86,40.95,285
2014.07.07,17:00,40.94,40.98,40.80,40.84,106
2014.07.07,18:00,40.83,40.94,40.83,40.89,63
2014.07.07,19:00,40.90,40.91,40.85,40.86,17
2014.07.07,20:00,40.87,40.89,40.83,40.88,18
2014.07.07,21:00,40.87,40.87,40.75,40.80,31
2014.07.07,22:00,40.79,40.89,40.79,40.88,43
2014.07.08,16:00,40.70,40.83,40.62,40.75,285
2014.07.08,17:00,40.76,40.77,40.42,40.49,314
2014.07.08,18:00,40.48,40.51,40.38,40.44,162
2014.07.08,19:00,40.45,40.59,40.43,40.55,102
2014.07.08,20:00,40.54,40.57,40.47,40.57,43
2014.07.08,21:00,40.56,40.63,40.52,40.61,60
2014.07.08,22:00,40.60,40.62,40.54,40.56,74
2014.07.09,16:00,40.63,40.71,40.50,40.51,204
2014.07.09,17:00,40.52,40.52,39.99,40.36,350
2014.07.09,18:00,40.35,40.39,40.24,40.25,106
2014.07.09,19:00,40.27,40.27,40.14,40.17,76
2014.07.09,20:00,40.16,40.24,40.14,40.23,49
2014.07.09,21:00,40.22,40.26,40.10,40.21,182
2014.07.09,22:00,40.20,40.29,40.19,40.25,73
2014.07.10,16:00,39.92,40.22,39.89,40.01,376
2014.07.10,17:00,40.00,40.23,39.97,40.21,245
2014.07.10,18:00,40.23,40.30,40.17,40.21,97
2014.07.10,19:00,40.20,40.38,40.18,40.32,97
2014.07.10,20:00,40.33,40.51,40.33,40.42,98
2014.07.10,21:00,40.43,40.44,40.34,40.35,82
2014.07.10,22:00,40.34,40.39,40.28,40.30,80
2014.07.11,16:00,40.39,40.45,40.32,40.39,201
2014.07.11,17:00,40.38,40.39,40.18,40.24,307
2014.07.11,18:00,40.23,40.27,40.08,40.09,123
2014.07.11,19:00,40.10,40.10,39.98,39.99,79
2014.07.11,20:00,40.00,40.14,39.98,40.11,52
2014.07.11,21:00,40.12,40.20,40.12,40.17,51
2014.07.11,22:00,40.16,40.20,40.11,40.12,82
2014.07.14,16:00,40.44,40.67,40.40,40.54,85
2014.07.14,17:00,40.55,40.55,40.42,40.42,89
2014.07.14,18:00,40.43,40.52,40.42,40.45,55
2014.07.14,19:00,40.47,40.50,40.43,40.44,32
2014.07.14,20:00,40.46,40.55,40.46,40.55,24
2014.07.14,21:00,40.54,40.56,40.50,40.51,18
2014.07.14,22:00,40.50,40.50,40.45,40.49,32
2014.07.15,16:00,40.43,40.80,40.37,40.73,212
2014.07.15,17:00,40.74,40.78,40.58,40.66,181
2014.07.15,18:00,40.65,40.77,40.53,40.55,134
2014.07.15,19:00,40.54,40.68,40.49,40.56,143
2014.07.15,20:00,40.57,40.68,40.56,40.59,83
2014.07.15,21:00,40.60,40.68,40.59,40.62,69
2014.07.15,22:00,40.63,40.63,40.51,40.55,95
2014.07.16,16:00,40.74,40.87,40.64,40.67,115
2014.07.16,17:00,40.68,40.69,40.21,40.26,260
2014.07.16,18:00,40.25,40.36,40.19,40.26,56
2014.07.16,19:00,40.25,40.39,40.24,40.31,97
2014.07.16,20:00,40.32,40.39,40.24,40.25,54
2014.07.16,21:00,40.24,40.29,40.13,40.16,54
2014.07.16,22:00,40.17,40.28,40.15,40.25,70
2014.07.17,16:00,40.15,40.66,40.15,40.61,351
2014.07.17,17:00,40.63,40.70,40.42,40.67,285
2014.07.17,18:00,40.66,40.66,40.39,40.53,314
2014.07.17,19:00,40.52,40.55,40.45,40.50,144
2014.07.17,20:00,40.52,40.68,40.36,40.39,116
2014.07.17,21:00,40.38,40.39,40.07,40.09,185
2014.07.17,22:00,40.06,40.06,39.86,39.93,216
2014.07.18,16:00,39.99,40.12,39.95,40.04,240
2014.07.18,17:00,40.05,40.14,40.01,40.04,218
2014.07.18,18:00,40.05,40.07,39.90,40.01,147
2014.07.18,19:00,40.00,40.03,39.98,40.01,73
2014.07.18,20:00,40.02,40.02,39.97,39.98,71
2014.07.18,21:00,39.96,40.03,39.95,39.99,67
2014.07.18,22:00,39.98,40.15,39.98,40.00,93
2014.07.21,16:00,40.02,40.20,39.93,40.11,222
2014.07.21,17:00,40.12,40.12,39.98,40.03,219
2014.07.21,18:00,40.02,40.05,39.94,40.02,111
2014.07.21,19:00,40.01,40.05,39.96,40.03,76
2014.07.21,20:00,40.02,40.13,40.02,40.06,78
2014.07.21,21:00,40.07,40.14,40.03,40.13,73
2014.07.21,22:00,40.12,40.14,40.00,40.02,92
2014.07.22,16:00,40.20,40.27,39.97,40.24,150
2014.07.22,17:00,40.26,40.64,40.26,40.64,203
2014.07.22,18:00,40.65,40.69,40.52,40.59,99
2014.07.22,19:00,40.58,40.60,40.49,40.50,74
2014.07.22,20:00,40.49,40.60,40.49,40.53,60
2014.07.22,21:00,40.52,40.58,40.38,40.44,80
2014.07.22,22:00,40.43,40.51,40.42,40.43,111
2014.07.23,16:00,40.51,40.64,40.39,40.40,210
2014.07.23,17:00,40.39,40.41,40.29,40.33,129
2014.07.23,18:00,40.34,40.43,40.31,40.38,81
2014.07.23,19:00,40.39,40.41,40.24,40.27,114
2014.07.23,20:00,40.28,40.38,40.24,40.33,55
2014.07.23,21:00,40.34,40.36,40.31,40.34,60
2014.07.23,22:00,40.33,40.41,40.30,40.31,47
2014.07.24,16:00,40.40,40.66,40.40,40.52,169
2014.07.24,17:00,40.50,40.60,40.38,40.53,167
2014.07.24,18:00,40.52,40.64,40.52,40.63,40
2014.07.24,19:00,40.64,40.64,40.63,40.64,3
2014.07.24,20:00,40.63,40.63,40.49,40.49,47
2014.07.24,21:00,40.48,40.51,40.40,40.44,39
2014.07.24,22:00,40.43,40.54,40.42,40.47,55
2014.07.25,16:00,40.28,40.56,40.28,40.46,191
2014.07.25,17:00,40.47,40.63,40.44,40.45,180
2014.07.25,18:00,40.44,40.46,40.35,40.46,125
2014.07.25,19:00,40.47,40.49,40.46,40.48,34
2014.07.25,20:00,40.47,40.47,40.32,40.32,43
2014.07.25,21:00,40.31,40.40,40.29,40.30,42
2014.07.25,22:00,40.29,40.33,40.27,40.31,47
2014.07.28,16:00,40.37,40.55,40.29,40.39,225
2014.07.28,17:00,40.38,40.42,40.23,40.35,176
2014.07.28,18:00,40.34,40.54,40.34,40.50,124
2014.07.28,19:00,40.51,40.65,40.49,40.64,64
2014.07.28,20:00,40.63,40.82,40.62,40.67,99
2014.07.28,21:00,40.68,40.75,40.63,40.64,59
2014.07.28,22:00,40.63,40.63,40.51,40.53,77
2014.07.29,16:00,40.38,40.74,40.38,40.67,185
2014.07.29,17:00,40.68,40.89,40.68,40.85,97
2014.07.29,18:00,40.86,40.86,40.69,40.84,151
2014.07.29,19:00,40.83,40.91,40.78,40.90,81
2014.07.29,20:00,40.89,40.91,40.81,40.84,57
2014.07.29,21:00,40.83,40.84,40.66,40.68,93
2014.07.29,22:00,40.67,40.73,40.63,40.63,140
2014.07.30,16:00,40.73,40.83,40.64,40.67,184
2014.07.30,17:00,40.69,40.84,40.58,40.74,244
2014.07.30,18:00,40.73,40.82,40.68,40.73,174
2014.07.30,19:00,40.74,40.89,40.67,40.88,130
2014.07.30,20:00,40.87,40.92,40.79,40.92,82
2014.07.30,21:00,40.93,41.02,40.84,40.92,259
2014.07.30,22:00,40.93,41.00,40.87,40.97,129
2014.07.31,16:00,40.51,40.91,40.51,40.87,266
2014.07.31,17:00,40.84,40.94,40.54,40.56,276
2014.07.31,18:00,40.57,40.81,40.57,40.70,346
2014.07.31,19:00,40.69,40.77,40.65,40.74,215
2014.07.31,20:00,40.73,40.78,40.61,40.66,158
2014.07.31,21:00,40.65,40.66,40.44,40.45,164
2014.07.31,22:00,40.44,40.51,40.35,40.39,259
2014.08.01,16:00,40.15,40.48,40.12,40.48,179
2014.08.01,17:00,40.49,40.53,40.15,40.19,278
2014.08.01,18:00,40.17,40.23,39.81,39.88,199
2014.08.01,19:00,39.89,39.91,39.70,39.82,147
2014.08.01,20:00,39.83,39.93,39.72,39.86,161
2014.08.01,21:00,39.85,39.94,39.66,39.72,132
2014.08.01,22:00,39.71,39.76,39.57,39.60,122
2014.08.04,16:00,39.63,39.67,39.53,39.64,144
2014.08.04,17:00,39.65,39.94,39.61,39.85,205
2014.08.04,18:00,39.84,40.03,39.81,40.00,128
2014.08.04,19:00,40.01,40.04,39.99,40.03,49
2014.08.04,20:00,40.02,40.04,39.98,40.00,25
2014.08.04,21:00,40.01,40.16,39.99,40.16,33
2014.08.04,22:00,40.15,40.21,40.10,40.11,41
2014.08.05,16:00,39.97,40.16,39.95,40.15,184
2014.08.05,17:00,40.16,40.34,40.07,40.19,235
2014.08.05,18:00,40.18,40.37,40.09,40.13,163
2014.08.05,19:00,40.12,40.20,40.04,40.15,156
2014.08.05,20:00,40.14,40.18,39.86,39.93,353
2014.08.05,21:00,39.94,40.02,39.81,39.96,294
2014.08.05,22:00,39.95,40.04,39.85,39.95,249
2014.08.06,16:00,39.77,40.05,39.77,39.94,218
2014.08.06,17:00,39.95,40.19,39.94,40.19,337
2014.08.06,18:00,40.21,40.29,40.10,40.29,171
2014.08.06,19:00,40.31,40.34,40.17,40.22,190
2014.08.06,20:00,40.21,40.24,40.18,40.22,119
2014.08.06,21:00,40.21,40.28,40.18,40.20,94
2014.08.06,22:00,40.19,40.24,40.15,40.15,115
2014.08.07,16:00,40.24,40.42,40.08,40.20,174
2014.08.07,17:00,40.19,40.22,39.93,40.03,274
2014.08.07,18:00,40.02,40.03,39.76,39.84,315
2014.08.07,19:00,39.83,39.91,39.72,39.82,228
2014.08.07,20:00,39.84,39.89,39.80,39.85,134
2014.08.07,21:00,39.84,39.85,39.72,39.72,140
2014.08.07,22:00,39.73,39.77,39.58,39.67,167
2014.08.08,16:00,39.75,39.82,39.65,39.68,297
2014.08.08,17:00,39.69,39.79,39.56,39.70,537
2014.08.08,18:00,39.69,39.74,39.66,39.67,160
2014.08.08,19:00,39.66,39.67,39.57,39.65,66
2014.08.08,20:00,39.63,39.85,39.63,39.79,158
2014.08.08,21:00,39.78,39.83,39.76,39.76,88
2014.08.08,22:00,39.75,39.96,39.70,39.93,70
2014.08.11,16:00,39.98,40.12,39.94,40.09,198
2014.08.11,17:00,40.08,40.11,39.96,40.00,197
2014.08.11,18:00,39.99,40.01,39.95,39.97,106
2014.08.11,19:00,40.00,40.00,39.84,39.84,62
2014.08.11,20:00,39.85,39.93,39.83,39.85,69
2014.08.11,21:00,39.84,39.93,39.80,39.90,70
2014.08.11,22:00,39.91,39.94,39.87,39.91,46
2014.08.12,16:00,39.80,40.04,39.73,39.98,143
2014.08.12,17:00,39.97,40.02,39.87,39.89,235
2014.08.12,18:00,39.88,39.94,39.78,39.85,189
2014.08.12,19:00,39.83,39.95,39.78,39.90,144
2014.08.12,20:00,39.91,39.98,39.91,39.97,89
2014.08.12,21:00,39.96,39.97,39.80,39.85,130
2014.08.12,22:00,39.86,39.94,39.84,39.90,84
2014.08.13,16:00,40.15,40.29,40.02,40.16,187
2014.08.13,17:00,40.15,40.16,40.03,40.12,251
2014.08.13,18:00,40.13,40.26,40.11,40.19,150
2014.08.13,19:00,40.20,40.23,40.14,40.18,130
2014.08.13,20:00,40.19,40.25,40.14,40.24,77
2014.08.13,21:00,40.23,40.23,40.07,40.20,116
2014.08.13,22:00,40.19,40.25,40.16,40.22,77
2014.08.14,16:00,40.31,40.39,40.00,40.20,163
2014.08.14,17:00,40.21,40.23,40.06,40.07,107
2014.08.14,18:00,40.06,40.18,39.98,40.17,68
2014.08.14,19:00,40.16,40.17,40.09,40.14,35
2014.08.14,20:00,40.15,40.27,40.14,40.23,73
2014.08.14,21:00,40.24,40.24,40.17,40.24,98
2014.08.14,22:00,40.23,40.26,40.19,40.22,61
2014.08.15,16:00,40.30,40.46,40.13,40.45,164
2014.08.15,17:00,40.46,40.58,40.15,40.31,536
2014.08.15,18:00,40.30,40.37,39.98,40.05,653
2014.08.15,19:00,40.04,40.23,39.99,40.22,371
2014.08.15,20:00,40.21,40.28,40.16,40.20,183
2014.08.15,21:00,40.21,40.38,40.18,40.29,180
2014.08.15,22:00,40.30,40.31,40.19,40.29,121
2014.08.18,16:00,40.42,40.73,40.41,40.72,112
2014.08.18,17:00,40.73,40.76,40.55,40.62,151
2014.08.18,18:00,40.63,40.69,40.58,40.66,90
2014.08.18,19:00,40.67,40.69,40.63,40.66,68
2014.08.18,20:00,40.65,40.66,40.61,40.64,46
2014.08.18,21:00,40.65,40.66,40.60,40.60,32
2014.08.18,22:00,40.61,40.64,40.60,40.62,37
2014.08.19,16:00,40.69,40.86,40.64,40.85,157
2014.08.19,17:00,40.84,41.12,40.80,41.11,171
2014.08.19,18:00,41.10,41.21,41.09,41.21,169
2014.08.19,19:00,41.20,41.36,41.20,41.33,183
2014.08.19,20:00,41.34,41.36,41.30,41.32,21
2014.08.19,21:00,41.33,41.53,41.33,41.48,65
2014.08.19,22:00,41.49,41.57,41.41,41.42,65
2014.08.20,16:00,41.50,41.50,41.32,41.44,138
2014.08.20,17:00,41.45,41.51,41.38,41.38,121
2014.08.20,18:00,41.37,41.37,41.22,41.25,71
2014.08.20,19:00,41.24,41.25,41.19,41.22,60
2014.08.20,20:00,41.21,41.23,41.18,41.19,36
2014.08.20,21:00,41.18,41.25,41.09,41.25,166
2014.08.20,22:00,41.24,41.28,41.19,41.26,59
2014.08.21,16:00,41.20,41.54,41.19,41.54,145
2014.08.21,17:00,41.55,41.62,41.37,41.62,113
2014.08.21,18:00,41.61,41.70,41.60,41.69,63
2014.08.21,19:00,41.68,41.74,41.61,41.64,72
2014.08.21,20:00,41.63,41.69,41.62,41.68,56
2014.08.21,21:00,41.67,41.80,41.66,41.71,64
2014.08.21,22:00,41.70,41.72,41.57,41.58,33
2014.08.22,16:00,41.39,41.56,41.38,41.56,134
2014.08.22,17:00,41.57,41.71,41.49,41.56,248
2014.08.22,18:00,41.55,41.70,41.51,41.57,148
2014.08.22,19:00,41.58,41.72,41.58,41.67,83
2014.08.22,20:00,41.68,41.74,41.67,41.73,28
2014.08.22,21:00,41.72,41.73,41.64,41.73,51
2014.08.22,22:00,41.74,41.79,41.62,41.63,66
