2013.06.24,17:00,77.80,78.20,77.61,78.07,1011
2013.06.24,18:00,78.08,78.19,77.50,77.63,790
2013.06.24,19:00,77.65,77.71,77.37,77.69,485
2013.06.24,20:00,77.70,77.86,77.55,77.86,680
2013.06.24,21:00,77.88,78.36,77.79,78.15,849
2013.06.24,22:00,78.14,78.26,77.84,77.85,1338
2013.06.25,16:00,78.22,78.78,78.18,78.55,734
2013.06.25,17:00,78.52,78.87,78.23,78.87,721
2013.06.25,18:00,78.86,79.02,78.74,78.93,580
2013.06.25,19:00,78.92,79.14,78.85,78.94,391
2013.06.25,20:00,78.93,78.99,78.51,78.54,464
2013.06.25,21:00,78.52,78.77,78.41,78.48,476
2013.06.25,22:00,78.47,78.62,78.32,78.42,1448
2013.06.26,16:00,78.97,79.45,78.94,79.27,563
2013.06.26,17:00,79.30,79.46,79.11,79.17,554
2013.06.26,18:00,79.18,79.18,78.89,79.06,392
2013.06.26,19:00,79.05,79.41,79.05,79.41,439
2013.06.26,20:00,79.42,80.01,79.39,79.92,670
2013.06.26,21:00,79.93,79.99,79.73,79.81,454
2013.06.26,22:00,79.83,79.92,79.67,79.79,815
2013.06.27,16:00,80.17,80.25,79.80,80.04,400
2013.06.27,17:00,80.06,80.26,79.88,80.13,470
2013.06.27,18:00,80.14,80.29,79.96,80.27,331
2013.06.27,19:00,80.28,80.31,79.88,80.19,345
2013.06.27,20:00,80.20,80.37,80.13,80.14,510
2013.06.27,21:00,80.15,80.29,80.08,80.09,431
2013.06.27,22:00,80.10,80.35,80.03,80.33,1119
2013.06.28,16:00,79.88,79.99,79.48,79.62,385
2013.06.28,17:00,79.65,80.24,79.56,80.23,489
2013.06.28,18:00,80.22,80.56,80.21,80.53,364
2013.06.28,19:00,80.54,80.58,80.27,80.47,282
2013.06.28,20:00,80.41,80.63,80.35,80.45,512
2013.06.28,21:00,80.42,80.46,80.17,80.37,316
2013.06.28,22:00,80.36,80.39,79.91,79.91,813
2013.07.01,16:00,80.43,81.01,80.43,80.93,615
2013.07.01,17:00,80.92,81.32,80.90,81.13,665
2013.07.01,18:00,81.14,81.33,81.07,81.23,486
2013.07.01,19:00,81.24,81.31,81.09,81.26,344
2013.07.01,20:00,81.27,81.36,81.20,81.28,375
2013.07.01,21:00,81.29,81.41,81.14,81.38,558
2013.07.01,22:00,81.39,81.49,80.97,81.11,1051
2013.07.02,16:00,81.00,81.30,80.72,81.15,308
2013.07.02,17:00,81.17,81.30,80.97,80.97,588
2013.07.02,18:00,80.96,81.07,80.49,80.65,527
2013.07.02,19:00,80.66,80.75,80.48,80.59,275
2013.07.02,20:00,80.60,80.61,79.84,80.10,462
2013.07.02,21:00,80.09,80.22,79.56,79.80,762
2013.07.02,22:00,79.81,79.90,79.51,79.82,722
2013.07.03,16:00,79.46,79.96,79.34,79.79,310
2013.07.03,17:00,79.85,80.05,79.74,79.94,404
2013.07.03,18:00,79.95,80.55,79.90,80.53,449
2013.07.03,19:00,80.54,80.63,80.28,80.33,510
2013.07.03,20:00,80.34,80.48,80.20,80.21,320
2013.07.05,16:00,80.92,81.06,80.61,80.93,341
2013.07.05,17:00,80.92,80.96,79.99,80.12,674
2013.07.05,18:00,80.13,80.52,80.07,80.48,375
2013.07.05,19:00,80.51,80.98,80.49,80.74,387
2013.07.05,20:00,80.75,80.94,80.65,80.90,242
2013.07.05,21:00,80.92,81.27,80.86,81.15,341
2013.07.05,22:00,81.16,81.34,80.83,81.33,458
2013.07.08,16:00,81.59,82.30,81.59,82.01,541
2013.07.08,17:00,82.00,82.23,81.95,82.08,525
2013.07.08,18:00,82.09,82.13,81.85,81.89,320
2013.07.08,19:00,81.92,81.98,81.81,81.90,211
2013.07.08,20:00,81.89,81.96,81.80,81.92,234
2013.07.08,21:00,81.93,82.12,81.92,82.09,241
2013.07.08,22:00,82.08,82.08,81.71,81.75,527
2013.07.09,16:00,82.32,82.56,82.19,82.41,243
2013.07.09,17:00,82.43,82.43,81.94,82.15,654
2013.07.09,18:00,82.16,82.18,81.96,82.00,434
2013.07.09,19:00,81.99,82.10,81.93,81.99,282
2013.07.09,20:00,82.00,82.07,81.89,81.94,251
2013.07.09,21:00,81.93,81.96,81.68,81.69,599
2013.07.09,22:00,81.71,82.08,81.70,82.05,604
2013.07.10,16:00,82.01,82.07,81.57,81.83,286
2013.07.10,17:00,81.87,81.92,81.33,81.48,607
2013.07.10,18:00,81.49,81.51,81.17,81.17,413
2013.07.10,19:00,81.19,81.39,81.08,81.31,264
2013.07.10,20:00,81.32,81.38,81.20,81.29,255
2013.07.10,21:00,81.28,81.73,81.13,81.28,815
2013.07.10,22:00,81.29,81.58,81.26,81.56,591
2013.07.11,16:00,82.58,82.58,82.13,82.43,267
2013.07.11,17:00,82.45,82.45,82.15,82.27,463
2013.07.11,18:00,82.30,82.57,82.26,82.49,410
2013.07.11,19:00,82.48,82.66,82.40,82.66,317
2013.07.11,20:00,82.65,82.68,82.54,82.66,212
2013.07.11,21:00,82.67,82.85,82.60,82.61,350
2013.07.11,22:00,82.60,82.81,82.57,82.73,584
2013.07.12,16:00,82.54,83.05,82.54,83.05,291
2013.07.12,17:00,83.04,83.34,82.88,83.15,650
2013.07.12,18:00,83.16,83.22,83.10,83.15,210
2013.07.12,19:00,83.16,83.81,83.16,83.69,663
2013.07.12,20:00,83.68,83.80,83.64,83.71,331
2013.07.12,21:00,83.72,83.89,83.51,83.79,230
2013.07.12,22:00,83.78,84.23,83.65,84.17,681
2013.07.15,16:00,83.89,84.17,83.56,83.61,400
2013.07.15,17:00,83.60,83.88,83.34,83.37,439
2013.07.15,18:00,83.38,83.56,83.20,83.33,519
2013.07.15,19:00,83.35,83.38,83.16,83.19,376
2013.07.15,20:00,83.18,83.26,83.14,83.14,196
2013.07.15,21:00,83.15,83.23,83.04,83.19,347
2013.07.15,22:00,83.20,83.28,83.15,83.28,452
2013.07.16,16:00,83.45,83.75,83.29,83.55,403
2013.07.16,17:00,83.58,83.66,83.40,83.45,365
2013.07.16,18:00,83.44,83.50,83.12,83.12,359
2013.07.16,19:00,83.11,83.19,83.07,83.17,224
2013.07.16,20:00,83.16,83.28,82.95,83.27,177
2013.07.16,21:00,83.28,83.53,83.26,83.27,222
2013.07.16,22:00,83.26,83.29,83.04,83.23,470
2013.07.17,16:00,83.67,83.90,83.42,83.85,240
2013.07.17,17:00,83.87,84.12,83.66,83.79,457
2013.07.17,18:00,83.80,83.93,83.68,83.80,385
2013.07.17,19:00,83.83,83.90,83.77,83.87,339
2013.07.17,20:00,83.86,83.90,83.72,83.85,220
2013.07.17,21:00,83.86,83.99,83.84,83.88,330
2013.07.17,22:00,83.87,84.04,83.74,83.98,452
2013.07.18,16:00,84.37,84.69,84.28,84.32,312
2013.07.18,17:00,84.34,84.63,84.32,84.57,607
2013.07.18,18:00,84.56,84.56,84.34,84.36,336
2013.07.18,19:00,84.35,84.39,84.26,84.31,278
2013.07.18,20:00,84.30,84.42,84.26,84.36,287
2013.07.18,21:00,84.39,84.63,84.33,84.59,415
2013.07.18,22:00,84.60,84.62,84.37,84.54,1003
2013.07.19,16:00,84.57,84.62,84.26,84.51,286
2013.07.19,17:00,84.50,84.54,84.18,84.38,481
2013.07.19,18:00,84.39,84.62,84.39,84.62,340
2013.07.19,19:00,84.61,84.68,84.48,84.60,209
2013.07.19,20:00,84.61,84.73,84.58,84.68,253
2013.07.19,21:00,84.67,84.79,84.65,84.75,281
2013.07.19,22:00,84.74,84.76,84.53,84.66,525
2013.07.22,16:00,84.78,84.94,84.56,84.82,402
2013.07.22,17:00,84.81,84.95,84.72,84.80,405
2013.07.22,18:00,84.81,85.04,84.78,84.91,292
2013.07.22,19:00,84.90,85.05,84.84,85.05,360
2013.07.22,20:00,85.03,85.15,84.98,84.99,260
2013.07.22,21:00,85.00,85.44,84.99,85.40,351
2013.07.22,22:00,85.41,85.52,85.27,85.45,683
2013.07.23,16:00,84.75,85.07,82.99,83.15,1812
2013.07.23,17:00,83.20,83.36,82.57,82.69,1647
2013.07.23,18:00,82.70,82.79,82.19,82.38,1253
2013.07.23,19:00,82.39,82.93,82.19,82.36,848
2013.07.23,20:00,82.37,82.87,82.36,82.57,631
2013.07.23,21:00,82.55,82.63,82.20,82.22,539
2013.07.23,22:00,82.21,82.41,82.09,82.19,1075
2013.07.24,16:00,82.32,82.82,81.95,82.23,897
2013.07.24,17:00,82.22,82.29,81.63,81.83,802
2013.07.24,18:00,81.84,82.37,81.83,82.19,681
2013.07.24,19:00,82.18,82.30,81.96,81.98,413
2013.07.24,20:00,81.99,82.09,81.74,81.87,436
2013.07.24,21:00,81.88,82.30,81.88,82.17,458
2013.07.24,22:00,82.15,82.20,81.94,82.15,669
2013.07.25,16:00,82.04,82.21,81.50,82.15,484
2013.07.25,17:00,82.16,82.61,82.13,82.27,555
2013.07.25,18:00,82.26,82.28,81.94,82.26,329
2013.07.25,19:00,82.27,82.87,82.19,82.86,506
2013.07.25,20:00,82.87,82.90,82.44,82.66,377
2013.07.25,21:00,82.65,82.87,82.47,82.49,416
2013.07.25,22:00,82.50,82.94,82.50,82.82,685
2013.07.26,16:00,82.54,82.74,82.16,82.63,259
2013.07.26,17:00,82.66,82.76,82.11,82.19,534
2013.07.26,18:00,82.17,82.57,82.12,82.47,339
2013.07.26,19:00,82.48,82.79,82.44,82.65,242
2013.07.26,20:00,82.66,83.05,82.66,82.98,425
2013.07.26,21:00,82.97,83.29,82.86,83.22,351
2013.07.26,22:00,83.21,83.56,83.13,83.50,638
2013.07.29,16:00,83.55,83.59,83.22,83.37,338
2013.07.29,17:00,83.40,83.45,83.14,83.22,458
2013.07.29,18:00,83.21,83.28,82.86,83.24,292
2013.07.29,19:00,83.23,83.51,83.22,83.28,397
2013.07.29,20:00,83.29,83.30,83.07,83.16,186
2013.07.29,21:00,83.17,83.31,83.16,83.24,196
2013.07.29,22:00,83.23,83.42,83.19,83.39,495
2013.07.30,16:00,83.57,83.92,83.42,83.49,272
2013.07.30,17:00,83.52,83.64,83.28,83.31,436
2013.07.30,18:00,83.32,83.65,83.29,83.61,378
2013.07.30,19:00,83.62,83.65,83.46,83.52,304
2013.07.30,20:00,83.53,83.54,82.96,83.16,294
2013.07.30,21:00,83.17,83.40,82.97,83.39,380
2013.07.30,22:00,83.37,83.61,83.30,83.40,973
2013.07.31,16:00,83.50,83.91,83.40,83.83,423
2013.07.31,17:00,83.80,84.14,83.56,83.96,946
2013.07.31,18:00,83.93,84.04,83.60,83.69,538
2013.07.31,19:00,83.70,83.70,83.26,83.31,492
2013.07.31,20:00,83.30,83.64,83.24,83.64,502
2013.07.31,21:00,83.61,83.91,83.27,83.88,770
2013.07.31,22:00,83.89,83.89,83.41,83.53,1148
2013.08.01,16:00,84.24,84.70,84.21,84.56,446
2013.08.01,17:00,84.52,84.76,84.09,84.11,612
2013.08.01,18:00,84.13,84.51,84.10,84.41,373
2013.08.01,19:00,84.40,84.46,84.25,84.35,269
2013.08.01,20:00,84.34,84.41,84.18,84.21,273
2013.08.01,21:00,84.20,84.49,84.17,84.38,292
2013.08.01,22:00,84.39,84.54,84.22,84.38,621
2013.08.02,16:00,84.37,84.37,83.50,83.72,329
2013.08.02,17:00,83.68,83.94,83.59,83.77,476
2013.08.02,18:00,83.75,83.99,83.68,83.79,307
2013.08.02,19:00,83.80,83.98,83.74,83.95,217
2013.08.02,20:00,83.94,84.05,83.81,83.85,191
2013.08.02,21:00,83.86,83.98,83.84,83.93,209
2013.08.02,22:00,83.92,83.99,83.84,83.95,517
2013.08.05,16:00,83.86,83.99,83.24,83.44,267
2013.08.05,17:00,83.43,83.53,83.22,83.28,344
2013.08.05,18:00,83.31,83.35,83.23,83.29,232
2013.08.05,19:00,83.28,83.28,83.03,83.11,281
2013.08.05,20:00,83.12,83.13,82.99,83.05,234
2013.08.05,21:00,83.03,83.14,82.99,83.10,197
2013.08.05,22:00,83.09,83.28,83.04,83.16,413
2013.08.06,16:00,83.01,83.23,82.39,82.41,283
2013.08.06,17:00,82.48,82.53,82.00,82.15,478
2013.08.06,18:00,82.10,82.51,82.10,82.51,352
2013.08.06,19:00,82.52,82.56,82.27,82.52,262
2013.08.06,20:00,82.55,82.59,82.42,82.42,367
2013.08.06,21:00,82.44,82.46,82.29,82.31,249
2013.08.06,22:00,82.32,82.49,82.24,82.33,424
2013.08.07,16:00,82.09,82.22,81.52,81.67,361
2013.08.07,17:00,81.63,82.18,81.46,82.09,415
2013.08.07,18:00,82.08,82.14,81.80,81.98,301
2013.08.07,19:00,81.97,82.11,81.89,82.06,259
2013.08.07,20:00,82.05,82.07,81.75,81.96,238
2013.08.07,21:00,81.95,81.97,81.78,81.93,206
2013.08.07,22:00,81.94,82.07,81.81,81.84,399
2013.08.08,16:00,82.10,82.47,81.99,82.23,330
2013.08.08,17:00,82.22,82.28,81.50,81.76,481
2013.08.08,18:00,81.77,81.91,81.59,81.87,303
2013.08.08,19:00,81.88,82.38,81.87,82.31,509
2013.08.08,20:00,82.32,82.70,82.31,82.56,443
2013.08.08,21:00,82.57,82.62,82.23,82.26,240
2013.08.08,22:00,82.27,82.31,81.99,82.02,451
2013.08.09,16:00,82.08,82.08,81.59,82.06,218
2013.08.09,17:00,82.05,82.16,81.82,81.91,368
2013.08.09,18:00,81.92,81.93,81.48,81.77,475
2013.08.09,19:00,81.75,81.95,81.69,81.75,233
2013.08.09,20:00,81.76,82.10,81.75,82.09,258
2013.08.09,21:00,82.08,82.15,81.99,82.09,337
2013.08.09,22:00,82.10,82.17,81.98,82.08,486
2013.08.12,16:00,81.54,82.11,81.46,82.03,230
2013.08.12,17:00,82.04,82.40,81.90,82.26,556
2013.08.12,18:00,82.25,82.50,82.25,82.42,373
2013.08.12,19:00,82.43,82.49,82.31,82.38,293
2013.08.12,20:00,82.39,82.39,82.16,82.24,249
2013.08.12,21:00,82.23,82.38,82.19,82.38,308
2013.08.12,22:00,82.37,82.53,82.29,82.31,574
2013.08.13,16:00,82.34,82.42,81.50,81.57,415
2013.08.13,17:00,81.56,81.56,81.13,81.35,653
2013.08.13,18:00,81.34,81.73,81.31,81.62,350
2013.08.13,19:00,81.61,82.30,81.57,82.18,479
2013.08.13,20:00,82.19,82.35,82.17,82.25,399
2013.08.13,21:00,82.24,82.31,82.06,82.12,269
2013.08.13,22:00,82.11,82.14,81.89,81.95,621
2013.08.14,16:00,81.54,82.26,81.54,82.26,321
2013.08.14,17:00,82.27,82.34,81.81,81.94,782
2013.08.14,18:00,81.95,82.26,81.92,81.97,516
2013.08.14,19:00,81.95,82.13,81.81,81.96,327
2013.08.14,20:00,81.97,82.07,81.73,81.99,408
2013.08.14,21:00,81.98,82.18,81.90,82.18,324
2013.08.14,22:00,82.19,82.41,82.09,82.18,543
2013.08.15,16:00,81.51,81.90,81.26,81.29,369
2013.08.15,17:00,81.31,81.78,81.13,81.25,799
2013.08.15,18:00,81.26,81.42,81.19,81.20,385
2013.08.15,19:00,81.21,81.42,81.11,81.11,315
2013.08.15,20:00,81.12,81.19,80.88,81.02,353
2013.08.15,21:00,81.03,81.11,80.83,81.01,402
2013.08.15,22:00,81.00,81.14,80.82,81.09,643
2013.08.16,16:00,81.12,81.43,81.10,81.42,307
2013.08.16,17:00,81.41,81.79,81.29,81.62,555
2013.08.16,18:00,81.61,81.70,81.39,81.57,334
2013.08.16,19:00,81.56,81.56,81.26,81.28,296
2013.08.16,20:00,81.29,81.33,81.01,81.22,332
2013.08.16,21:00,81.24,81.39,81.06,81.31,349
2013.08.16,22:00,81.30,81.37,81.04,81.05,557
2013.08.19,16:00,81.14,81.14,80.55,80.73,327
2013.08.19,17:00,80.74,80.91,80.43,80.44,428
2013.08.19,18:00,80.45,80.47,80.23,80.34,388
2013.08.19,19:00,80.35,80.49,80.29,80.45,176
2013.08.19,20:00,80.46,80.46,80.28,80.43,196
2013.08.19,21:00,80.42,80.45,80.29,80.41,298
2013.08.19,22:00,80.42,80.47,80.18,80.20,631
2013.08.20,16:00,80.24,80.43,80.12,80.41,236
2013.08.20,17:00,80.40,80.70,80.38,80.49,411
2013.08.20,18:00,80.48,80.69,80.48,80.64,287
2013.08.20,19:00,80.65,80.66,80.42,80.55,338
2013.08.20,20:00,80.56,80.62,80.34,80.43,307
2013.08.20,21:00,80.44,80.51,80.34,80.36,267
2013.08.20,22:00,80.38,80.46,80.20,80.27,486
2013.08.21,16:00,80.07,80.07,79.55,79.62,373
2013.08.21,17:00,79.64,79.94,79.64,79.74,547
2013.08.21,18:00,79.75,79.76,79.51,79.71,368
2013.08.21,19:00,79.70,79.76,79.63,79.66,301
2013.08.21,20:00,79.68,79.68,79.47,79.53,348
2013.08.21,21:00,79.52,79.98,79.12,79.86,993
2013.08.21,22:00,79.88,79.93,79.41,79.42,865
2013.08.22,16:00,79.56,80.23,79.37,80.15,336
2013.08.22,17:00,80.13,80.46,80.09,80.32,476
2013.08.22,18:00,80.33,80.43,80.07,80.29,292
2013.08.22,19:00,80.31,80.41,80.06,80.06,194
2013.08.22,20:00,80.02,80.66,79.99,80.63,148
2013.08.22,21:00,80.64,80.66,80.31,80.43,205
2013.08.22,22:00,80.42,80.68,80.30,80.57,579
2013.08.23,16:00,80.55,80.59,80.01,80.30,527
2013.08.23,17:00,80.31,80.42,79.92,80.37,512
2013.08.23,18:00,80.38,80.39,80.10,80.12,330
2013.08.23,19:00,80.13,80.32,80.11,80.22,210
2013.08.23,20:00,80.21,80.27,80.08,80.20,236
2013.08.23,21:00,80.21,80.21,80.04,80.11,301
2013.08.23,22:00,80.10,80.29,80.02,80.18,446
2013.08.26,16:00,80.24,80.26,79.91,79.96,212
2013.08.26,17:00,79.92,80.29,79.88,80.26,381
2013.08.26,18:00,80.27,80.42,80.19,80.32,304
2013.08.26,19:00,80.31,80.48,80.26,80.48,193
2013.08.26,20:00,80.47,80.55,80.42,80.52,178
2013.08.26,21:00,80.51,80.53,80.43,80.50,159
2013.08.26,22:00,80.51,80.53,80.09,80.12,736
2013.08.27,16:00,79.34,79.93,79.15,79.92,435
2013.08.27,17:00,79.89,79.98,79.52,79.98,640
2013.08.27,18:00,79.97,79.97,79.74,79.88,529
2013.08.27,19:00,79.86,79.87,79.65,79.73,386
2013.08.27,20:00,79.71,79.87,79.68,79.81,333
2013.08.27,21:00,79.80,79.86,79.62,79.82,543
2013.08.27,22:00,79.81,79.96,79.73,79.74,973
2013.08.28,16:00,79.45,79.81,79.39,79.53,390
2013.08.28,17:00,79.48,79.71,79.37,79.70,492
2013.08.28,18:00,79.67,80.26,79.66,80.26,479
2013.08.28,19:00,80.24,80.25,80.05,80.07,289
2013.08.28,20:00,80.08,80.09,79.87,80.05,255
2013.08.28,21:00,80.06,80.07,79.77,79.87,358
2013.08.28,22:00,79.88,80.07,79.78,79.88,724
2013.08.29,16:00,79.68,80.40,79.51,80.36,367
2013.08.29,17:00,80.35,80.74,80.29,80.58,565
2013.08.29,18:00,80.60,80.63,80.33,80.35,312
2013.08.29,19:00,80.36,80.56,80.21,80.56,257
2013.08.29,20:00,80.57,80.57,80.18,80.25,253
2013.08.29,21:00,80.24,80.44,80.21,80.40,233
2013.08.29,22:00,80.39,80.41,80.08,80.23,546
2013.08.30,16:00,80.20,80.24,79.68,79.90,273
2013.08.30,17:00,79.89,79.91,79.45,79.47,448
2013.08.30,18:00,79.46,79.65,79.40,79.49,277
2013.08.30,19:00,79.50,79.82,79.46,79.78,222
2013.08.30,20:00,79.77,79.99,79.59,79.81,355
2013.08.30,21:00,79.80,79.99,79.76,79.85,324
2013.08.30,22:00,79.84,79.96,79.60,79.86,696
2013.09.03,16:00,80.73,81.29,80.72,80.85,358
2013.09.03,17:00,80.82,80.93,80.43,80.88,436
2013.09.03,18:00,80.87,80.96,80.29,80.45,474
2013.09.03,19:00,80.44,80.51,80.17,80.22,261
2013.09.03,20:00,80.21,80.37,80.05,80.20,284
2013.09.03,21:00,80.21,80.49,80.16,80.48,311
2013.09.03,22:00,80.49,80.67,80.37,80.48,590
2013.09.04,16:00,80.54,80.75,80.25,80.64,257
2013.09.04,17:00,80.66,81.08,80.66,80.92,343
2013.09.04,18:00,80.91,81.21,80.88,81.14,312
2013.09.04,19:00,81.16,81.31,80.90,80.93,237
2013.09.04,20:00,80.92,81.02,80.79,80.83,221
2013.09.04,21:00,80.84,81.01,80.79,80.99,286
2013.09.04,22:00,81.00,81.13,80.88,81.05,661
2013.09.05,16:00,80.81,81.09,80.58,80.91,417
2013.09.05,17:00,80.90,80.95,80.61,80.61,601
2013.09.05,18:00,80.63,80.83,80.61,80.80,313
2013.09.05,19:00,80.79,80.87,80.73,80.83,232
2013.09.05,20:00,80.82,80.86,80.67,80.70,205
2013.09.05,21:00,80.71,80.85,80.68,80.82,184
2013.09.05,22:00,80.81,80.84,80.58,80.65,410
2013.09.06,16:00,80.47,80.74,79.19,79.32,734
2013.09.06,17:00,79.34,80.39,79.11,80.34,714
2013.09.06,18:00,80.35,81.01,80.33,80.97,815
2013.09.06,19:00,80.96,81.04,80.72,80.77,257
2013.09.06,20:00,80.78,80.96,80.73,80.85,272
2013.09.06,21:00,80.84,80.99,80.81,80.85,368
2013.09.06,22:00,80.84,80.89,80.43,80.48,741
2013.09.09,16:00,80.73,81.38,80.53,81.18,407
2013.09.09,17:00,81.23,81.48,81.09,81.39,550
2013.09.09,18:00,81.40,81.56,81.31,81.46,334
2013.09.09,19:00,81.48,81.78,81.39,81.76,349
2013.09.09,20:00,81.75,82.06,81.71,82.06,374
2013.09.09,21:00,82.05,82.27,82.01,82.13,355
2013.09.09,22:00,82.12,82.30,82.10,82.17,708
2013.09.10,16:00,82.69,82.84,82.20,82.21,550
2013.09.10,17:00,82.24,82.44,82.05,82.22,760
2013.09.10,18:00,82.23,82.33,82.05,82.17,527
2013.09.10,19:00,82.16,82.18,81.82,81.90,328
2013.09.10,20:00,81.89,81.96,81.68,81.96,356
2013.09.10,21:00,81.97,82.26,81.96,82.21,390
2013.09.10,22:00,82.20,82.56,82.17,82.53,803
2013.09.11,16:00,82.49,83.87,82.41,83.00,763
2013.09.11,17:00,83.01,83.29,82.90,82.99,481
2013.09.11,18:00,83.00,83.18,82.93,82.98,287
2013.09.11,19:00,82.97,83.23,82.94,83.11,458
2013.09.11,20:00,83.10,83.41,82.98,83.39,322
2013.09.11,21:00,83.38,83.52,83.31,83.34,281
2013.09.11,22:00,83.33,83.76,83.31,83.73,796
2013.09.12,16:00,83.12,83.54,82.91,83.27,512
2013.09.12,17:00,83.26,83.59,83.17,83.17,444
2013.09.12,18:00,83.16,83.36,83.11,83.20,427
2013.09.12,19:00,83.21,83.42,83.14,83.41,412
2013.09.12,20:00,83.39,83.47,83.21,83.25,214
2013.09.12,21:00,83.26,83.34,83.11,83.29,305
2013.09.12,22:00,83.30,83.30,83.05,83.12,541
2013.09.13,16:00,83.40,83.90,83.22,83.84,302
2013.09.13,17:00,83.86,83.86,83.45,83.58,359
2013.09.13,18:00,83.59,83.65,83.46,83.49,192
2013.09.13,19:00,83.50,83.51,83.29,83.29,148
2013.09.13,20:00,83.30,83.49,83.30,83.47,110
2013.09.13,21:00,83.46,83.56,83.38,83.44,214
2013.09.13,22:00,83.45,83.55,83.39,83.55,522
2013.09.16,16:00,84.56,84.70,84.29,84.44,417
2013.09.16,17:00,84.43,84.81,84.24,84.75,621
2013.09.16,18:00,84.73,84.97,84.67,84.71,347
2013.09.16,19:00,84.69,84.94,84.55,84.70,343
2013.09.16,20:00,84.69,84.72,84.44,84.58,284
2013.09.16,21:00,84.60,84.70,84.53,84.55,337
2013.09.16,22:00,84.56,84.69,84.45,84.56,593
2013.09.17,16:00,84.72,85.11,84.72,84.90,503
2013.09.17,17:00,84.88,84.97,84.71,84.79,361
2013.09.17,18:00,84.80,84.92,84.76,84.84,288
2013.09.17,19:00,84.86,84.89,84.76,84.84,263
2013.09.17,20:00,84.85,84.98,84.84,84.93,282
2013.09.17,21:00,84.94,85.10,84.93,84.95,306
2013.09.17,22:00,84.96,84.99,84.79,84.87,580
2013.09.18,16:00,84.09,85.16,84.09,85.06,415
2013.09.18,17:00,85.08,85.14,84.59,84.75,566
2013.09.18,18:00,84.76,84.87,84.61,84.64,437
2013.09.18,19:00,84.65,84.90,84.60,84.87,215
2013.09.18,20:00,84.85,84.95,84.70,84.70,262
2013.09.18,21:00,84.74,85.94,84.74,85.93,748
2013.09.18,22:00,85.94,85.99,85.78,85.91,782
2013.09.19,16:00,86.45,87.52,86.33,87.03,851
2013.09.19,17:00,87.02,87.04,86.04,86.58,1042
2013.09.19,18:00,86.57,87.24,86.35,87.24,610
2013.09.19,19:00,87.23,87.35,87.00,87.02,468
2013.09.19,20:00,87.01,87.07,86.77,87.05,397
2013.09.19,21:00,87.06,87.13,86.99,87.11,377
2013.09.19,22:00,87.12,87.19,86.87,86.89,765
2013.09.20,16:00,86.94,87.40,86.91,87.19,415
2013.09.20,17:00,87.18,87.32,86.99,87.25,499
2013.09.20,18:00,87.24,87.32,87.05,87.13,374
2013.09.20,19:00,87.12,87.17,86.75,86.75,295
2013.09.20,20:00,86.76,86.78,86.58,86.62,183
2013.09.20,21:00,86.61,86.76,86.52,86.75,229
2013.09.20,22:00,86.76,86.83,86.43,86.52,928
2013.09.23,16:00,86.61,87.19,86.50,86.61,831
2013.09.23,17:00,86.58,86.78,86.33,86.38,635
2013.09.23,18:00,86.40,86.57,86.37,86.46,328
2013.09.23,19:00,86.48,86.63,86.44,86.52,370
2013.09.23,20:00,86.51,86.62,86.40,86.60,289
2013.09.23,21:00,86.61,86.63,86.43,86.57,272
2013.09.23,22:00,86.56,86.58,86.33,86.38,743
2013.09.24,16:00,86.31,86.75,86.19,86.26,393
2013.09.24,17:00,86.27,86.52,86.13,86.35,635
2013.09.24,18:00,86.36,86.55,86.33,86.40,318
2013.09.24,19:00,86.41,86.45,86.30,86.38,271
2013.09.24,20:00,86.39,86.45,86.35,86.37,274
2013.09.24,21:00,86.38,86.40,86.19,86.22,233
2013.09.24,22:00,86.21,86.26,85.76,85.89,910
2013.09.25,16:00,85.93,86.14,85.82,85.99,242
2013.09.25,17:00,86.00,86.27,85.77,86.15,423
2013.09.25,18:00,86.16,86.44,86.03,86.39,248
2013.09.25,19:00,86.37,86.41,86.06,86.08,306
2013.09.25,20:00,86.11,86.27,85.92,86.06,386
2013.09.25,21:00,86.05,86.15,85.93,85.96,357
2013.09.25,22:00,85.98,86.11,85.94,86.00,579
2013.09.26,16:00,85.91,86.29,85.91,86.29,154
2013.09.26,17:00,86.25,86.43,85.84,85.97,307
2013.09.26,18:00,85.94,85.94,85.68,85.83,265
2013.09.26,19:00,85.84,85.90,85.70,85.84,214
2013.09.26,20:00,85.85,85.89,85.67,85.77,167
2013.09.26,21:00,85.76,85.77,85.55,85.61,240
2013.09.26,22:00,85.60,85.84,85.55,85.83,485
2013.09.27,16:00,85.55,85.58,85.14,85.34,416
2013.09.27,17:00,85.31,85.51,85.11,85.38,392
2013.09.27,18:00,85.40,85.58,85.29,85.43,265
2013.09.27,19:00,85.42,85.48,85.30,85.39,270
2013.09.27,20:00,85.41,85.49,85.25,85.30,193
2013.09.27,21:00,85.32,85.39,85.25,85.34,213
2013.09.27,22:00,85.33,85.52,85.30,85.38,392
2013.09.30,16:00,84.88,84.96,84.38,84.41,323
2013.09.30,17:00,84.45,84.80,84.35,84.77,517
2013.09.30,18:00,84.75,84.81,84.59,84.73,253
2013.09.30,19:00,84.75,84.82,84.52,84.76,252
2013.09.30,20:00,84.77,85.14,84.74,84.97,353
2013.09.30,21:00,85.00,85.12,84.86,84.86,355
2013.09.30,22:00,84.85,84.86,84.53,84.75,905
2013.10.01,16:00,84.92,84.97,84.41,84.44,414
2013.10.01,17:00,84.43,84.76,84.40,84.67,524
2013.10.01,18:00,84.68,84.93,84.60,84.83,354
2013.10.01,19:00,84.84,84.90,84.66,84.78,291
2013.10.01,20:00,84.74,84.83,84.57,84.60,268
2013.10.01,21:00,84.61,84.70,84.44,84.55,268
2013.10.01,22:00,84.54,84.65,84.37,84.65,619
2013.10.02,16:00,84.43,84.46,83.80,83.91,435
2013.10.02,17:00,83.90,84.11,83.69,84.06,741
2013.10.02,18:00,84.04,84.15,83.85,83.95,706
2013.10.02,19:00,83.96,84.10,83.79,84.06,920
2013.10.02,20:00,84.05,84.27,83.98,84.17,866
2013.10.02,21:00,84.16,84.35,84.11,84.24,503
2013.10.02,22:00,84.22,84.47,84.18,84.43,674
2013.10.03,16:00,84.31,84.34,83.99,84.06,357
2013.10.03,17:00,84.05,84.10,83.80,84.03,631
2013.10.03,18:00,84.04,84.24,83.91,83.95,552
2013.10.03,19:00,83.96,84.03,83.77,83.86,445
2013.10.03,20:00,83.89,84.07,83.79,84.03,533
2013.10.03,21:00,84.05,84.15,83.83,84.02,530
2013.10.03,22:00,84.01,84.12,83.91,84.04,996
2013.10.04,16:00,84.07,84.45,83.94,84.30,323
2013.10.04,17:00,84.31,84.57,84.10,84.20,525
2013.10.04,18:00,84.34,84.55,84.10,84.50,344
2013.10.04,19:00,84.49,84.67,84.46,84.60,287
2013.10.04,20:00,84.63,84.64,84.52,84.53,279
2013.10.04,21:00,84.55,84.73,84.53,84.59,328
2013.10.04,22:00,84.69,84.73,84.52,84.66,766
2013.10.07,16:00,84.04,84.18,83.76,84.16,276
2013.10.07,17:00,84.17,84.44,83.98,84.34,405
2013.10.07,18:00,84.33,84.49,84.16,84.45,288
2013.10.07,19:00,84.44,84.49,84.17,84.19,309
2013.10.07,20:00,84.21,84.28,84.18,84.28,315
2013.10.07,21:00,84.21,84.38,84.20,84.34,280
2013.10.07,22:00,84.33,84.38,84.04,84.08,686
2013.10.08,16:00,83.99,84.16,83.61,83.95,281
2013.10.08,17:00,83.98,84.01,83.64,83.69,539
2013.10.08,18:00,83.70,84.05,83.55,83.62,571
2013.10.08,19:00,83.67,83.72,83.38,83.44,436
2013.10.08,20:00,83.45,83.55,83.22,83.35,364
2013.10.08,21:00,83.36,83.47,83.17,83.30,492
2013.10.08,22:00,83.32,83.36,82.92,82.97,914
2013.10.09,16:00,83.09,83.19,82.66,82.79,190
2013.10.09,17:00,82.81,82.86,82.49,82.49,539
2013.10.09,18:00,82.50,82.57,82.32,82.47,513
2013.10.09,19:00,82.49,82.53,82.37,82.47,472
2013.10.09,20:00,82.46,82.63,82.42,82.52,579
2013.10.09,21:00,82.53,82.61,82.45,82.54,597
2013.10.09,22:00,82.53,82.58,82.23,82.32,961
2013.10.10,16:00,83.01,83.83,83.01,83.69,509
2013.10.10,17:00,83.71,83.85,83.58,83.71,536
2013.10.10,18:00,83.72,84.08,83.63,83.97,494
2013.10.10,19:00,83.96,84.17,83.94,84.15,301
2013.10.10,20:00,84.14,84.29,84.09,84.28,281
2013.10.10,21:00,84.26,84.28,83.96,84.00,295
2013.10.10,22:00,83.99,84.16,83.95,84.15,867
2013.10.11,16:00,84.04,84.11,83.74,84.10,423
2013.10.11,17:00,84.04,84.31,83.95,84.20,518
2013.10.11,18:00,84.21,84.39,84.01,84.30,405
2013.10.11,19:00,84.27,84.59,84.27,84.50,466
2013.10.11,20:00,84.48,84.77,84.44,84.76,407
2013.10.11,21:00,84.64,84.75,84.53,84.59,342
2013.10.11,22:00,84.55,84.66,84.44,84.64,688
2013.10.14,16:00,84.22,84.56,84.19,84.39,334
2013.10.14,17:00,84.40,84.50,84.19,84.49,556
2013.10.14,18:00,84.48,84.73,84.41,84.67,490
2013.10.14,19:00,84.65,84.71,84.45,84.51,365
2013.10.14,20:00,84.50,85.07,84.49,85.01,434
2013.10.14,21:00,85.02,85.21,84.92,85.00,428
2013.10.14,22:00,84.99,85.27,84.96,85.20,681
2013.10.15,16:00,84.92,84.98,84.47,84.86,340
2013.10.15,17:00,84.88,84.97,84.52,84.78,565
2013.10.15,18:00,84.76,85.07,84.69,84.78,493
2013.10.15,19:00,84.81,84.85,84.66,84.69,344
2013.10.15,20:00,84.68,84.84,84.52,84.83,440
2013.10.15,21:00,84.85,84.89,84.36,84.59,444
2013.10.15,22:00,84.61,84.80,84.39,84.44,687
2013.10.16,16:00,85.16,85.98,85.04,85.78,534
2013.10.16,17:00,85.81,86.08,85.57,86.06,751
2013.10.16,18:00,86.05,86.28,86.00,86.01,633
2013.10.16,19:00,86.03,86.16,85.97,86.08,559
2013.10.16,20:00,86.05,86.15,85.70,85.70,593
2013.10.16,21:00,85.73,85.85,85.52,85.69,551
2013.10.16,22:00,85.79,86.15,85.63,86.07,888
2013.10.17,16:00,85.31,85.35,84.86,84.86,793
2013.10.17,17:00,84.91,85.52,84.89,85.40,599
2013.10.17,18:00,85.42,85.78,85.38,85.73,565
2013.10.17,19:00,85.66,85.79,85.55,85.77,530
2013.10.17,20:00,85.78,85.78,85.60,85.69,431
2013.10.17,21:00,85.70,85.85,85.66,85.85,314
2013.10.17,22:00,85.86,86.11,85.76,86.01,620
2013.10.18,16:00,86.54,86.69,86.12,86.49,457
2013.10.18,17:00,86.46,86.56,86.31,86.45,609
2013.10.18,18:00,86.44,86.58,86.42,86.54,436
2013.10.18,19:00,86.53,86.72,86.49,86.62,276
2013.10.18,20:00,86.63,86.74,86.60,86.63,377
2013.10.18,21:00,86.64,86.75,86.60,86.65,272
2013.10.18,22:00,86.64,86.70,86.50,86.58,521
2013.10.21,16:00,86.71,86.83,86.34,86.78,378
2013.10.21,17:00,86.75,86.90,86.44,86.52,652
2013.10.21,18:00,86.53,86.87,86.45,86.86,469
2013.10.21,19:00,86.87,86.92,86.73,86.78,307
2013.10.21,20:00,86.79,86.80,86.65,86.70,301
2013.10.21,21:00,86.69,86.83,86.57,86.64,291
2013.10.21,22:00,86.63,86.83,86.61,86.72,555
2013.10.22,16:00,87.79,88.02,86.79,87.31,1347
2013.10.22,17:00,87.34,87.65,87.19,87.34,1168
2013.10.22,18:00,87.37,87.37,87.04,87.20,570
2013.10.22,19:00,87.19,87.27,86.64,86.80,586
2013.10.22,20:00,86.81,86.93,86.25,86.48,947
2013.10.22,21:00,86.47,86.82,86.30,86.75,870
2013.10.22,22:00,86.76,86.86,86.50,86.70,815
2013.10.23,16:00,86.20,86.44,85.76,85.76,396
2013.10.23,17:00,85.74,86.04,85.61,85.90,692
2013.10.23,18:00,85.91,86.31,85.88,86.24,625
2013.10.23,19:00,86.23,86.25,85.91,86.11,407
2013.10.23,20:00,86.12,86.37,86.03,86.04,319
2013.10.23,21:00,86.05,86.40,86.03,86.34,352
2013.10.23,22:00,86.33,86.35,86.13,86.26,616
2013.10.24,16:00,86.43,86.99,86.16,86.95,347
2013.10.24,17:00,86.94,87.17,86.86,87.04,545
2013.10.24,18:00,87.05,87.26,87.00,87.06,398
2013.10.24,19:00,87.02,87.23,87.00,87.21,295
2013.10.24,20:00,87.20,87.22,87.04,87.10,238
2013.10.24,21:00,87.09,87.33,87.07,87.32,442
2013.10.24,22:00,87.31,87.32,86.98,87.03,527
2013.10.25,16:00,86.81,87.14,86.65,86.76,318
2013.10.25,17:00,86.78,86.98,86.76,86.94,308
2013.10.25,18:00,86.95,86.95,86.64,86.71,227
2013.10.25,19:00,86.70,86.82,86.68,86.71,167
2013.10.25,20:00,86.70,86.71,86.52,86.56,167
2013.10.25,21:00,86.55,86.72,86.54,86.59,315
2013.10.25,22:00,86.61,86.67,86.53,86.63,466
2013.10.28,15:00,86.68,87.14,86.63,87.08,307
2013.10.28,16:00,87.11,87.35,87.05,87.11,466
2013.10.28,17:00,87.12,87.24,87.00,87.10,355
2013.10.28,18:00,87.08,87.24,87.00,87.22,356
2013.10.28,19:00,87.24,87.35,87.16,87.28,242
2013.10.28,20:00,87.27,87.45,87.26,87.36,195
2013.10.28,21:00,87.37,87.37,86.99,87.10,408
2013.10.29,15:00,87.25,87.49,87.09,87.24,350
2013.10.29,16:00,87.20,87.29,86.88,86.91,354
2013.10.29,17:00,86.90,87.19,86.90,87.19,282
2013.10.29,18:00,87.20,87.31,87.18,87.21,227
2013.10.29,19:00,87.22,87.23,87.08,87.16,203
2013.10.29,20:00,87.15,87.29,87.12,87.22,201
2013.10.29,21:00,87.21,87.26,87.08,87.26,393
2013.10.30,15:00,87.34,87.48,86.99,87.27,219
2013.10.30,16:00,87.28,87.33,87.07,87.10,308
2013.10.30,17:00,87.13,87.18,87.01,87.02,215
2013.10.30,18:00,87.01,87.02,86.76,86.98,230
2013.10.30,19:00,86.97,86.98,86.78,86.89,212
2013.10.30,20:00,86.91,87.17,86.53,86.91,599
2013.10.30,21:00,86.92,87.08,86.88,86.91,356
2013.10.31,15:00,86.94,87.06,86.60,86.80,381
2013.10.31,16:00,86.79,86.98,86.64,86.69,354
2013.10.31,17:00,86.70,86.88,86.63,86.85,250
2013.10.31,18:00,86.83,86.87,86.59,86.65,206
2013.10.31,19:00,86.67,86.88,86.58,86.78,238
2013.10.31,20:00,86.77,86.96,86.73,86.74,255
2013.10.31,21:00,86.73,86.74,86.29,86.31,676
2013.11.01,15:00,86.57,86.59,86.16,86.16,311
2013.11.01,16:00,86.20,86.44,86.01,86.44,329
2013.11.01,17:00,86.45,86.46,86.15,86.22,315
2013.11.01,18:00,86.23,86.47,86.22,86.37,226
2013.11.01,19:00,86.36,86.46,86.24,86.36,184
2013.11.01,20:00,86.37,86.41,86.29,86.29,195
2013.11.01,21:00,86.28,86.52,86.28,86.39,489
2013.11.04,16:00,86.50,87.08,86.47,86.61,196
2013.11.04,17:00,86.58,86.72,86.40,86.46,237
2013.11.04,18:00,86.47,86.58,86.34,86.53,243
2013.11.04,19:00,86.54,86.68,86.52,86.58,149
2013.11.04,20:00,86.59,86.68,86.59,86.65,121
2013.11.04,21:00,86.67,86.74,86.60,86.60,162
2013.11.04,22:00,86.61,86.72,86.59,86.60,198
2013.11.05,16:00,86.46,86.58,86.24,86.28,342
2013.11.05,17:00,86.24,86.77,86.13,86.77,466
2013.11.05,18:00,86.76,86.92,86.73,86.79,236
2013.11.05,19:00,86.78,86.84,86.68,86.74,165
2013.11.05,20:00,86.73,86.86,86.65,86.65,221
2013.11.05,21:00,86.64,86.73,86.60,86.62,174
2013.11.05,22:00,86.63,86.65,86.45,86.45,389
2013.11.06,16:00,86.53,86.94,86.45,86.80,257
2013.11.06,17:00,86.79,87.16,86.71,86.91,336
2013.11.06,18:00,86.90,87.32,86.75,87.26,306
2013.11.06,19:00,87.25,87.38,87.23,87.35,210
2013.11.06,20:00,87.36,87.43,87.25,87.38,233
2013.11.06,21:00,87.37,87.59,87.34,87.49,373
2013.11.06,22:00,87.48,87.58,87.39,87.48,460
2013.11.07,16:00,87.64,87.97,87.40,87.82,263
2013.11.07,17:00,87.81,88.02,87.60,87.69,510
2013.11.07,18:00,87.68,87.79,87.40,87.64,516
2013.11.07,19:00,87.63,87.76,87.36,87.37,335
2013.11.07,20:00,87.36,87.46,87.27,87.38,287
2013.11.07,21:00,87.39,87.51,87.14,87.44,368
2013.11.07,22:00,87.45,87.47,87.17,87.35,687
2013.11.08,16:00,87.14,87.56,87.05,87.15,468
2013.11.08,17:00,87.16,87.53,87.00,87.46,587
2013.11.08,18:00,87.47,87.54,87.41,87.46,331
2013.11.08,19:00,87.45,87.55,87.43,87.52,269
2013.11.08,20:00,87.50,87.55,87.40,87.44,272
2013.11.08,21:00,87.45,87.57,87.36,87.54,204
2013.11.08,22:00,87.53,87.82,87.35,87.78,612
2013.11.11,16:00,87.67,88.25,87.64,88.22,321
2013.11.11,17:00,88.19,88.26,88.03,88.25,363
2013.11.11,18:00,88.24,88.30,88.18,88.26,157
2013.11.11,19:00,88.24,88.25,88.07,88.09,152
2013.11.11,20:00,88.08,88.12,87.97,87.99,149
2013.11.11,21:00,87.98,88.00,87.87,87.95,213
2013.11.11,22:00,87.96,88.00,87.85,87.95,365
2013.11.12,16:00,87.49,87.85,87.18,87.22,557
2013.11.12,17:00,87.27,87.30,86.77,86.77,559
2013.11.12,18:00,86.76,86.95,86.47,86.49,476
2013.11.12,19:00,86.51,86.59,86.21,86.21,275
2013.11.12,20:00,86.22,86.31,86.11,86.14,256
2013.11.12,21:00,86.15,86.37,86.14,86.33,354
2013.11.12,22:00,86.34,86.49,86.26,86.42,670
2013.11.13,16:00,86.22,86.69,86.07,86.57,310
2013.11.13,17:00,86.60,86.84,86.45,86.78,387
2013.11.13,18:00,86.79,87.16,86.77,87.13,330
2013.11.13,19:00,87.15,87.26,87.02,87.24,391
2013.11.13,20:00,87.25,87.51,87.21,87.40,272
2013.11.13,21:00,87.39,87.39,87.09,87.09,213
2013.11.13,22:00,87.08,87.23,87.04,87.20,629
2013.11.14,16:00,87.55,87.88,87.28,87.42,252
2013.11.14,17:00,87.43,87.61,87.32,87.60,467
2013.11.14,18:00,87.59,87.83,87.55,87.79,432
2013.11.14,19:00,87.80,87.94,87.77,87.86,215
2013.11.14,20:00,87.87,88.01,87.86,87.91,205
2013.11.14,21:00,87.90,88.06,87.87,88.01,248
2013.11.14,22:00,88.02,88.27,87.99,88.23,399
2013.11.15,16:00,88.21,88.67,88.06,88.64,297
2013.11.15,17:00,88.61,88.66,88.45,88.47,549
2013.11.15,18:00,88.46,88.54,88.37,88.44,368
2013.11.15,19:00,88.46,88.77,88.44,88.65,340
2013.11.15,20:00,88.64,88.84,88.62,88.80,228
2013.11.15,21:00,88.81,88.86,88.57,88.58,231
2013.11.15,22:00,88.59,88.64,88.47,88.63,431
2013.11.18,16:00,88.87,88.92,88.37,88.47,266
2013.11.18,17:00,88.44,88.78,88.32,88.61,448
2013.11.18,18:00,88.63,88.75,88.35,88.41,292
2013.11.18,19:00,88.42,88.50,88.18,88.19,229
2013.11.18,20:00,88.20,88.39,88.16,88.37,170
2013.11.18,21:00,88.38,88.47,88.30,88.35,227
2013.11.18,22:00,88.34,88.41,88.06,88.16,738
2013.11.19,16:00,88.20,88.43,87.93,88.28,261
2013.11.19,17:00,88.27,88.43,88.21,88.30,248
2013.11.19,18:00,88.31,88.32,87.99,88.17,228
2013.11.19,19:00,88.18,88.36,88.12,88.21,174
2013.11.19,20:00,88.19,88.21,87.89,88.05,219
2013.11.19,21:00,88.06,88.24,88.05,88.15,281
2013.11.19,22:00,88.14,88.26,88.01,88.05,567
2013.11.20,16:00,88.04,88.44,87.80,87.89,314
2013.11.20,17:00,87.88,88.25,87.74,88.00,444
2013.11.20,18:00,87.98,88.18,87.86,88.14,235
2013.11.20,19:00,88.13,88.19,88.08,88.08,138
2013.11.20,20:00,88.09,88.18,88.08,88.17,143
2013.11.20,21:00,88.18,88.18,87.82,87.91,544
2013.11.20,22:00,87.90,87.99,87.68,87.92,646
2013.11.21,16:00,88.17,88.80,87.99,88.65,368
2013.11.21,17:00,88.69,88.88,88.51,88.86,437
2013.11.21,18:00,88.87,89.11,88.57,89.08,294
2013.11.21,19:00,89.09,89.35,89.04,89.16,383
2013.11.21,20:00,89.14,89.41,89.12,89.24,349
2013.11.21,21:00,89.25,89.28,88.91,89.09,471
2013.11.21,22:00,89.10,89.25,89.09,89.21,505
2013.11.22,16:00,89.24,89.64,89.05,89.63,274
2013.11.22,17:00,89.64,89.99,89.48,89.78,418
2013.11.22,18:00,89.79,89.93,89.71,89.89,234
2013.11.22,19:00,89.90,89.98,89.83,89.97,190
2013.11.22,20:00,89.98,89.99,89.91,89.97,156
2013.11.22,21:00,89.98,90.41,89.94,90.32,388
2013.11.22,22:00,90.31,90.58,90.31,90.50,558
2013.11.25,16:00,90.54,90.89,90.52,90.79,315
2013.11.25,17:00,90.77,90.97,90.69,90.97,415
2013.11.25,18:00,90.96,90.98,90.74,90.79,419
2013.11.25,19:00,90.78,90.83,90.70,90.77,205
2013.11.25,20:00,90.78,90.83,90.71,90.82,165
2013.11.25,21:00,90.83,90.90,90.78,90.84,237
2013.11.25,22:00,90.83,90.86,90.69,90.78,655
2013.11.26,16:00,90.79,91.19,90.71,90.96,274
2013.11.26,17:00,90.95,91.05,90.76,90.88,549
2013.11.26,18:00,90.87,90.90,90.80,90.86,232
2013.11.26,19:00,90.87,90.90,90.83,90.86,261
2013.11.26,20:00,90.85,91.02,90.83,90.88,245
2013.11.26,21:00,90.89,90.99,90.84,90.99,339
2013.11.26,22:00,91.00,91.20,90.74,90.78,603
2013.11.27,16:00,90.98,91.42,90.91,91.30,318
2013.11.27,17:00,91.29,91.31,91.10,91.19,326
2013.11.27,18:00,91.20,91.28,91.08,91.12,279
2013.11.27,19:00,91.13,91.14,90.97,91.03,240
2013.11.27,20:00,91.02,91.07,90.90,90.91,209
2013.11.27,21:00,90.90,90.92,90.81,90.82,247
2013.11.27,22:00,90.83,91.08,90.78,90.97,585
2013.11.29,16:00,91.20,91.67,91.08,91.63,240
2013.11.29,17:00,91.64,91.64,91.14,91.25,330
2013.11.29,18:00,91.24,91.24,90.93,91.10,269
2013.11.29,19:00,91.09,91.26,90.73,90.73,561
2013.12.02,16:00,90.25,90.39,88.91,89.09,863
2013.12.02,17:00,89.07,89.62,89.07,89.60,717
2013.12.02,18:00,89.61,89.71,89.37,89.68,426
2013.12.02,19:00,89.70,89.74,89.26,89.33,450
2013.12.02,20:00,89.32,89.38,89.04,89.06,338
2013.12.02,21:00,89.05,89.20,88.99,89.17,302
2013.12.02,22:00,89.18,89.29,88.87,88.96,940
2013.12.03,16:00,88.75,89.51,88.56,89.40,626
2013.12.03,17:00,89.42,89.58,89.31,89.34,617
2013.12.03,18:00,89.33,89.34,88.78,88.96,425
2013.12.03,19:00,88.95,88.99,88.67,88.73,282
2013.12.03,20:00,88.72,88.73,88.46,88.53,381
2013.12.03,21:00,88.52,88.79,88.42,88.73,311
2013.12.03,22:00,88.74,89.09,88.63,89.01,725
2013.12.04,16:00,88.72,89.45,88.72,89.06,457
2013.12.04,17:00,89.03,89.35,89.01,89.34,569
2013.12.04,18:00,89.33,89.39,88.87,88.88,352
2013.12.04,19:00,88.87,88.98,88.46,88.46,327
2013.12.04,20:00,88.47,88.49,87.88,88.09,746
2013.12.04,21:00,88.12,88.55,88.12,88.47,592
2013.12.04,22:00,88.48,88.81,88.42,88.60,707
2013.12.05,16:00,88.36,88.75,88.26,88.34,330
2013.12.05,17:00,88.35,88.69,88.18,88.28,524
2013.12.05,18:00,88.29,88.45,88.10,88.29,402
2013.12.05,19:00,88.28,88.36,88.18,88.26,357
2013.12.05,20:00,88.25,88.30,87.83,87.93,283
2013.12.05,21:00,87.94,88.09,87.92,87.95,331
2013.12.05,22:00,87.94,87.99,87.82,87.95,720
2013.12.06,16:00,88.22,88.67,88.17,88.67,565
2013.12.06,17:00,88.66,88.99,88.60,88.72,362
2013.12.06,18:00,88.75,88.90,88.70,88.75,301
2013.12.06,19:00,88.74,89.01,88.69,88.98,173
2013.12.06,20:00,88.95,89.41,88.95,89.20,232
2013.12.06,21:00,89.18,89.33,88.99,89.06,287
2013.12.06,22:00,89.05,89.12,88.86,89.01,694
2013.12.09,16:00,89.04,89.27,88.74,88.87,377
2013.12.09,17:00,88.86,88.89,88.51,88.72,358
2013.12.09,18:00,88.70,88.86,88.67,88.77,342
2013.12.09,19:00,88.78,88.82,88.65,88.67,263
2013.12.09,20:00,88.68,88.73,88.57,88.67,254
2013.12.09,21:00,88.66,88.66,88.32,88.42,354
2013.12.09,22:00,88.43,88.60,88.34,88.44,476
2013.12.10,16:00,88.08,88.59,88.02,88.34,319
2013.12.10,17:00,88.38,88.82,88.37,88.69,392
2013.12.10,18:00,88.64,88.69,88.40,88.58,316
2013.12.10,19:00,88.57,88.62,88.48,88.59,215
2013.12.10,20:00,88.57,88.73,88.48,88.54,347
2013.12.10,21:00,88.55,88.62,88.47,88.60,185
2013.12.10,22:00,88.59,88.63,88.41,88.41,390
2013.12.11,16:00,88.48,88.71,87.56,87.60,529
2013.12.11,17:00,87.61,87.77,87.40,87.74,462
2013.12.11,18:00,87.77,87.77,87.29,87.40,343
2013.12.11,19:00,87.39,87.45,87.22,87.37,286
2013.12.11,20:00,87.39,87.66,87.31,87.53,346
2013.12.11,21:00,87.54,87.58,87.41,87.46,258
2013.12.11,22:00,87.47,87.48,87.03,87.09,733
2013.12.12,16:00,87.08,87.36,86.88,86.91,260
2013.12.12,17:00,86.87,87.07,86.79,86.90,329
2013.12.12,18:00,86.89,87.31,86.88,87.25,348
2013.12.12,19:00,87.23,87.24,86.74,86.75,313
2013.12.12,20:00,86.76,86.84,86.63,86.67,201
2013.12.12,21:00,86.68,86.98,86.68,86.93,275
2013.12.12,22:00,86.92,86.93,86.49,86.62,472
2013.12.13,16:00,86.55,86.73,86.28,86.64,266
2013.12.13,17:00,86.60,86.74,86.44,86.44,334
2013.12.13,18:00,86.45,86.60,86.30,86.57,260
2013.12.13,19:00,86.58,86.78,86.55,86.71,166
2013.12.13,20:00,86.70,86.75,86.63,86.66,214
2013.12.13,21:00,86.65,86.65,86.43,86.57,236
2013.12.13,22:00,86.58,86.62,86.47,86.50,527
2013.12.16,16:00,86.98,87.35,86.75,87.07,483
2013.12.16,17:00,87.09,87.12,86.82,86.82,301
2013.12.16,18:00,86.84,87.16,86.83,87.04,348
2013.12.16,19:00,87.03,87.03,86.76,86.83,275
2013.12.16,20:00,86.84,86.99,86.64,86.96,248
2013.12.16,21:00,86.98,86.99,86.87,86.92,206
2013.12.16,22:00,86.93,87.12,86.92,87.04,510
2013.12.17,16:00,86.76,86.89,86.29,86.68,366
2013.12.17,17:00,86.67,86.75,86.31,86.48,518
2013.12.17,18:00,86.45,86.63,86.39,86.59,315
2013.12.17,19:00,86.60,86.81,86.56,86.76,195
2013.12.17,20:00,86.77,86.86,86.66,86.68,213
2013.12.17,21:00,86.69,86.99,86.57,86.57,286
2013.12.17,22:00,86.58,86.81,86.56,86.57,414
2013.12.18,16:00,86.90,87.28,86.69,87.13,507
2013.12.18,17:00,87.11,87.12,86.63,86.70,344
2013.12.18,18:00,86.71,86.89,86.68,86.88,324
2013.12.18,19:00,86.87,87.31,86.86,87.18,364
2013.12.18,20:00,87.17,87.52,86.85,87.22,385
2013.12.18,21:00,87.24,87.80,86.61,87.52,1406
2013.12.18,22:00,87.53,88.14,87.47,88.13,1155
2013.12.19,16:00,87.78,88.45,87.78,88.35,462
2013.12.19,17:00,88.32,88.63,88.14,88.52,534
2013.12.19,18:00,88.53,88.61,88.39,88.60,363
2013.12.19,19:00,88.59,88.73,88.44,88.58,312
2013.12.19,20:00,88.57,88.88,88.56,88.73,326
2013.12.19,21:00,88.74,88.89,88.71,88.87,305
2013.12.19,22:00,88.86,88.92,88.69,88.77,647
2013.12.20,16:00,88.61,89.41,88.61,89.14,227
2013.12.20,17:00,89.15,89.31,89.11,89.13,353
2013.12.20,18:00,89.12,89.57,89.08,89.50,332
2013.12.20,19:00,89.49,89.63,89.41,89.44,386
2013.12.20,20:00,89.45,89.58,89.29,89.50,327
2013.12.20,21:00,89.49,89.53,89.39,89.43,275
2013.12.20,22:00,89.44,89.55,89.17,89.20,857
2013.12.23,16:00,89.90,89.90,89.27,89.34,236
2013.12.23,17:00,89.35,89.35,89.10,89.27,371
2013.12.23,18:00,89.25,89.26,89.12,89.16,210
2013.12.23,19:00,89.15,89.17,89.03,89.09,172
2013.12.23,20:00,89.10,89.16,89.00,89.07,184
2013.12.23,21:00,89.06,89.11,89.01,89.08,196
2013.12.23,22:00,89.09,89.23,89.06,89.15,246
2013.12.24,16:00,89.10,89.30,89.00,89.19,119
2013.12.24,17:00,89.17,89.49,89.17,89.43,228
2013.12.24,18:00,89.42,89.43,89.25,89.31,235
2013.12.26,16:00,89.88,89.88,89.37,89.63,250
2013.12.26,17:00,89.65,89.76,89.39,89.53,235
2013.12.26,18:00,89.52,89.81,89.44,89.74,163
2013.12.26,19:00,89.75,89.88,89.67,89.85,141
2013.12.26,20:00,89.88,90.05,89.81,90.05,137
2013.12.26,21:00,90.06,90.15,89.98,89.99,208
2013.12.26,22:00,89.98,90.07,89.95,90.00,403
2013.12.27,16:00,90.01,90.20,89.83,90.04,208
2013.12.27,17:00,90.03,90.08,89.44,89.57,351
2013.12.27,18:00,89.59,89.77,89.55,89.73,282
2013.12.27,19:00,89.74,89.78,89.63,89.78,111
2013.12.27,20:00,89.80,89.90,89.78,89.84,91
2013.12.27,21:00,89.85,89.86,89.69,89.78,126
2013.12.27,22:00,89.79,89.88,89.79,89.85,191
2013.12.30,16:00,90.03,90.32,89.85,90.16,178
2013.12.30,17:00,90.11,90.38,90.08,90.29,280
2013.12.30,18:00,90.30,90.41,90.26,90.26,288
2013.12.30,19:00,90.25,90.36,90.24,90.34,152
2013.12.30,20:00,90.35,90.52,90.15,90.16,176
2013.12.30,21:00,90.15,90.17,90.03,90.13,181
2013.12.30,22:00,90.12,90.29,90.10,90.27,308
2013.12.31,16:00,90.39,90.73,90.21,90.41,142
2013.12.31,17:00,90.42,90.56,90.30,90.35,199
2013.12.31,18:00,90.36,90.49,90.32,90.33,146
2014.01.02,16:00,90.50,90.65,90.19,90.43,358
2014.01.02,17:00,90.41,90.44,89.86,89.86,465
2014.01.02,18:00,89.87,89.88,89.35,89.46,464
2014.01.02,19:00,89.44,89.55,89.26,89.42,328
2014.01.02,20:00,89.43,89.49,89.18,89.26,353
2014.01.02,21:00,89.25,89.31,88.96,89.21,391
2014.01.02,22:00,89.20,89.47,89.13,89.32,520
2014.01.03,16:00,89.29,89.56,89.20,89.30,136
2014.01.03,17:00,89.28,89.41,89.18,89.27,341
2014.01.03,18:00,89.26,89.31,88.90,89.10,325
2014.01.03,19:00,89.09,89.21,88.91,88.98,239
2014.01.03,20:00,88.97,89.10,88.87,89.10,202
2014.01.03,21:00,89.09,89.52,89.05,89.52,280
2014.01.03,22:00,89.51,89.66,89.13,89.15,506
2014.01.06,16:00,89.71,89.89,88.98,89.07,279
2014.01.06,17:00,89.04,89.38,88.86,89.17,558
2014.01.06,18:00,89.18,89.21,88.92,89.11,528
2014.01.06,19:00,89.10,89.16,88.76,88.89,404
2014.01.06,20:00,88.90,89.17,88.79,89.12,267
2014.01.06,21:00,89.13,89.16,88.97,89.11,388
2014.01.06,22:00,89.12,89.12,88.91,88.91,500
2014.01.07,16:00,89.05,89.16,88.54,88.63,488
2014.01.07,17:00,88.64,88.76,88.39,88.43,595
2014.01.07,18:00,88.45,88.48,88.09,88.13,508
2014.01.07,19:00,88.12,88.19,88.06,88.09,264
2014.01.07,20:00,88.10,88.29,88.10,88.21,276
2014.01.07,21:00,88.23,88.37,88.15,88.30,383
2014.01.07,22:00,88.31,88.44,88.28,88.36,482
2014.01.08,16:00,88.20,88.39,87.61,87.71,431
2014.01.08,17:00,87.70,87.85,87.56,87.68,550
2014.01.08,18:00,87.69,87.69,87.31,87.57,419
2014.01.08,19:00,87.58,87.63,87.39,87.41,330
2014.01.08,20:00,87.42,87.53,87.36,87.45,286
2014.01.08,21:00,87.44,87.57,87.22,87.48,521
2014.01.08,22:00,87.47,87.57,87.45,87.56,598
2014.01.09,16:00,87.75,88.21,87.69,87.91,340
2014.01.09,17:00,87.94,88.12,87.23,87.26,564
2014.01.09,18:00,87.29,87.51,87.16,87.49,600
2014.01.09,19:00,87.52,87.60,87.44,87.58,286
2014.01.09,20:00,87.59,87.61,87.51,87.57,213
2014.01.09,21:00,87.56,87.72,87.45,87.65,290
2014.01.09,22:00,87.66,87.79,87.56,87.68,496
2014.01.10,16:00,88.09,88.10,87.20,87.20,405
2014.01.10,17:00,87.19,87.64,87.07,87.50,670
2014.01.10,18:00,87.53,87.60,87.19,87.45,483
2014.01.10,19:00,87.44,87.74,87.38,87.48,317
2014.01.10,20:00,87.47,87.60,87.41,87.42,215
2014.01.10,21:00,87.43,87.45,87.26,87.28,218
2014.01.10,22:00,87.27,87.51,87.26,87.47,461
2014.01.13,16:00,87.32,87.54,87.22,87.28,292
2014.01.13,17:00,87.30,87.48,87.20,87.21,344
2014.01.13,18:00,87.19,87.28,87.08,87.17,265
2014.01.13,19:00,87.16,87.19,86.69,86.71,224
2014.01.13,20:00,86.70,86.83,86.57,86.69,396
2014.01.13,21:00,86.68,86.72,86.47,86.58,512
2014.01.13,22:00,86.57,86.63,86.26,86.34,1146
2014.01.14,16:00,86.86,87.28,86.82,87.00,608
2014.01.14,17:00,86.99,87.40,86.98,87.37,622
2014.01.14,18:00,87.39,87.69,87.32,87.46,548
2014.01.14,19:00,87.48,87.55,87.22,87.49,360
2014.01.14,20:00,87.50,87.54,87.34,87.41,196
2014.01.14,21:00,87.42,87.46,87.30,87.34,256
2014.01.14,22:00,87.35,87.52,87.29,87.43,466
2014.01.15,16:00,87.59,87.73,87.31,87.63,239
2014.01.15,17:00,87.61,87.96,87.58,87.65,398
2014.01.15,18:00,87.64,87.82,87.53,87.70,361
2014.01.15,19:00,87.71,87.83,87.55,87.57,455
2014.01.15,20:00,87.56,87.68,87.48,87.59,319
2014.01.15,21:00,87.57,87.90,87.47,87.88,364
2014.01.15,22:00,87.87,87.99,87.81,87.89,697
2014.01.16,16:00,87.54,87.85,86.91,87.74,461
2014.01.16,17:00,87.73,87.73,87.10,87.11,371
2014.01.16,18:00,87.07,87.38,86.96,87.21,470
2014.01.16,19:00,87.19,87.31,87.03,87.22,372
2014.01.16,20:00,87.21,87.26,87.05,87.21,205
2014.01.16,21:00,87.20,87.34,87.19,87.28,214
2014.01.16,22:00,87.29,87.31,87.10,87.22,378
2014.01.17,16:00,87.24,87.29,86.91,87.16,282
2014.01.17,17:00,87.14,87.20,86.89,87.10,443
2014.01.17,18:00,87.14,87.22,86.89,86.89,306
2014.01.17,19:00,86.90,87.24,86.82,87.08,342
2014.01.17,20:00,87.07,87.10,86.76,86.82,316
2014.01.17,21:00,86.83,86.97,86.60,86.62,409
2014.01.17,22:00,86.63,86.76,86.41,86.45,1101
2014.01.21,16:00,86.26,86.26,83.65,85.11,2420
2014.01.21,17:00,85.10,85.72,84.45,84.55,1670
2014.01.21,18:00,84.53,84.83,84.05,84.40,1290
2014.01.21,19:00,84.42,85.19,84.35,84.96,920
2014.01.21,20:00,84.95,85.14,84.84,85.00,631
2014.01.21,21:00,84.99,85.09,84.88,85.05,464
2014.01.21,22:00,85.04,85.05,84.67,84.99,1021
2014.01.22,16:00,84.89,85.06,84.34,84.70,529
2014.01.22,17:00,84.67,84.94,84.51,84.60,710
2014.01.22,18:00,84.61,84.69,84.54,84.58,401
2014.01.22,19:00,84.59,84.88,84.55,84.88,405
2014.01.22,20:00,84.87,84.98,84.74,84.76,327
2014.01.22,21:00,84.77,84.96,84.71,84.78,306
2014.01.22,22:00,84.79,84.80,84.53,84.55,749
2014.01.23,16:00,84.01,84.27,83.33,83.36,775
2014.01.23,17:00,83.35,83.73,83.25,83.27,824
2014.01.23,18:00,83.26,83.28,83.02,83.14,648
2014.01.23,19:00,83.15,83.20,82.91,83.08,504
2014.01.23,20:00,83.09,83.16,82.95,82.98,551
2014.01.23,21:00,82.99,83.23,82.97,83.15,430
2014.01.23,22:00,83.16,83.21,82.98,83.04,737
2014.01.24,16:00,82.49,82.98,82.24,82.94,515
2014.01.24,17:00,82.92,83.02,82.46,82.55,634
2014.01.24,18:00,82.56,82.73,82.18,82.36,583
2014.01.24,19:00,82.35,82.38,82.09,82.19,465
2014.01.24,20:00,82.18,82.28,82.00,82.09,410
2014.01.24,21:00,82.10,82.10,81.88,81.91,486
2014.01.24,22:00,81.92,82.01,81.60,81.60,968
2014.01.27,16:00,81.24,81.90,81.23,81.68,498
2014.01.27,17:00,81.67,82.30,81.52,82.29,907
2014.01.27,18:00,82.28,82.43,82.15,82.30,929
2014.01.27,19:00,82.29,82.41,82.01,82.39,642
2014.01.27,20:00,82.40,83.14,82.36,82.92,932
2014.01.27,21:00,82.91,83.12,82.87,83.01,744
2014.01.27,22:00,83.02,83.03,82.28,82.28,1206
2014.01.28,16:00,82.74,83.27,82.59,83.07,558
2014.01.28,17:00,83.08,83.56,82.76,83.39,1069
2014.01.28,18:00,83.38,83.44,82.89,82.99,542
2014.01.28,19:00,83.00,83.19,82.93,83.01,346
2014.01.28,20:00,83.02,83.17,82.93,83.10,355
2014.01.28,21:00,83.11,83.22,83.08,83.18,346
2014.01.28,22:00,83.19,83.25,83.03,83.08,615
2014.01.29,16:00,82.28,82.74,82.28,82.57,368
2014.01.29,17:00,82.62,82.72,82.37,82.56,715
2014.01.29,18:00,82.58,82.79,82.51,82.71,468
2014.01.29,19:00,82.72,82.77,82.46,82.53,333
2014.01.29,20:00,82.52,82.52,82.34,82.43,295
2014.01.29,21:00,82.46,82.69,82.11,82.29,1011
2014.01.29,22:00,82.27,82.43,82.00,82.21,1043
2014.01.30,16:00,82.61,82.71,82.18,82.47,397
2014.01.30,17:00,82.46,82.50,82.15,82.36,530
2014.01.30,18:00,82.37,82.53,82.30,82.48,448
2014.01.30,19:00,82.49,82.51,82.34,82.40,262
2014.01.30,20:00,82.39,82.45,82.37,82.40,229
2014.01.30,21:00,82.38,82.66,82.37,82.52,416
2014.01.30,22:00,82.53,82.66,82.25,82.35,790
2014.01.31,16:00,81.49,81.49,80.88,80.89,526
2014.01.31,17:00,80.90,81.29,80.87,81.16,722
2014.01.31,18:00,81.17,81.26,80.88,80.97,618
2014.01.31,19:00,80.98,81.42,80.97,81.37,380
2014.01.31,20:00,81.36,81.65,81.26,81.63,361
2014.01.31,21:00,81.64,81.98,81.58,81.71,437
2014.01.31,22:00,81.70,81.70,81.18,81.28,785
2014.02.03,16:00,81.19,81.27,80.88,81.07,491
2014.02.03,17:00,81.03,81.07,80.51,80.59,780
2014.02.03,18:00,80.57,80.59,80.34,80.47,651
2014.02.03,19:00,80.46,80.52,80.28,80.35,591
2014.02.03,20:00,80.36,80.37,80.04,80.10,551
2014.02.03,21:00,80.09,80.21,80.04,80.14,554
2014.02.03,22:00,80.13,80.48,80.10,80.26,1684
2014.02.04,16:00,80.56,80.62,80.03,80.14,552
2014.02.04,17:00,80.16,80.27,79.89,80.07,896
2014.02.04,18:00,80.08,80.50,80.03,80.50,599
2014.02.04,19:00,80.51,80.55,80.31,80.48,476
2014.02.04,20:00,80.49,80.51,80.09,80.14,421
2014.02.04,21:00,80.11,80.55,80.08,80.48,490
2014.02.04,22:00,80.49,80.55,80.13,80.33,1096
2014.02.05,16:00,80.06,80.59,80.01,80.56,405
2014.02.05,17:00,80.55,80.92,80.16,80.52,694
2014.02.05,18:00,80.50,80.82,80.39,80.72,460
2014.02.05,19:00,80.75,80.76,80.40,80.54,358
2014.02.05,20:00,80.55,80.59,80.38,80.50,385
2014.02.05,21:00,80.49,80.67,80.46,80.59,530
2014.02.05,22:00,80.60,80.69,80.37,80.44,690
2014.02.06,16:00,80.64,80.72,80.18,80.24,625
2014.02.06,17:00,80.28,80.44,80.24,80.35,565
2014.02.06,18:00,80.34,80.44,80.00,80.00,428
2014.02.06,19:00,80.01,80.17,80.00,80.02,415
2014.02.06,20:00,80.03,80.06,79.94,80.03,272
2014.02.06,21:00,80.04,80.59,80.04,80.48,297
2014.02.06,22:00,80.47,80.71,80.46,80.69,625
2014.02.07,16:00,81.18,81.18,80.37,80.65,535
2014.02.07,17:00,80.64,80.75,80.31,80.36,604
2014.02.07,18:00,80.37,80.61,80.30,80.61,479
2014.02.07,19:00,80.60,80.62,80.25,80.30,309
2014.02.07,20:00,80.29,80.48,80.22,80.44,390
2014.02.07,21:00,80.45,80.85,80.43,80.77,407
2014.02.07,22:00,80.78,80.93,80.74,80.85,583
2014.02.10,16:00,81.32,81.32,80.64,81.07,692
2014.02.10,17:00,81.09,81.42,80.96,81.30,999
2014.02.10,18:00,81.31,81.71,81.26,81.53,780
2014.02.10,19:00,81.52,81.89,81.50,81.89,651
2014.02.10,20:00,81.88,82.07,81.74,82.01,663
2014.02.10,21:00,82.02,82.36,81.96,82.33,626
2014.02.10,22:00,82.32,82.43,82.25,82.35,705
2014.02.11,16:00,82.40,82.76,82.20,82.68,576
2014.02.11,17:00,82.66,83.18,82.57,83.05,789
2014.02.11,18:00,83.04,83.40,83.04,83.30,534
2014.02.11,19:00,83.31,83.33,83.16,83.32,282
2014.02.11,20:00,83.33,83.58,83.31,83.45,375
2014.02.11,21:00,83.47,83.49,83.20,83.27,456
2014.02.11,22:00,83.26,83.41,83.10,83.16,853
2014.02.12,16:00,82.75,83.09,82.30,82.96,571
2014.02.12,17:00,82.94,82.96,82.22,82.24,670
2014.02.12,18:00,82.25,82.37,82.14,82.29,537
2014.02.12,19:00,82.28,82.35,82.22,82.30,353
2014.02.12,20:00,82.31,82.35,82.00,82.06,341
2014.02.12,21:00,82.04,82.18,81.90,81.95,440
2014.02.12,22:00,81.94,82.26,81.87,82.26,702
2014.02.13,16:00,81.86,82.05,81.55,81.90,386
2014.02.13,17:00,81.91,82.40,81.87,82.28,560
2014.02.13,18:00,82.29,82.68,82.21,82.65,289
2014.02.13,19:00,82.64,82.73,82.55,82.66,218
2014.02.13,20:00,82.67,82.84,82.64,82.77,221
2014.02.13,21:00,82.78,82.86,82.70,82.77,258
2014.02.13,22:00,82.78,82.89,82.70,82.85,446
2014.02.14,16:00,82.53,83.20,82.53,83.12,382
2014.02.14,17:00,83.15,83.64,83.12,83.48,533
2014.02.14,18:00,83.49,83.59,83.38,83.55,252
2014.02.14,19:00,83.54,83.72,83.54,83.71,219
2014.02.14,20:00,83.72,83.81,83.61,83.77,245
2014.02.14,21:00,83.76,83.96,83.76,83.94,226
2014.02.14,22:00,83.95,84.06,83.84,84.02,513
2014.02.18,16:00,84.07,84.78,84.06,84.30,602
2014.02.18,17:00,84.29,84.46,84.11,84.34,572
2014.02.18,18:00,84.35,84.45,84.23,84.24,378
2014.02.18,19:00,84.25,84.36,84.17,84.33,260
2014.02.18,20:00,84.34,84.50,84.28,84.32,244
2014.02.18,21:00,84.31,84.38,84.13,84.26,240
2014.02.18,22:00,84.25,84.46,84.25,84.37,418
2014.02.19,16:00,84.26,84.66,84.15,84.57,332
2014.02.19,17:00,84.58,85.14,84.50,85.01,535
2014.02.19,18:00,85.00,85.17,84.77,84.91,491
2014.02.19,19:00,84.90,85.01,84.59,84.87,572
2014.02.19,20:00,84.86,85.08,84.79,84.80,467
2014.02.19,21:00,84.79,84.90,84.50,84.55,513
2014.02.19,22:00,84.54,84.62,83.97,84.00,792
2014.02.20,16:00,84.17,84.36,83.52,83.53,339
2014.02.20,17:00,83.52,83.88,83.36,83.76,806
2014.02.20,18:00,83.77,83.90,83.49,83.51,444
2014.02.20,19:00,83.53,83.71,83.50,83.65,363
2014.02.20,20:00,83.66,83.82,83.61,83.79,257
2014.02.20,21:00,83.78,83.83,83.59,83.77,298
2014.02.20,22:00,83.76,83.90,83.68,83.80,390
2014.02.21,16:00,83.91,84.05,83.36,83.97,251
2014.02.21,17:00,83.96,84.10,83.69,83.91,518
2014.02.21,18:00,83.90,84.04,83.84,83.97,324
2014.02.21,19:00,83.98,84.04,83.75,83.79,221
2014.02.21,20:00,83.78,83.94,83.65,83.83,260
2014.02.21,21:00,83.84,83.96,83.55,83.61,373
2014.02.21,22:00,83.62,83.90,83.61,83.78,362
2014.02.24,16:00,83.82,84.34,83.79,84.25,257
2014.02.24,17:00,84.27,84.31,84.01,84.11,469
2014.02.24,18:00,84.12,84.33,84.02,84.33,302
2014.02.24,19:00,84.32,84.38,84.07,84.10,262
2014.02.24,20:00,84.09,84.14,83.92,83.96,236
2014.02.24,21:00,83.97,84.03,83.83,83.84,226
2014.02.24,22:00,83.83,83.85,83.39,83.40,568
2014.02.25,16:00,83.30,83.43,82.69,82.71,419
2014.02.25,17:00,82.73,83.07,82.54,83.05,613
2014.02.25,18:00,83.06,83.26,82.87,82.91,376
2014.02.25,19:00,82.93,83.15,82.92,82.99,286
2014.02.25,20:00,83.00,83.35,82.97,83.27,314
2014.02.25,21:00,83.28,83.39,83.12,83.35,380
2014.02.25,22:00,83.32,83.38,83.20,83.33,1006
2014.02.26,16:00,83.39,83.61,83.15,83.30,282
2014.02.26,17:00,83.28,83.69,83.26,83.58,424
2014.02.26,18:00,83.55,83.55,83.11,83.18,322
2014.02.26,19:00,83.17,83.46,83.11,83.14,236
2014.02.26,20:00,83.15,83.42,83.00,83.36,249
2014.02.26,21:00,83.35,83.42,83.11,83.19,311
2014.02.26,22:00,83.20,83.48,83.10,83.42,567
2014.02.27,16:00,83.27,83.75,83.08,83.17,241
2014.02.27,17:00,83.20,83.44,83.13,83.29,383
2014.02.27,18:00,83.30,83.64,83.29,83.52,240
2014.02.27,19:00,83.53,83.58,83.41,83.51,166
2014.02.27,20:00,83.52,83.79,83.50,83.66,195
2014.02.27,21:00,83.67,83.71,83.50,83.53,185
2014.02.27,22:00,83.54,83.85,83.49,83.84,470
2014.02.28,16:00,83.71,84.02,83.53,83.66,413
2014.02.28,17:00,83.64,84.04,83.64,84.02,457
2014.02.28,18:00,84.01,84.08,83.83,83.99,318
2014.02.28,19:00,83.98,84.15,83.96,84.06,179
2014.02.28,20:00,84.05,84.18,84.01,84.13,160
2014.02.28,21:00,84.11,84.19,83.82,83.84,270
2014.02.28,22:00,83.83,83.93,83.48,83.83,813
2014.03.03,16:00,83.44,83.81,83.10,83.26,382
2014.03.03,17:00,83.28,83.34,82.94,83.12,599
2014.03.03,18:00,83.13,83.13,82.66,82.66,392
2014.03.03,19:00,82.65,83.05,82.59,83.03,395
2014.03.03,20:00,83.04,83.27,83.02,83.25,237
2014.03.03,21:00,83.26,83.38,83.21,83.25,312
2014.03.03,22:00,83.26,83.28,82.94,83.17,620
2014.03.04,16:00,84.16,84.48,84.15,84.30,325
2014.03.04,17:00,84.32,84.38,84.03,84.18,306
2014.03.04,18:00,84.17,84.26,84.12,84.15,242
2014.03.04,19:00,84.16,84.31,84.11,84.25,234
2014.03.04,20:00,84.24,84.33,83.91,83.92,348
2014.03.04,21:00,83.91,84.05,83.80,83.98,311
2014.03.04,22:00,83.99,84.14,83.95,84.08,565
2014.03.05,16:00,84.05,84.11,83.61,83.73,265
2014.03.05,17:00,83.78,84.06,83.73,83.89,355
2014.03.05,18:00,83.91,84.11,83.90,83.94,347
2014.03.05,19:00,83.93,83.93,83.80,83.81,161
2014.03.05,20:00,83.82,84.02,83.81,83.92,297
2014.03.05,21:00,83.93,84.27,83.92,84.16,388
2014.03.05,22:00,84.15,84.39,84.13,84.37,595
2014.03.06,16:00,83.93,84.28,83.74,84.19,286
2014.03.06,17:00,84.15,84.29,83.96,84.23,349
2014.03.06,18:00,84.22,84.33,84.09,84.24,231
2014.03.06,19:00,84.23,84.37,84.19,84.35,228
2014.03.06,20:00,84.36,84.38,84.18,84.26,229
2014.03.06,21:00,84.27,84.44,84.24,84.36,249
2014.03.06,22:00,84.38,84.52,84.29,84.40,543
2014.03.07,16:00,84.72,84.85,84.18,84.52,369
2014.03.07,17:00,84.56,84.79,84.15,84.18,592
2014.03.07,18:00,84.19,84.33,83.85,84.24,532
2014.03.07,19:00,84.25,84.40,84.19,84.26,313
2014.03.07,20:00,84.27,84.29,83.99,84.02,289
2014.03.07,21:00,84.01,84.08,83.88,84.03,357
2014.03.07,22:00,84.04,84.04,83.70,83.91,567
2014.03.10,15:00,83.52,83.72,83.38,83.47,376
2014.03.10,16:00,83.45,83.59,83.33,83.46,434
2014.03.10,17:00,83.45,83.69,83.44,83.58,307
2014.03.10,18:00,83.57,83.82,83.57,83.79,251
2014.03.10,19:00,83.81,83.86,83.68,83.73,313
2014.03.10,20:00,83.74,83.76,83.67,83.71,243
2014.03.10,21:00,83.72,83.88,83.68,83.77,446
2014.03.11,15:00,84.13,84.17,83.73,83.74,250
2014.03.11,16:00,83.75,84.14,83.60,84.02,379
2014.03.11,17:00,84.01,84.03,83.45,83.46,340
2014.03.11,18:00,83.48,83.73,83.33,83.66,436
2014.03.11,19:00,83.65,83.77,83.58,83.68,319
2014.03.11,20:00,83.69,83.72,83.53,83.57,218
2014.03.11,21:00,83.56,83.65,83.46,83.57,643
2014.03.12,15:00,82.99,83.43,82.99,83.19,273
2014.03.12,16:00,83.22,83.65,83.13,83.57,390
2014.03.12,17:00,83.59,83.72,83.50,83.52,306
2014.03.12,18:00,83.53,83.63,83.44,83.61,231
2014.03.12,19:00,83.60,83.60,83.42,83.43,156
2014.03.12,20:00,83.42,83.50,83.25,83.28,256
2014.03.12,21:00,83.29,83.50,83.27,83.40,387
2014.03.13,15:00,83.67,83.85,83.27,83.27,185
2014.03.13,16:00,83.28,83.39,82.99,83.00,396
2014.03.13,17:00,83.01,83.20,82.92,82.92,368
2014.03.13,18:00,82.93,82.95,82.50,82.69,445
2014.03.13,19:00,82.68,82.79,82.50,82.70,499
2014.03.13,20:00,82.71,82.74,82.60,82.67,331
2014.03.13,21:00,82.68,82.75,82.50,82.60,796
2014.03.14,15:00,82.59,82.82,82.50,82.63,317
2014.03.14,16:00,82.62,82.83,82.47,82.51,462
2014.03.14,17:00,82.52,82.79,82.36,82.68,437
2014.03.14,18:00,82.67,82.69,82.31,82.47,394
2014.03.14,19:00,82.48,82.82,82.48,82.69,314
2014.03.14,20:00,82.71,82.74,82.49,82.50,264
2014.03.14,21:00,82.51,82.80,82.46,82.65,616
2014.03.17,15:00,83.20,83.44,82.79,83.31,407
2014.03.17,16:00,83.32,83.38,83.12,83.17,445
2014.03.17,17:00,83.16,83.32,83.07,83.20,269
2014.03.17,18:00,83.21,83.53,83.21,83.28,343
2014.03.17,19:00,83.29,83.45,83.24,83.44,212
2014.03.17,20:00,83.43,83.77,83.43,83.66,344
2014.03.17,21:00,83.65,83.70,83.46,83.53,649
2014.03.18,15:00,83.68,83.86,83.35,83.85,317
2014.03.18,16:00,83.86,84.23,83.81,83.82,659
2014.03.18,17:00,83.83,84.01,83.72,83.98,360
2014.03.18,18:00,83.97,83.98,83.81,83.92,297
2014.03.18,19:00,83.93,84.13,83.93,84.10,240
2014.03.18,20:00,84.09,84.15,84.05,84.10,296
2014.03.18,21:00,84.09,84.14,83.85,83.95,477
2014.03.19,15:00,83.98,84.22,83.67,84.14,235
2014.03.19,16:00,84.15,84.23,83.97,84.05,381
2014.03.19,17:00,84.04,84.10,83.99,84.09,285
2014.03.19,18:00,84.10,84.10,83.94,83.99,233
2014.03.19,19:00,84.00,84.01,83.79,83.92,211
2014.03.19,20:00,83.93,83.93,83.47,83.69,795
2014.03.19,21:00,83.68,83.69,82.80,83.18,1156
2014.03.20,15:00,82.89,82.99,82.50,82.69,490
2014.03.20,16:00,82.72,82.99,82.65,82.98,788
2014.03.20,17:00,82.99,83.07,82.89,82.99,367
2014.03.20,18:00,83.00,83.50,82.94,83.42,373
2014.03.20,19:00,83.43,83.50,83.37,83.49,381
2014.03.20,20:00,83.50,83.50,83.26,83.27,367
2014.03.20,21:00,83.26,83.28,83.11,83.21,561
2014.03.21,15:00,83.90,83.99,83.44,83.67,467
2014.03.21,16:00,83.69,83.76,83.39,83.69,550
2014.03.21,17:00,83.70,83.76,83.61,83.70,350
2014.03.21,18:00,83.69,83.75,83.63,83.71,239
2014.03.21,19:00,83.70,83.71,83.31,83.55,358
2014.03.21,20:00,83.56,83.73,83.32,83.43,404
2014.03.21,21:00,83.44,83.69,83.40,83.59,743
2014.03.24,15:00,83.85,84.25,83.70,83.74,541
2014.03.24,16:00,83.70,83.98,83.63,83.85,647
2014.03.24,17:00,83.84,83.92,83.73,83.78,630
2014.03.24,18:00,83.79,83.88,83.70,83.79,334
2014.03.24,19:00,83.80,84.01,83.75,84.01,396
2014.03.24,20:00,84.03,84.10,83.85,83.93,391
2014.03.24,21:00,83.94,84.01,83.75,83.85,723
2014.03.25,15:00,84.31,84.66,84.31,84.47,429
2014.03.25,16:00,84.48,84.55,84.06,84.11,458
2014.03.25,17:00,84.10,84.23,83.95,84.02,373
2014.03.25,18:00,84.04,84.15,84.00,84.06,290
2014.03.25,19:00,84.07,84.28,84.03,84.16,267
2014.03.25,20:00,84.18,84.19,84.02,84.03,262
2014.03.25,21:00,84.02,84.12,83.96,84.03,461
2014.03.26,15:00,84.42,84.48,84.05,84.08,228
2014.03.26,16:00,84.07,84.13,83.78,83.90,380
2014.03.26,17:00,83.91,84.11,83.91,83.97,463
2014.03.26,18:00,83.96,84.00,83.83,83.93,264
2014.03.26,19:00,83.95,83.97,83.45,83.47,505
2014.03.26,20:00,83.49,83.66,83.45,83.61,327
2014.03.26,21:00,83.62,83.68,83.41,83.44,555
2014.03.27,15:00,83.35,83.82,83.29,83.47,435
2014.03.27,16:00,83.48,83.58,83.32,83.39,455
2014.03.27,17:00,83.41,83.63,83.39,83.51,511
2014.03.27,18:00,83.52,83.53,83.22,83.27,417
2014.03.27,19:00,83.28,83.37,83.21,83.37,280
2014.03.27,20:00,83.38,83.59,83.37,83.48,502
2014.03.27,21:00,83.49,83.59,83.43,83.48,687
2014.03.28,15:00,83.85,83.92,83.43,83.75,502
2014.03.28,16:00,83.79,84.02,83.73,83.95,515
2014.03.28,17:00,83.94,84.01,83.88,84.00,280
2014.03.28,18:00,84.01,84.16,83.94,84.05,192
2014.03.28,19:00,84.06,84.11,83.95,83.98,254
2014.03.28,20:00,83.97,84.00,83.80,83.83,358
2014.03.28,21:00,83.82,83.97,83.72,83.96,481
2014.03.31,16:00,84.63,84.97,84.51,84.65,410
2014.03.31,17:00,84.66,84.79,84.63,84.67,452
2014.03.31,18:00,84.66,84.80,84.63,84.78,325
2014.03.31,19:00,84.80,84.89,84.73,84.78,212
2014.03.31,20:00,84.77,84.91,84.75,84.91,221
2014.03.31,21:00,84.90,84.99,84.80,84.81,229
2014.03.31,22:00,84.80,85.12,84.76,85.09,605
2014.04.01,16:00,85.16,85.23,84.80,84.90,387
2014.04.01,17:00,84.88,85.00,84.72,84.74,460
2014.04.01,18:00,84.73,84.77,84.49,84.50,322
2014.04.01,19:00,84.49,84.58,84.15,84.15,376
2014.04.01,20:00,84.16,84.33,84.15,84.25,355
2014.04.01,21:00,84.26,84.51,84.24,84.40,307
2014.04.01,22:00,84.39,84.44,84.31,84.36,464
2014.04.02,16:00,84.34,84.93,84.21,84.89,352
2014.04.02,17:00,84.90,85.26,84.87,85.08,599
2014.04.02,18:00,85.09,85.16,84.88,84.96,283
2014.04.02,19:00,84.97,85.04,84.88,85.01,229
2014.04.02,20:00,85.03,85.04,84.86,84.95,199
2014.04.02,21:00,84.96,85.03,84.69,84.69,294
2014.04.02,22:00,84.70,84.71,84.60,84.64,588
2014.04.03,16:00,84.82,84.92,84.44,84.68,331
2014.04.03,17:00,84.69,84.79,84.53,84.79,433
2014.04.03,18:00,84.80,84.93,84.71,84.76,361
2014.04.03,19:00,84.75,84.92,84.75,84.90,226
2014.04.03,20:00,84.89,85.01,84.89,84.94,251
2014.04.03,21:00,84.93,84.94,84.77,84.87,200
2014.04.03,22:00,84.86,85.10,84.83,84.97,579
2014.04.04,16:00,85.40,85.67,85.31,85.62,317
2014.04.04,17:00,85.61,86.05,85.60,85.82,548
2014.04.04,18:00,85.81,85.86,85.68,85.79,430
2014.04.04,19:00,85.78,85.79,85.53,85.61,474
2014.04.04,20:00,85.62,85.80,85.58,85.62,449
2014.04.04,21:00,85.63,85.69,85.24,85.29,541
2014.04.04,22:00,85.28,85.28,85.13,85.20,640
2014.04.07,16:00,85.18,85.49,84.98,85.22,313
2014.04.07,17:00,85.23,85.33,85.14,85.21,436
2014.04.07,18:00,85.20,85.39,85.19,85.27,355
2014.04.07,19:00,85.29,85.54,85.28,85.47,342
2014.04.07,20:00,85.46,85.49,85.18,85.29,378
2014.04.07,21:00,85.30,85.48,85.24,85.24,432
2014.04.07,22:00,85.26,85.26,84.92,85.00,494
2014.04.08,16:00,84.79,84.90,84.48,84.54,358
2014.04.08,17:00,84.55,84.80,84.44,84.73,503
2014.04.08,18:00,84.74,84.90,84.72,84.84,337
2014.04.08,19:00,84.85,84.85,84.54,84.54,251
2014.04.08,20:00,84.55,84.79,84.55,84.71,221
2014.04.08,21:00,84.72,84.74,84.51,84.60,303
2014.04.08,22:00,84.59,84.78,84.50,84.73,539
2014.04.09,16:00,84.82,84.98,84.66,84.87,309
2014.04.09,17:00,84.84,85.08,84.79,84.82,350
2014.04.09,18:00,84.80,85.27,84.77,85.25,252
2014.04.09,19:00,85.26,85.57,85.24,85.52,231
2014.04.09,20:00,85.53,85.55,85.36,85.39,222
2014.04.09,21:00,85.40,85.72,85.40,85.54,377
2014.04.09,22:00,85.53,85.82,85.49,85.81,549
2014.04.10,16:00,85.69,86.31,85.58,86.04,301
2014.04.10,17:00,85.98,86.15,85.71,85.71,419
2014.04.10,18:00,85.72,85.72,85.45,85.51,455
2014.04.10,19:00,85.52,85.56,85.04,85.11,464
2014.04.10,20:00,85.12,85.25,84.91,85.15,344
2014.04.10,21:00,85.13,85.35,85.12,85.18,445
2014.04.10,22:00,85.17,85.17,84.92,84.99,984
2014.04.11,16:00,84.90,85.30,84.85,84.94,414
2014.04.11,17:00,84.93,85.07,84.88,85.01,547
2014.04.11,18:00,85.03,85.29,84.93,85.02,370
2014.04.11,19:00,85.06,85.16,84.91,85.14,255
2014.04.11,20:00,85.15,85.37,85.03,85.32,310
2014.04.11,21:00,85.33,85.45,85.18,85.30,323
2014.04.11,22:00,85.29,85.61,85.22,85.29,721
2014.04.14,16:00,85.81,85.94,85.02,85.14,542
2014.04.14,17:00,85.15,85.36,84.83,84.88,532
2014.04.14,18:00,84.89,85.18,84.87,85.09,355
2014.04.14,19:00,85.10,85.41,85.07,85.36,200
2014.04.14,20:00,85.37,85.56,85.34,85.34,223
2014.04.14,21:00,85.35,85.49,85.13,85.25,247
2014.04.14,22:00,85.26,85.55,85.00,85.48,591
2014.04.15,16:00,84.89,85.55,84.89,85.37,399
2014.04.15,17:00,85.35,85.64,85.15,85.27,754
2014.04.15,18:00,85.26,85.30,84.91,84.95,645
2014.04.15,19:00,84.96,85.09,84.89,85.02,472
2014.04.15,20:00,85.01,85.51,84.95,85.47,365
2014.04.15,21:00,85.46,85.83,85.45,85.74,379
2014.04.15,22:00,85.75,85.95,85.68,85.89,638
2014.04.16,16:00,86.51,86.60,86.11,86.41,311
2014.04.16,17:00,86.40,86.71,86.23,86.46,400
2014.04.16,18:00,86.44,86.83,86.35,86.71,368
2014.04.16,19:00,86.70,86.92,86.70,86.74,313
2014.04.16,20:00,86.73,86.73,86.53,86.56,352
2014.04.16,21:00,86.55,86.63,86.38,86.61,251
2014.04.16,22:00,86.60,86.77,86.49,86.76,508
2014.04.17,16:00,87.14,87.38,86.89,87.14,376
2014.04.17,17:00,87.15,87.18,86.57,86.75,435
2014.04.17,18:00,86.74,86.79,86.50,86.63,321
2014.04.17,19:00,86.64,86.71,86.38,86.42,319
2014.04.17,20:00,86.43,86.68,86.39,86.52,327
2014.04.17,21:00,86.51,86.69,86.39,86.67,276
2014.04.17,22:00,86.68,86.74,86.61,86.67,405
2014.04.21,16:00,86.70,86.83,86.15,86.22,313
2014.04.21,17:00,86.23,86.33,86.06,86.24,427
2014.04.21,18:00,86.26,86.32,86.06,86.22,288
2014.04.21,19:00,86.21,86.28,86.05,86.17,413
2014.04.21,20:00,86.16,86.29,86.09,86.26,339
2014.04.21,21:00,86.27,86.44,86.14,86.27,443
2014.04.21,22:00,86.26,86.45,86.20,86.39,631
2014.04.22,16:00,86.74,87.61,86.00,87.55,866
2014.04.22,17:00,87.56,87.64,86.27,86.49,834
2014.04.22,18:00,86.48,86.88,86.26,86.48,554
2014.04.22,19:00,86.47,86.67,86.33,86.62,367
2014.04.22,20:00,86.63,86.90,86.53,86.72,285
2014.04.22,21:00,86.71,86.88,86.63,86.71,335
2014.04.22,22:00,86.72,86.94,86.68,86.88,900
2014.04.23,16:00,86.89,88.08,86.72,88.08,499
2014.04.23,17:00,88.05,88.56,87.92,88.36,1208
2014.04.23,18:00,88.37,88.38,87.82,88.22,692
2014.04.23,19:00,88.21,88.23,87.89,87.89,481
2014.04.23,20:00,87.90,88.23,87.84,88.09,427
2014.04.23,21:00,88.10,88.19,87.95,88.10,485
2014.04.23,22:00,88.11,88.17,87.99,88.12,608
2014.04.24,16:00,88.29,88.97,88.29,88.58,637
2014.04.24,17:00,88.56,88.90,88.54,88.69,647
2014.04.24,18:00,88.70,88.73,88.43,88.61,342
2014.04.24,19:00,88.62,88.80,88.55,88.80,233
2014.04.24,20:00,88.81,88.83,88.46,88.55,238
2014.04.24,21:00,88.54,88.73,88.50,88.61,370
2014.04.24,22:00,88.62,88.79,88.49,88.59,455
2014.04.25,16:00,88.69,88.69,88.12,88.16,693
2014.04.25,17:00,88.17,88.51,88.16,88.36,407
2014.04.25,18:00,88.35,88.35,88.03,88.09,428
2014.04.25,19:00,88.10,88.21,88.09,88.12,189
2014.04.25,20:00,88.13,88.21,87.98,88.21,176
2014.04.25,21:00,88.22,88.33,88.05,88.21,224
2014.04.25,22:00,88.20,88.40,88.17,88.30,436
2014.04.28,16:00,88.93,89.93,88.78,89.29,832
2014.04.28,17:00,89.26,89.83,89.24,89.62,832
2014.04.28,18:00,89.61,90.27,89.60,89.85,768
2014.04.28,19:00,89.86,90.00,89.75,89.85,480
2014.04.28,20:00,89.84,89.86,89.19,89.26,570
2014.04.28,21:00,89.27,89.63,89.23,89.49,524
2014.04.28,22:00,89.50,89.85,89.46,89.63,1022
2014.04.29,16:00,89.99,90.86,89.88,90.52,617
2014.04.29,17:00,90.54,90.72,90.33,90.52,564
2014.04.29,18:00,90.51,90.71,90.45,90.68,606
2014.04.29,19:00,90.69,90.70,90.54,90.57,473
2014.04.29,20:00,90.58,90.73,90.53,90.71,489
2014.04.29,21:00,90.72,90.72,90.57,90.71,647
2014.04.29,22:00,90.70,90.93,90.68,90.89,1050
2014.04.30,16:00,90.70,90.76,90.44,90.66,337
2014.04.30,17:00,90.67,90.72,90.45,90.50,456
2014.04.30,18:00,90.51,90.52,90.02,90.11,361
2014.04.30,19:00,90.10,90.46,90.10,90.46,209
2014.04.30,20:00,90.45,90.51,90.36,90.36,186
2014.04.30,21:00,90.34,90.66,90.26,90.61,580
2014.04.30,22:00,90.62,90.73,90.46,90.58,644
2014.05.01,16:00,90.63,90.81,90.37,90.53,296
2014.05.01,17:00,90.54,90.70,90.24,90.43,448
2014.05.01,18:00,90.45,90.73,90.30,90.65,435
2014.05.01,19:00,90.64,90.87,90.63,90.78,257
2014.05.01,20:00,90.79,90.79,90.53,90.59,276
2014.05.01,21:00,90.60,90.72,90.55,90.65,284
2014.05.01,22:00,90.64,90.91,90.64,90.82,625
2014.05.02,16:00,90.98,91.67,90.88,91.52,729
2014.05.02,17:00,91.50,91.54,91.01,91.03,459
2014.05.02,18:00,91.02,91.09,90.88,91.00,358
2014.05.02,19:00,91.01,91.29,90.97,91.28,179
2014.05.02,20:00,91.27,91.28,90.95,90.97,183
2014.05.02,21:00,90.95,91.12,90.83,91.09,230
2014.05.02,22:00,91.10,91.19,90.93,90.99,518
2014.05.05,16:00,90.81,90.81,89.92,90.15,536
2014.05.05,17:00,90.12,90.91,90.10,90.78,543
2014.05.05,18:00,90.77,90.83,90.61,90.70,304
2014.05.05,19:00,90.71,90.77,90.55,90.56,210
2014.05.05,20:00,90.57,90.67,90.49,90.58,194
2014.05.05,21:00,90.59,90.75,90.57,90.64,254
2014.05.05,22:00,90.63,90.73,90.56,90.63,333
2014.05.06,16:00,90.31,90.62,90.18,90.24,371
2014.05.06,17:00,90.26,90.40,90.05,90.07,416
2014.05.06,18:00,90.04,90.08,89.95,89.98,371
2014.05.06,19:00,89.99,90.13,89.94,90.13,195
2014.05.06,20:00,90.12,90.19,90.00,90.05,291
2014.05.06,21:00,90.06,90.17,89.89,89.91,267
2014.05.06,22:00,89.89,90.08,89.80,89.87,639
2014.05.07,16:00,90.38,91.44,90.38,91.44,634
2014.05.07,17:00,91.46,91.50,90.97,91.21,822
2014.05.07,18:00,91.22,91.42,91.06,91.28,468
2014.05.07,19:00,91.26,91.36,91.07,91.17,391
2014.05.07,20:00,91.15,91.26,90.71,90.85,515
2014.05.07,21:00,90.84,91.21,90.84,91.12,270
2014.05.07,22:00,91.11,91.36,91.02,91.05,657
2014.05.08,16:00,90.97,91.37,90.97,91.30,543
2014.05.08,17:00,91.31,91.38,91.01,91.05,235
2014.05.08,18:00,91.04,91.45,91.00,91.41,215
2014.05.08,19:00,91.40,91.52,91.20,91.24,259
2014.05.08,20:00,91.23,91.41,91.18,91.37,213
2014.05.08,21:00,91.38,91.39,91.09,91.14,260
2014.05.08,22:00,91.13,91.24,90.98,91.24,532
2014.05.09,16:00,91.06,91.31,90.78,90.79,404
2014.05.09,17:00,90.84,91.05,90.73,91.04,315
2014.05.09,18:00,91.05,91.19,91.05,91.13,277
2014.05.09,19:00,91.12,91.18,91.03,91.08,189
2014.05.09,20:00,91.09,91.11,90.99,91.08,156
2014.05.09,21:00,91.09,91.27,91.01,91.25,186
2014.05.09,22:00,91.26,91.35,91.22,91.29,308
2014.05.12,16:00,92.11,92.92,92.09,92.55,633
2014.05.12,17:00,92.54,92.62,92.12,92.14,535
2014.05.12,18:00,92.15,92.37,92.13,92.24,274
2014.05.12,19:00,92.23,92.43,92.14,92.15,167
2014.05.12,20:00,92.17,92.30,92.07,92.25,185
2014.05.12,21:00,92.24,92.31,92.17,92.21,179
2014.05.12,22:00,92.20,92.22,92.02,92.04,459
2014.05.13,16:00,92.36,92.94,92.21,92.83,569
2014.05.13,17:00,92.82,92.85,92.42,92.47,376
2014.05.13,18:00,92.46,92.97,92.46,92.92,280
2014.05.13,19:00,92.91,92.95,92.82,92.89,205
2014.05.13,20:00,92.88,92.88,92.68,92.85,176
2014.05.13,21:00,92.86,93.05,92.83,92.99,213
2014.05.13,22:00,93.00,93.02,92.86,92.89,439
2014.05.14,16:00,93.01,93.03,92.43,92.63,310
2014.05.14,17:00,92.64,92.87,92.54,92.81,453
2014.05.14,18:00,92.80,92.90,92.65,92.67,163
2014.05.14,19:00,92.66,92.74,92.57,92.65,128
2014.05.14,20:00,92.66,92.73,92.59,92.60,125
2014.05.14,21:00,92.62,92.72,92.59,92.65,157
2014.05.14,22:00,92.64,92.67,92.47,92.65,375
2014.05.15,16:00,92.44,92.64,92.22,92.23,343
2014.05.15,17:00,92.22,92.41,92.09,92.20,454
2014.05.15,18:00,92.21,92.30,91.90,92.05,366
2014.05.15,19:00,92.06,92.42,92.05,92.37,312
2014.05.15,20:00,92.38,92.38,91.98,92.07,272
2014.05.15,21:00,92.06,92.24,92.00,92.09,312
2014.05.15,22:00,92.10,92.43,92.10,92.36,504
2014.05.16,16:00,92.45,92.46,91.61,91.78,408
2014.05.16,17:00,91.77,91.87,91.69,91.69,518
2014.05.16,18:00,91.68,92.13,91.65,92.05,277
2014.05.16,19:00,92.06,92.15,91.85,91.96,192
2014.05.16,20:00,91.97,92.07,91.93,92.02,220
2014.05.16,21:00,92.01,92.46,91.95,92.46,208
2014.05.16,22:00,92.45,92.61,92.44,92.58,436
2014.05.19,16:00,92.55,92.66,92.13,92.49,171
2014.05.19,17:00,92.50,92.65,92.26,92.33,353
2014.05.19,18:00,92.34,92.79,92.33,92.72,225
2014.05.19,19:00,92.73,92.79,92.54,92.58,279
2014.05.19,20:00,92.59,92.80,92.57,92.77,163
2014.05.19,21:00,92.76,92.77,92.65,92.68,217
2014.05.19,22:00,92.66,92.88,92.63,92.75,322
2014.05.20,16:00,92.47,92.80,92.35,92.68,400
2014.05.20,17:00,92.67,92.94,92.52,92.92,285
2014.05.20,18:00,92.93,92.97,92.54,92.55,203
2014.05.20,19:00,92.56,92.65,92.31,92.62,250
2014.05.20,20:00,92.61,92.64,92.38,92.56,291
2014.05.20,21:00,92.55,92.72,92.55,92.63,225
2014.05.20,22:00,92.62,92.87,92.60,92.67,420
2014.05.21,16:00,93.02,93.31,92.77,93.04,280
2014.05.21,17:00,93.02,93.26,92.99,93.04,385
2014.05.21,18:00,93.03,93.03,92.86,92.86,255
2014.05.21,19:00,92.87,92.90,92.79,92.86,212
2014.05.21,20:00,92.85,92.85,92.72,92.72,154
2014.05.21,21:00,92.73,92.81,92.56,92.77,399
2014.05.21,22:00,92.78,92.89,92.75,92.85,458
2014.05.22,16:00,92.79,93.09,92.59,92.77,254
2014.05.22,17:00,92.78,92.92,92.62,92.85,298
2014.05.22,18:00,92.84,92.93,92.81,92.81,244
2014.05.22,19:00,92.80,92.91,92.79,92.80,159
2014.05.22,20:00,92.81,93.02,92.80,92.96,179
2014.05.22,21:00,92.97,93.05,92.91,93.04,170
2014.05.22,22:00,93.05,93.05,92.90,93.00,373
2014.05.23,16:00,92.98,93.33,92.82,93.08,238
2014.05.23,17:00,93.09,93.16,92.92,93.06,375
2014.05.23,18:00,93.05,93.07,92.72,92.73,203
2014.05.23,19:00,92.72,92.82,92.60,92.60,165
2014.05.23,20:00,92.59,92.59,92.40,92.40,182
2014.05.23,21:00,92.41,92.69,92.40,92.67,142
2014.05.23,22:00,92.66,92.89,92.65,92.84,306
2014.05.27,16:00,93.19,93.49,92.97,93.40,304
2014.05.27,17:00,93.39,93.46,93.21,93.46,257
2014.05.27,18:00,93.47,93.63,93.42,93.46,273
2014.05.27,19:00,93.47,93.57,93.36,93.41,193
2014.05.27,20:00,93.43,93.47,93.33,93.35,125
2014.05.27,21:00,93.36,93.45,93.30,93.42,173
2014.05.27,22:00,93.41,93.50,93.38,93.47,414
2014.05.28,16:00,93.42,93.80,93.29,93.57,449
2014.05.28,17:00,93.56,93.57,93.26,93.44,368
2014.05.28,18:00,93.42,93.50,93.38,93.46,194
2014.05.28,19:00,93.47,93.53,93.43,93.48,126
2014.05.28,20:00,93.47,93.54,93.45,93.54,169
2014.05.28,21:00,93.53,93.60,93.48,93.53,167
2014.05.28,22:00,93.54,93.63,93.39,93.43,378
2014.05.29,16:00,93.39,93.89,93.39,93.81,273
2014.05.29,17:00,93.80,94.09,93.56,93.92,382
2014.05.29,18:00,93.93,94.14,93.92,94.13,203
2014.05.29,19:00,94.12,94.28,94.10,94.24,159
2014.05.29,20:00,94.23,94.30,94.07,94.08,194
2014.05.29,21:00,94.07,94.26,93.99,94.15,266
2014.05.29,22:00,94.16,94.21,94.02,94.08,562
2014.05.30,16:00,93.99,94.11,93.62,93.81,302
2014.05.30,17:00,93.80,93.94,93.59,93.67,379
2014.05.30,18:00,93.68,93.68,93.39,93.55,221
2014.05.30,19:00,93.56,93.57,93.42,93.48,185
2014.05.30,20:00,93.47,93.51,93.44,93.47,155
2014.05.30,21:00,93.46,93.59,93.46,93.51,235
2014.05.30,22:00,93.50,93.58,93.36,93.45,518
2014.06.02,16:00,94.00,94.00,93.63,93.85,238
2014.06.02,17:00,93.81,93.85,93.67,93.78,306
2014.06.02,18:00,93.77,93.90,93.66,93.68,276
2014.06.02,19:00,93.69,93.80,93.66,93.80,136
2014.06.02,20:00,93.79,93.94,93.71,93.91,183
2014.06.02,21:00,93.92,93.99,93.76,93.77,157
2014.06.02,22:00,93.76,93.83,93.68,93.70,311
2014.06.03,16:00,92.98,93.44,92.96,93.34,361
2014.06.03,17:00,93.33,93.41,92.86,93.12,490
2014.06.03,18:00,93.11,93.19,93.05,93.09,242
2014.06.03,19:00,93.10,93.25,93.03,93.18,207
2014.06.03,20:00,93.19,93.19,92.91,93.15,197
2014.06.03,21:00,93.14,93.36,93.11,93.27,188
2014.06.03,22:00,93.28,93.43,93.22,93.39,377
2014.06.04,16:00,93.37,94.10,93.12,93.98,365
2014.06.04,17:00,94.00,94.24,93.83,94.15,491
2014.06.04,18:00,94.16,94.45,94.14,94.41,394
2014.06.04,19:00,94.40,94.58,94.33,94.56,278
2014.06.04,20:00,94.55,94.56,94.24,94.53,198
2014.06.04,21:00,94.52,94.65,94.45,94.61,244
2014.06.04,22:00,94.60,94.74,94.54,94.65,586
2014.06.05,16:00,94.85,94.98,94.23,94.33,361
2014.06.05,17:00,94.32,94.50,94.31,94.39,376
2014.06.05,18:00,94.38,94.43,94.35,94.40,208
2014.06.05,19:00,94.41,94.68,94.40,94.58,238
2014.06.05,20:00,94.59,94.76,94.57,94.74,137
2014.06.05,21:00,94.75,94.81,94.63,94.68,186
2014.06.05,22:00,94.69,94.99,94.69,94.95,462
2014.06.06,16:00,94.69,94.77,94.36,94.70,238
2014.06.06,17:00,94.71,94.96,94.66,94.84,318
2014.06.06,18:00,94.83,94.90,94.46,94.47,209
2014.06.06,19:00,94.48,94.60,94.40,94.52,230
2014.06.06,20:00,94.51,94.58,94.45,94.50,150
2014.06.06,21:00,94.49,94.53,94.36,94.43,110
2014.06.06,22:00,94.42,94.45,94.29,94.36,555
2014.06.09,16:00,94.70,95.04,94.55,94.86,327
2014.06.09,17:00,94.88,95.04,94.84,94.99,412
2014.06.09,18:00,94.98,94.99,94.68,94.73,333
2014.06.09,19:00,94.74,94.78,94.54,94.60,180
2014.06.09,20:00,94.61,94.69,94.54,94.69,171
2014.06.09,21:00,94.68,94.75,94.54,94.74,260
2014.06.09,22:00,94.75,94.80,94.64,94.66,398
2014.06.10,16:00,94.72,94.95,94.64,94.95,259
2014.06.10,17:00,94.92,95.07,94.78,95.01,586
2014.06.10,18:00,95.00,95.08,94.90,94.91,395
2014.06.10,19:00,94.92,95.07,94.84,95.02,412
2014.06.10,20:00,95.04,95.13,94.88,95.12,388
2014.06.10,21:00,95.13,95.15,94.98,94.98,350
2014.06.10,22:00,94.99,95.09,94.94,95.09,348
2014.06.11,16:00,94.80,95.09,94.79,94.85,258
2014.06.11,17:00,94.84,94.90,94.59,94.66,492
2014.06.11,18:00,94.65,94.80,94.65,94.80,289
2014.06.11,19:00,94.79,94.91,94.74,94.88,209
2014.06.11,20:00,94.87,94.93,94.78,94.91,223
2014.06.11,21:00,94.92,94.94,94.81,94.86,261
2014.06.11,22:00,94.87,95.03,94.80,94.90,589
2014.06.12,16:00,94.96,95.18,94.56,94.59,212
2014.06.12,17:00,94.56,94.77,94.56,94.62,315
2014.06.12,18:00,94.63,94.92,94.63,94.89,306
2014.06.12,19:00,94.88,94.91,94.76,94.80,273
2014.06.12,20:00,94.79,94.89,94.77,94.89,270
2014.06.12,21:00,94.87,95.15,94.85,94.90,292
2014.06.12,22:00,94.89,95.05,94.84,94.97,640
2014.06.13,16:00,94.94,95.25,94.81,95.01,333
2014.06.13,17:00,94.98,95.40,94.91,95.35,439
2014.06.13,18:00,95.34,95.43,95.19,95.24,199
2014.06.13,19:00,95.23,95.35,95.12,95.16,138
2014.06.13,20:00,95.18,95.38,95.12,95.30,173
2014.06.13,21:00,95.29,95.38,95.23,95.36,122
2014.06.13,22:00,95.37,95.47,95.26,95.39,397
2014.06.16,16:00,95.20,95.63,95.19,95.48,278
2014.06.16,17:00,95.49,95.74,95.43,95.58,343
2014.06.16,18:00,95.56,95.64,95.20,95.31,219
2014.06.16,19:00,95.29,95.47,95.29,95.39,164
2014.06.16,20:00,95.40,95.60,95.35,95.52,178
2014.06.16,21:00,95.51,95.54,95.35,95.36,165
2014.06.16,22:00,95.35,95.48,95.29,95.45,330
2014.06.17,16:00,94.92,95.61,94.56,95.59,395
2014.06.17,17:00,95.58,95.68,95.35,95.41,504
2014.06.17,18:00,95.39,95.50,95.22,95.29,318
2014.06.17,19:00,95.30,95.35,95.20,95.31,245
2014.06.17,20:00,95.30,95.35,95.21,95.32,204
2014.06.17,21:00,95.31,95.35,95.25,95.30,238
2014.06.17,22:00,95.31,95.39,95.21,95.22,623
2014.06.18,16:00,95.18,95.48,94.90,95.44,265
2014.06.18,17:00,95.47,95.50,95.14,95.18,375
2014.06.18,18:00,95.16,95.30,95.11,95.14,267
2014.06.18,19:00,95.13,95.19,94.98,95.18,190
2014.06.18,20:00,95.17,95.26,95.10,95.24,230
2014.06.18,21:00,95.23,95.56,95.14,95.32,571
2014.06.18,22:00,95.33,95.41,95.20,95.40,921
2014.06.19,16:00,95.54,95.65,95.00,95.39,540
2014.06.19,17:00,95.40,95.53,95.27,95.45,614
2014.06.19,18:00,95.47,95.51,95.40,95.51,237
2014.06.19,19:00,95.50,95.60,95.43,95.53,204
2014.06.19,20:00,95.52,95.62,95.36,95.49,239
2014.06.19,21:00,95.48,95.51,95.40,95.42,325
2014.06.19,22:00,95.43,95.61,95.43,95.57,445
2014.06.20,16:00,95.81,96.16,95.20,95.30,576
2014.06.20,17:00,95.31,95.38,95.04,95.11,679
2014.06.20,18:00,95.12,95.23,94.97,95.07,500
2014.06.20,19:00,95.09,95.09,94.68,94.75,467
2014.06.20,20:00,94.74,94.83,94.65,94.65,307
2014.06.20,21:00,94.66,94.77,94.63,94.65,317
2014.06.20,22:00,94.64,94.75,94.55,94.59,737
2014.06.23,16:00,94.66,95.11,94.65,95.00,462
2014.06.23,17:00,95.02,95.23,94.90,94.96,502
2014.06.23,18:00,94.94,95.00,94.77,94.80,296
2014.06.23,19:00,94.79,94.86,94.70,94.77,201
2014.06.23,20:00,94.78,94.80,94.63,94.71,193
2014.06.23,21:00,94.73,94.85,94.72,94.84,202
2014.06.23,22:00,94.83,94.99,94.76,94.94,413
2014.06.24,16:00,94.80,95.04,94.68,94.98,242
2014.06.24,17:00,94.99,95.38,94.98,95.21,372
2014.06.24,18:00,95.20,95.23,95.02,95.10,219
2014.06.24,19:00,95.12,95.20,94.98,95.04,241
2014.06.24,20:00,95.03,95.03,94.71,94.81,363
2014.06.24,21:00,94.80,95.04,94.76,94.81,356
2014.06.24,22:00,94.80,94.81,94.52,94.66,564
2014.06.25,16:00,94.63,94.83,94.34,94.66,303
2014.06.25,17:00,94.68,94.98,94.50,94.98,363
2014.06.25,18:00,94.97,95.03,94.78,94.81,315
2014.06.25,19:00,94.80,94.90,94.71,94.73,174
2014.06.25,20:00,94.74,94.99,94.74,94.96,208
2014.06.25,21:00,94.95,94.96,94.85,94.89,161
2014.06.25,22:00,94.86,94.91,94.78,94.86,378
2014.06.26,16:00,94.87,94.95,93.60,93.64,300
2014.06.26,17:00,93.62,94.03,93.62,93.86,391
2014.06.26,18:00,93.90,94.03,93.80,93.92,226
2014.06.26,19:00,93.94,94.13,93.89,94.00,169
2014.06.26,20:00,93.99,94.34,93.99,94.28,226
2014.06.26,21:00,94.29,94.39,94.23,94.38,143
2014.06.26,22:00,94.39,94.44,94.29,94.40,306
2014.06.27,16:00,94.51,94.88,93.78,93.80,391
2014.06.27,17:00,93.81,94.24,93.71,94.14,279
2014.06.27,18:00,94.16,94.16,93.86,93.89,214
2014.06.27,19:00,93.90,94.03,93.74,93.74,106
2014.06.27,20:00,93.75,93.77,93.58,93.66,209
2014.06.27,21:00,93.65,93.88,93.64,93.65,250
2014.06.27,22:00,93.66,94.05,93.66,93.92,630
2014.06.30,16:00,94.07,94.16,93.64,93.77,312
2014.06.30,17:00,93.76,94.37,93.74,94.00,636
2014.06.30,18:00,94.01,94.15,93.84,93.87,374
2014.06.30,19:00,93.88,93.95,93.85,93.93,118
2014.06.30,20:00,93.94,94.03,93.88,94.01,151
2014.06.30,21:00,94.02,94.16,93.99,94.01,181
2014.06.30,22:00,94.00,94.08,93.92,94.03,500
2014.07.01,16:00,94.83,95.80,94.82,95.53,691
2014.07.01,17:00,95.56,95.58,95.32,95.33,472
2014.07.01,18:00,95.34,95.41,95.21,95.39,294
2014.07.01,19:00,95.38,95.47,95.27,95.31,185
2014.07.01,20:00,95.32,95.41,95.21,95.28,255
2014.07.01,21:00,95.27,95.37,95.13,95.16,344
2014.07.01,22:00,95.17,95.33,95.15,95.20,582
2014.07.02,16:00,94.90,95.24,94.90,94.97,265
2014.07.02,17:00,94.98,94.99,94.63,94.80,390
2014.07.02,18:00,94.81,94.87,94.67,94.74,220
2014.07.02,19:00,94.75,94.76,94.52,94.58,135
2014.07.02,20:00,94.59,94.66,94.55,94.56,132
2014.07.02,21:00,94.57,94.64,94.50,94.52,151
2014.07.02,22:00,94.53,94.61,94.42,94.61,286
2014.07.03,16:00,94.63,94.82,94.43,94.54,238
2014.07.03,17:00,94.57,94.64,94.34,94.63,243
2014.07.03,18:00,94.64,94.73,94.55,94.72,154
2014.07.03,19:00,94.73,94.84,94.65,94.81,342
2014.07.07,16:00,94.49,94.73,94.34,94.57,239
2014.07.07,17:00,94.56,94.76,94.43,94.44,229
2014.07.07,18:00,94.42,94.65,94.41,94.54,176
2014.07.07,19:00,94.56,94.60,94.41,94.44,133
2014.07.07,20:00,94.42,94.61,94.39,94.52,172
2014.07.07,21:00,94.53,94.54,94.38,94.48,174
2014.07.07,22:00,94.49,94.64,94.49,94.55,302
2014.07.08,16:00,94.41,94.57,93.94,94.08,276
2014.07.08,17:00,94.07,94.42,93.83,94.32,484
2014.07.08,18:00,94.33,94.47,93.92,94.19,568
2014.07.08,19:00,94.18,94.30,94.12,94.26,244
2014.07.08,20:00,94.25,94.38,94.22,94.34,227
2014.07.08,21:00,94.33,94.35,94.20,94.22,283
2014.07.08,22:00,94.23,94.32,94.13,94.14,494
2014.07.09,16:00,94.52,94.67,94.32,94.35,274
2014.07.09,17:00,94.33,94.42,94.22,94.35,321
2014.07.09,18:00,94.34,94.39,94.28,94.34,219
2014.07.09,19:00,94.33,94.46,94.33,94.36,203
2014.07.09,20:00,94.37,94.50,94.34,94.44,170
2014.07.09,21:00,94.43,94.74,94.27,94.69,344
2014.07.09,22:00,94.68,94.76,94.58,94.69,412
2014.07.10,16:00,93.88,94.13,93.54,93.91,390
2014.07.10,17:00,93.93,94.24,93.80,94.23,406
2014.07.10,18:00,94.25,94.30,94.02,94.03,246
2014.07.10,19:00,94.02,94.15,93.99,94.13,151
2014.07.10,20:00,94.14,94.21,94.07,94.16,191
2014.07.10,21:00,94.17,94.37,94.17,94.33,200
2014.07.10,22:00,94.32,94.37,94.23,94.28,393
2014.07.11,16:00,94.36,94.52,94.14,94.34,255
2014.07.11,17:00,94.35,94.44,94.18,94.26,299
2014.07.11,18:00,94.25,94.30,94.10,94.24,223
2014.07.11,19:00,94.26,94.42,94.22,94.40,159
2014.07.11,20:00,94.41,94.47,94.29,94.41,150
2014.07.11,21:00,94.42,94.73,94.40,94.68,169
2014.07.11,22:00,94.69,94.73,94.60,94.65,299
2014.07.14,16:00,95.17,95.77,95.17,95.57,301
2014.07.14,17:00,95.54,95.82,95.54,95.66,373
2014.07.14,18:00,95.67,95.71,95.51,95.56,302
2014.07.14,19:00,95.55,95.60,95.53,95.56,211
2014.07.14,20:00,95.54,95.57,95.45,95.54,203
2014.07.14,21:00,95.55,95.56,95.49,95.54,166
2014.07.14,22:00,95.53,95.60,95.48,95.54,362
2014.07.15,16:00,95.52,95.92,95.46,95.71,266
2014.07.15,17:00,95.72,95.89,95.64,95.79,462
2014.07.15,18:00,95.78,95.86,95.68,95.70,302
2014.07.15,19:00,95.69,95.76,95.62,95.68,195
2014.07.15,20:00,95.69,95.88,95.69,95.83,209
2014.07.15,21:00,95.82,95.99,95.82,95.96,206
2014.07.15,22:00,95.95,96.02,95.88,95.95,339
2014.07.16,16:00,95.92,95.95,95.63,95.94,287
2014.07.16,17:00,95.95,96.00,95.53,95.70,440
2014.07.16,18:00,95.67,95.81,95.53,95.57,245
2014.07.16,19:00,95.56,95.75,95.51,95.71,250
2014.07.16,20:00,95.72,95.77,95.50,95.56,189
2014.07.16,21:00,95.55,95.65,95.45,95.50,200
2014.07.16,22:00,95.49,95.61,95.46,95.60,391
2014.07.17,16:00,95.32,95.73,95.24,95.46,206
2014.07.17,17:00,95.49,95.66,95.43,95.45,243
2014.07.17,18:00,95.47,95.56,95.20,95.20,353
2014.07.17,19:00,95.22,95.30,95.05,95.18,225
2014.07.17,20:00,95.19,95.39,95.08,95.10,186
2014.07.17,21:00,95.08,95.13,94.94,95.02,303
2014.07.17,22:00,95.01,95.03,94.63,94.70,823
2014.07.18,16:00,94.92,95.21,94.74,94.94,218
2014.07.18,17:00,94.95,95.42,94.90,95.42,437
2014.07.18,18:00,95.43,95.43,95.14,95.16,315
2014.07.18,19:00,95.17,95.28,95.13,95.16,146
2014.07.18,20:00,95.15,95.23,95.07,95.16,225
2014.07.18,21:00,95.15,95.20,95.08,95.15,228
2014.07.18,22:00,95.14,95.32,95.13,95.32,545
2014.07.21,16:00,95.38,95.38,94.77,95.07,325
2014.07.21,17:00,95.06,95.06,94.67,94.87,539
2014.07.21,18:00,94.85,95.14,94.80,95.13,291
2014.07.21,19:00,95.12,95.26,95.07,95.17,226
2014.07.21,20:00,95.18,95.51,95.07,95.51,301
2014.07.21,21:00,95.52,95.57,95.26,95.26,253
2014.07.21,22:00,95.27,95.38,95.24,95.27,378
2014.07.22,16:00,90.60,92.09,90.38,91.71,2010
2014.07.22,17:00,91.69,91.72,91.02,91.08,1423
2014.07.22,18:00,91.07,91.45,90.83,91.41,1065
2014.07.22,19:00,91.42,91.62,91.19,91.19,643
2014.07.22,20:00,91.20,91.49,91.03,91.40,565
2014.07.22,21:00,91.39,91.94,91.29,91.63,785
2014.07.22,22:00,91.62,91.70,91.51,91.61,874
2014.07.23,16:00,91.51,91.88,91.27,91.60,483
2014.07.23,17:00,91.61,91.67,91.48,91.58,532
2014.07.23,18:00,91.59,91.89,91.58,91.83,392
2014.07.23,19:00,91.85,91.88,91.74,91.77,317
2014.07.23,20:00,91.76,91.85,91.70,91.76,293
2014.07.23,21:00,91.77,91.77,91.59,91.64,234
2014.07.23,22:00,91.65,91.79,91.60,91.76,487
2014.07.24,16:00,92.08,92.42,91.90,92.30,425
2014.07.24,17:00,92.29,92.56,92.20,92.49,473
2014.07.24,18:00,92.50,92.84,92.47,92.72,356
2014.07.24,19:00,92.73,92.87,92.61,92.87,258
2014.07.24,20:00,92.86,92.91,92.72,92.89,243
2014.07.24,21:00,92.90,93.05,92.83,92.93,279
2014.07.24,22:00,92.92,93.08,92.86,92.87,470
2014.07.25,16:00,92.90,92.95,92.49,92.62,389
2014.07.25,17:00,92.61,92.61,91.92,91.96,541
2014.07.25,18:00,91.95,92.31,91.78,92.30,553
2014.07.25,19:00,92.29,92.34,92.21,92.27,209
2014.07.25,20:00,92.26,92.36,92.17,92.20,230
2014.07.25,21:00,92.21,92.34,92.15,92.22,208
2014.07.25,22:00,92.23,92.23,92.06,92.09,436
2014.07.28,16:00,91.69,92.09,91.65,91.73,272
2014.07.28,17:00,91.72,92.00,91.55,91.93,475
2014.07.28,18:00,91.94,91.94,91.54,91.54,612
2014.07.28,19:00,91.53,91.53,91.02,91.08,512
2014.07.28,20:00,91.07,91.78,91.01,91.78,449
2014.07.28,21:00,91.79,91.91,91.74,91.90,310
2014.07.28,22:00,91.91,91.93,91.80,91.86,393
2014.07.29,16:00,92.08,92.40,91.84,92.17,369
2014.07.29,17:00,92.20,92.46,91.91,91.93,537
2014.07.29,18:00,91.92,91.93,91.53,91.60,314
2014.07.29,19:00,91.59,91.73,91.52,91.57,213
2014.07.29,20:00,91.56,91.59,91.41,91.44,202
2014.07.29,21:00,91.45,91.51,91.15,91.25,347
2014.07.29,22:00,91.26,91.27,91.08,91.10,571
2014.07.30,16:00,91.21,91.58,91.12,91.16,360
2014.07.30,17:00,91.15,91.20,90.81,90.96,510
2014.07.30,18:00,90.95,91.04,90.85,90.91,416
2014.07.30,19:00,90.92,91.01,90.90,90.95,345
2014.07.30,20:00,90.94,91.03,90.86,90.94,294
2014.07.30,21:00,90.96,91.35,90.83,90.92,536
2014.07.30,22:00,90.94,91.02,90.86,90.92,627
2014.07.31,16:00,90.74,91.19,90.37,90.75,411
2014.07.31,17:00,90.73,90.78,90.25,90.27,477
2014.07.31,18:00,90.28,90.39,90.12,90.14,427
2014.07.31,19:00,90.13,90.14,89.89,89.96,296
2014.07.31,20:00,89.97,89.99,89.71,89.83,355
2014.07.31,21:00,89.82,89.94,89.69,89.69,323
2014.07.31,22:00,89.68,89.87,89.54,89.55,1179
2014.08.01,16:00,89.30,89.53,89.07,89.51,358
2014.08.01,17:00,89.55,89.92,89.47,89.79,688
2014.08.01,18:00,89.78,89.79,89.22,89.37,514
2014.08.01,19:00,89.39,89.72,89.38,89.68,380
2014.08.01,20:00,89.69,89.87,89.60,89.85,521
2014.08.01,21:00,89.86,90.02,89.75,89.94,429
2014.08.01,22:00,89.93,89.99,89.57,89.61,642
2014.08.04,16:00,89.66,89.91,89.10,89.30,434
2014.08.04,17:00,89.29,89.53,89.15,89.20,530
2014.08.04,18:00,89.19,89.62,89.16,89.57,427
2014.08.04,19:00,89.58,89.70,89.44,89.67,178
2014.08.04,20:00,89.68,89.89,89.57,89.86,222
2014.08.04,21:00,89.85,89.94,89.80,89.90,252
2014.08.04,22:00,89.89,90.00,89.82,89.90,547
2014.08.05,16:00,89.66,89.86,89.40,89.53,361
2014.08.05,17:00,89.56,89.62,89.13,89.38,636
2014.08.05,18:00,89.39,89.58,89.27,89.34,378
2014.08.05,19:00,89.35,89.49,89.25,89.47,282
2014.08.05,20:00,89.48,89.61,89.09,89.10,394
2014.08.05,21:00,89.09,89.16,88.86,89.03,535
2014.08.05,22:00,89.02,89.23,88.81,89.12,751
2014.08.06,16:00,88.92,89.56,88.80,89.55,258
2014.08.06,17:00,89.59,89.86,89.43,89.83,341
2014.08.06,18:00,89.84,89.91,89.57,89.60,300
2014.08.06,19:00,89.58,89.72,89.48,89.67,262
2014.08.06,20:00,89.66,89.74,89.58,89.64,222
2014.08.06,21:00,89.63,89.80,89.59,89.75,255
2014.08.06,22:00,89.76,89.82,89.66,89.69,361
2014.08.07,16:00,89.83,90.16,89.68,90.13,326
2014.08.07,17:00,90.14,90.25,89.86,89.93,403
2014.08.07,18:00,89.92,89.93,89.66,89.76,488
2014.08.07,19:00,89.74,89.88,89.67,89.84,350
2014.08.07,20:00,89.85,90.08,89.85,90.02,375
2014.08.07,21:00,90.00,90.01,89.81,89.87,255
2014.08.07,22:00,89.88,89.97,89.78,89.89,548
2014.08.08,16:00,89.83,90.16,89.65,89.67,237
2014.08.08,17:00,89.68,90.15,89.62,89.96,394
2014.08.08,18:00,89.95,90.39,89.93,90.35,366
2014.08.08,19:00,90.36,90.36,90.13,90.16,225
2014.08.08,20:00,90.14,90.62,90.08,90.50,360
2014.08.08,21:00,90.49,90.55,90.33,90.39,317
2014.08.08,22:00,90.37,90.51,90.34,90.45,749
2014.08.11,16:00,90.58,90.95,90.53,90.71,273
2014.08.11,17:00,90.72,90.83,90.60,90.64,333
2014.08.11,18:00,90.63,90.74,90.58,90.63,266
2014.08.11,19:00,90.62,90.78,90.54,90.75,183
2014.08.11,20:00,90.77,90.85,90.63,90.64,172
2014.08.11,21:00,90.63,90.70,90.59,90.59,130
2014.08.11,22:00,90.58,90.71,90.58,90.66,317
2014.08.12,16:00,90.59,91.04,90.42,91.03,173
2014.08.12,17:00,91.01,91.15,90.92,91.04,302
2014.08.12,18:00,91.03,91.05,90.96,90.99,157
2014.08.12,19:00,91.00,91.19,90.94,91.15,125
2014.08.12,20:00,91.16,91.21,91.03,91.05,154
2014.08.12,21:00,91.04,91.05,90.89,90.99,198
2014.08.12,22:00,91.00,91.12,90.99,91.09,332
2014.08.13,16:00,91.47,91.57,91.07,91.13,240
2014.08.13,17:00,91.12,91.23,90.98,91.07,281
2014.08.13,18:00,91.08,91.36,91.07,91.22,350
2014.08.13,19:00,91.24,91.26,91.01,91.08,201
2014.08.13,20:00,91.09,91.24,91.04,91.21,157
2014.08.13,21:00,91.22,91.23,91.15,91.18,123
2014.08.13,22:00,91.17,91.28,91.16,91.24,345
2014.08.14,16:00,91.36,91.91,91.32,91.87,209
2014.08.14,17:00,91.89,91.89,91.69,91.86,210
2014.08.14,18:00,91.85,92.04,91.85,92.03,152
2014.08.14,19:00,92.02,92.17,92.01,92.11,124
2014.08.14,20:00,92.10,92.24,92.08,92.14,127
2014.08.14,21:00,92.15,92.20,92.09,92.11,130
2014.08.14,22:00,92.10,92.21,92.10,92.21,359
2014.08.15,16:00,92.33,92.92,92.33,92.57,219
2014.08.15,17:00,92.58,92.66,91.84,92.08,368
2014.08.15,18:00,92.05,92.15,91.47,91.59,415
2014.08.15,19:00,91.60,91.80,91.48,91.73,371
2014.08.15,20:00,91.72,91.79,91.65,91.69,192
2014.08.15,21:00,91.68,92.07,91.68,91.99,146
2014.08.15,22:00,92.00,92.20,91.96,92.12,282
2014.08.18,16:00,92.41,92.92,92.37,92.77,228
2014.08.18,17:00,92.79,92.87,92.61,92.83,228
2014.08.18,18:00,92.85,93.05,92.82,92.98,169
2014.08.18,19:00,92.97,93.01,92.85,92.85,94
2014.08.18,20:00,92.84,92.88,92.83,92.85,85
2014.08.18,21:00,92.86,92.89,92.80,92.84,132
2014.08.18,22:00,92.85,93.01,92.82,92.97,290
2014.08.19,16:00,92.86,92.91,92.71,92.88,144
2014.08.19,17:00,92.87,92.98,92.77,92.96,180
2014.08.19,18:00,92.97,92.98,92.80,92.94,102
2014.08.19,19:00,92.95,93.02,92.93,93.02,96
2014.08.19,20:00,93.03,93.05,92.90,92.91,102
2014.08.19,21:00,92.90,92.96,92.84,92.88,111
2014.08.19,22:00,92.87,92.92,92.82,92.90,190
2014.08.20,16:00,92.76,92.94,92.32,92.48,226
2014.08.20,17:00,92.49,92.87,92.46,92.77,197
2014.08.20,18:00,92.78,92.95,92.76,92.94,140
2014.08.20,19:00,92.95,93.03,92.90,93.01,90
2014.08.20,20:00,93.02,93.15,93.02,93.07,92
2014.08.20,21:00,93.06,93.07,92.78,93.00,216
2014.08.20,22:00,93.02,93.12,93.01,93.09,247
2014.08.21,16:00,93.00,93.40,92.89,93.35,123
2014.08.21,17:00,93.37,93.89,93.29,93.87,250
2014.08.21,18:00,93.88,93.88,93.74,93.80,164
2014.08.21,19:00,93.79,93.86,93.76,93.82,120
2014.08.21,20:00,93.83,93.94,93.81,93.93,82
2014.08.21,21:00,93.92,94.14,93.90,94.14,166
2014.08.21,22:00,94.15,94.17,93.92,93.94,376
2014.08.22,16:00,93.87,93.99,93.71,93.86,225
2014.08.22,17:00,93.88,94.12,93.53,93.53,321
2014.08.22,18:00,93.52,93.76,93.49,93.75,274
2014.08.22,19:00,93.76,93.93,93.70,93.83,216
2014.08.22,20:00,93.84,94.00,93.79,93.84,178
2014.08.22,21:00,93.83,93.90,93.70,93.79,280
2014.08.22,22:00,93.80,93.96,93.71,93.74,398
