2013.06.24,19:00,88.35,88.89,88.20,88.77,1864
2013.06.24,20:00,88.75,89.30,88.55,89.15,1949
2013.06.24,21:00,89.16,89.49,88.86,88.96,1968
2013.06.24,22:00,88.95,89.18,88.40,88.46,3411
2013.06.25,16:00,89.55,89.55,88.71,88.85,1536
2013.06.25,17:00,88.84,89.24,88.48,89.05,3171
2013.06.25,18:00,89.04,89.23,88.80,88.99,1382
2013.06.25,19:00,89.00,89.06,88.85,88.99,810
2013.06.25,20:00,89.00,89.04,88.71,88.92,1045
2013.06.25,21:00,88.91,89.36,88.84,89.15,1198
2013.06.25,22:00,89.14,89.55,89.05,89.10,2589
2013.06.26,16:00,89.45,89.70,89.18,89.22,1137
2013.06.26,17:00,89.20,89.33,88.77,88.82,1584
2013.06.26,18:00,88.83,89.06,88.72,88.81,1400
2013.06.26,19:00,88.80,88.97,88.78,88.81,904
2013.06.26,20:00,88.82,89.27,88.81,89.27,802
2013.06.26,21:00,89.28,89.75,89.26,89.70,1150
2013.06.26,22:00,89.68,89.96,89.60,89.78,2510
2013.06.27,16:00,90.15,90.66,90.02,90.52,1077
2013.06.27,17:00,90.54,90.63,90.14,90.48,1865
2013.06.27,18:00,90.46,90.64,90.24,90.46,1226
2013.06.27,19:00,90.47,90.51,90.14,90.19,1067
2013.06.27,20:00,90.18,90.42,90.15,90.17,816
2013.06.27,21:00,90.18,90.46,90.09,90.32,1075
2013.06.27,22:00,90.33,90.43,90.02,90.03,1825
2013.06.28,16:00,89.80,90.14,89.77,89.81,962
2013.06.28,17:00,89.82,90.28,89.55,90.19,1242
2013.06.28,18:00,90.18,90.47,90.04,90.37,1199
2013.06.28,19:00,90.38,90.74,90.06,90.61,1169
2013.06.28,20:00,90.60,90.65,90.27,90.37,772
2013.06.28,21:00,90.38,90.56,90.24,90.35,762
2013.06.28,22:00,90.33,90.38,89.90,89.93,2575
2013.07.01,16:00,90.37,90.81,90.37,90.65,1351
2013.07.01,17:00,90.64,91.12,90.61,90.87,1394
2013.07.01,18:00,90.88,91.06,90.82,90.96,860
2013.07.01,19:00,90.97,90.99,90.73,90.91,867
2013.07.01,20:00,90.92,90.96,90.63,90.64,943
2013.07.01,21:00,90.65,90.87,90.47,90.66,903
2013.07.01,22:00,90.67,90.78,89.95,90.25,2394
2013.07.02,16:00,90.36,90.70,90.14,90.62,894
2013.07.02,17:00,90.63,91.06,90.47,91.05,1442
2013.07.02,18:00,91.06,91.09,90.85,90.98,993
2013.07.02,19:00,90.97,91.00,90.69,90.93,871
2013.07.02,20:00,90.94,90.94,90.50,90.59,767
2013.07.02,21:00,90.58,90.58,90.11,90.35,1134
2013.07.02,22:00,90.36,90.79,90.24,90.61,1996
2013.07.03,16:00,90.60,90.60,90.21,90.34,894
2013.07.03,17:00,90.33,90.73,90.13,90.52,1649
2013.07.03,18:00,90.51,90.74,90.47,90.74,1015
2013.07.03,19:00,90.75,90.86,90.55,90.62,1076
2013.07.03,20:00,90.68,90.79,90.56,90.79,104
2013.07.03,21:00,90.76,90.78,90.61,90.75,9
2013.07.03,22:00,90.77,90.77,90.71,90.71,4
2013.07.05,16:00,91.07,91.29,90.77,91.01,1009
2013.07.05,17:00,91.00,91.03,90.56,90.85,1469
2013.07.05,18:00,90.86,90.98,90.65,90.97,868
2013.07.05,19:00,90.98,91.20,90.96,91.14,670
2013.07.05,20:00,91.15,91.28,91.06,91.08,421
2013.07.05,21:00,91.09,91.46,91.08,91.27,702
2013.07.05,22:00,91.26,91.59,90.90,91.54,1478
2013.07.08,16:00,91.95,92.37,91.89,92.37,1103
2013.07.08,17:00,92.35,92.52,92.32,92.40,1382
2013.07.08,18:00,92.39,92.49,92.26,92.32,789
2013.07.08,19:00,92.33,92.35,92.18,92.25,649
2013.07.08,20:00,92.26,92.49,92.19,92.43,650
2013.07.08,21:00,92.44,92.48,92.26,92.34,570
2013.07.08,22:00,92.35,92.36,92.08,92.23,1528
2013.07.09,16:00,92.63,92.89,92.56,92.87,1313
2013.07.09,17:00,92.88,92.90,92.27,92.34,1410
2013.07.09,18:00,92.33,92.74,92.26,92.66,1023
2013.07.09,19:00,92.65,92.93,92.65,92.89,757
2013.07.09,20:00,92.88,93.08,92.76,92.95,806
2013.07.09,21:00,92.96,93.08,92.85,92.88,782
2013.07.09,22:00,92.89,93.43,92.88,93.29,1880
2013.07.10,16:00,93.27,93.38,92.69,92.70,953
2013.07.10,17:00,92.71,92.88,92.55,92.58,1110
2013.07.10,18:00,92.59,92.76,92.42,92.44,857
2013.07.10,19:00,92.43,92.57,92.37,92.43,548
2013.07.10,20:00,92.44,92.71,92.38,92.54,737
2013.07.10,21:00,92.53,93.24,92.50,92.68,2145
2013.07.10,22:00,92.69,92.94,92.62,92.81,1955
2013.07.11,16:00,93.72,93.80,93.42,93.51,761
2013.07.11,17:00,93.50,93.57,93.31,93.52,597
2013.07.11,18:00,93.51,93.65,93.42,93.49,801
2013.07.11,19:00,93.48,93.49,93.19,93.27,754
2013.07.11,20:00,93.26,93.30,93.03,93.09,885
2013.07.11,21:00,93.10,93.33,93.07,93.18,944
2013.07.11,22:00,93.17,93.58,93.17,93.29,2342
2013.07.12,16:00,93.24,93.36,92.93,93.10,754
2013.07.12,17:00,93.11,93.31,92.87,92.88,1233
2013.07.12,18:00,92.89,93.03,92.71,92.77,752
2013.07.12,19:00,92.78,93.20,92.77,93.15,740
2013.07.12,20:00,93.14,93.26,92.90,92.94,679
2013.07.12,21:00,92.95,93.06,92.76,93.06,799
2013.07.12,22:00,93.05,93.44,92.90,93.30,1788
2013.07.15,16:00,93.20,93.29,93.08,93.15,743
2013.07.15,17:00,93.16,93.35,93.10,93.25,884
2013.07.15,18:00,93.26,93.48,93.18,93.46,946
2013.07.15,19:00,93.47,93.49,93.37,93.41,519
2013.07.15,20:00,93.42,93.49,93.38,93.42,502
2013.07.15,21:00,93.43,93.49,93.32,93.34,784
2013.07.15,22:00,93.33,93.34,93.18,93.24,1374
2013.07.16,16:00,93.20,93.46,92.89,93.18,1165
2013.07.16,17:00,93.20,93.37,92.80,92.80,1374
2013.07.16,18:00,92.81,93.19,92.80,93.03,1156
2013.07.16,19:00,93.02,93.12,92.99,93.00,623
2013.07.16,20:00,92.99,93.01,92.76,92.98,646
2013.07.16,21:00,92.97,93.06,92.89,92.99,686
2013.07.16,22:00,92.98,93.33,92.89,93.30,1289
2013.07.17,16:00,93.54,93.66,93.13,93.35,1108
2013.07.17,17:00,93.36,93.72,93.34,93.51,1061
2013.07.17,18:00,93.52,93.73,93.36,93.37,788
2013.07.17,19:00,93.36,93.54,93.32,93.47,737
2013.07.17,20:00,93.46,93.64,93.43,93.58,562
2013.07.17,21:00,93.57,93.73,93.50,93.59,587
2013.07.17,22:00,93.58,93.65,93.32,93.42,1350
2013.07.18,16:00,93.79,94.15,93.70,94.14,795
2013.07.18,17:00,94.15,94.82,94.13,94.70,1697
2013.07.18,18:00,94.69,94.75,94.45,94.48,843
2013.07.18,19:00,94.47,94.66,94.42,94.66,703
2013.07.18,20:00,94.65,94.71,94.43,94.54,707
2013.07.18,21:00,94.55,94.59,94.41,94.46,758
2013.07.18,22:00,94.45,94.46,94.24,94.37,1195
2013.07.19,16:00,94.81,94.93,94.42,94.53,1643
2013.07.19,17:00,94.56,94.90,94.54,94.77,1084
2013.07.19,18:00,94.76,94.93,94.62,94.89,903
2013.07.19,19:00,94.90,94.92,94.81,94.84,565
2013.07.19,20:00,94.85,95.17,94.83,95.12,828
2013.07.19,21:00,95.11,95.24,94.99,95.00,788
2013.07.19,22:00,95.01,95.22,95.00,95.17,1550
2013.07.22,16:00,94.86,95.19,94.86,94.96,926
2013.07.22,17:00,94.97,95.02,94.82,94.93,913
2013.07.22,18:00,94.94,95.17,94.92,94.97,678
2013.07.22,19:00,94.96,95.09,94.93,95.02,510
2013.07.22,20:00,95.01,95.03,94.89,94.91,408
2013.07.22,21:00,94.92,94.99,94.85,94.96,547
2013.07.22,22:00,94.95,94.96,94.77,94.84,1457
2013.07.23,16:00,94.85,95.20,94.85,95.13,755
2013.07.23,17:00,95.12,95.32,95.05,95.11,926
2013.07.23,18:00,95.12,95.30,94.99,95.26,648
2013.07.23,19:00,95.25,95.37,95.24,95.26,568
2013.07.23,20:00,95.27,95.41,95.26,95.27,442
2013.07.23,21:00,95.28,95.48,95.27,95.39,579
2013.07.23,22:00,95.38,95.44,95.22,95.24,1012
2013.07.24,16:00,95.30,95.30,94.85,94.86,694
2013.07.24,17:00,94.85,94.89,94.50,94.82,1151
2013.07.24,18:00,94.80,94.91,94.58,94.85,779
2013.07.24,19:00,94.84,94.86,94.50,94.54,614
2013.07.24,20:00,94.53,94.59,94.41,94.54,556
2013.07.24,21:00,94.55,94.89,94.48,94.85,596
2013.07.24,22:00,94.86,94.99,94.55,94.97,1274
2013.07.25,16:00,94.68,95.07,94.41,94.90,959
2013.07.25,17:00,94.91,94.97,94.60,94.86,1020
2013.07.25,18:00,94.85,94.87,94.63,94.71,682
2013.07.25,19:00,94.70,95.29,94.68,95.13,931
2013.07.25,20:00,95.15,95.21,95.00,95.12,574
2013.07.25,21:00,95.11,95.19,94.74,94.77,762
2013.07.25,22:00,94.76,95.29,94.76,94.98,1858
2013.07.26,16:00,94.76,94.85,94.36,94.50,911
2013.07.26,17:00,94.48,94.69,93.93,93.96,1377
2013.07.26,18:00,93.97,94.25,93.83,94.25,871
2013.07.26,19:00,94.26,94.32,94.16,94.22,458
2013.07.26,20:00,94.23,94.51,94.22,94.43,461
2013.07.26,21:00,94.44,94.54,94.32,94.43,609
2013.07.26,22:00,94.44,94.81,94.40,94.75,1460
2013.07.29,16:00,94.47,94.51,94.02,94.05,835
2013.07.29,17:00,94.06,94.12,93.85,93.97,1046
2013.07.29,18:00,93.98,94.01,93.74,93.81,678
2013.07.29,19:00,93.80,93.87,93.60,93.75,674
2013.07.29,20:00,93.76,93.91,93.73,93.81,494
2013.07.29,21:00,93.82,94.13,93.82,94.07,529
2013.07.29,22:00,94.08,94.14,93.93,94.05,1014
2013.07.30,16:00,94.21,94.32,93.74,93.80,825
2013.07.30,17:00,93.81,93.89,93.69,93.78,881
2013.07.30,18:00,93.77,93.77,93.56,93.64,1096
2013.07.30,19:00,93.65,93.70,93.53,93.64,674
2013.07.30,20:00,93.65,93.70,93.45,93.62,695
2013.07.30,21:00,93.61,93.91,93.57,93.88,714
2013.07.30,22:00,93.89,93.99,93.77,93.85,1467
2013.07.31,16:00,93.92,94.14,93.53,93.96,1087
2013.07.31,17:00,93.97,94.59,93.90,94.40,1300
2013.07.31,18:00,94.41,94.42,94.00,94.05,850
2013.07.31,19:00,94.03,94.11,93.89,93.91,676
2013.07.31,20:00,93.92,93.93,93.70,93.73,786
2013.07.31,21:00,93.74,94.15,93.49,94.03,2054
2013.07.31,22:00,94.04,94.04,93.37,93.74,4076
2013.08.01,16:00,92.69,93.04,91.89,92.08,3639
2013.08.01,17:00,92.07,92.41,91.70,91.75,3756
2013.08.01,18:00,91.74,91.85,91.24,91.74,2061
2013.08.01,19:00,91.73,92.14,91.72,92.08,951
2013.08.01,20:00,92.07,92.24,91.86,92.24,1165
2013.08.01,21:00,92.23,92.67,92.23,92.38,1246
2013.08.01,22:00,92.39,92.81,92.19,92.70,2781
2013.08.02,16:00,92.45,92.52,91.80,91.86,1120
2013.08.02,17:00,91.87,91.98,91.70,91.76,1463
2013.08.02,18:00,91.77,91.79,91.48,91.54,1167
2013.08.02,19:00,91.53,91.76,91.43,91.47,938
2013.08.02,20:00,91.46,91.59,91.38,91.57,768
2013.08.02,21:00,91.58,91.66,91.33,91.65,959
2013.08.02,22:00,91.66,91.95,91.57,91.92,2016
2013.08.05,16:00,91.41,91.53,91.02,91.18,1086
2013.08.05,17:00,91.17,91.32,91.07,91.12,1308
2013.08.05,18:00,91.13,91.24,91.10,91.14,810
2013.08.05,19:00,91.13,91.21,91.09,91.13,587
2013.08.05,20:00,91.12,91.16,91.00,91.11,676
2013.08.05,21:00,91.10,91.51,91.09,91.45,1117
2013.08.05,22:00,91.46,91.75,91.43,91.59,1738
2013.08.06,16:00,91.34,91.90,91.34,91.75,586
2013.08.06,17:00,91.76,91.78,91.35,91.46,796
2013.08.06,18:00,91.45,91.65,91.45,91.48,614
2013.08.06,19:00,91.47,91.60,91.29,91.52,603
2013.08.06,20:00,91.54,91.56,91.37,91.40,623
2013.08.06,21:00,91.41,91.46,91.27,91.39,726
2013.08.06,22:00,91.40,91.50,91.29,91.45,1477
2013.08.07,16:00,91.17,91.53,91.17,91.36,980
2013.08.07,17:00,91.37,91.39,91.14,91.24,1132
2013.08.07,18:00,91.23,91.33,91.14,91.32,692
2013.08.07,19:00,91.33,91.53,91.25,91.40,810
2013.08.07,20:00,91.41,91.44,91.24,91.35,564
2013.08.07,21:00,91.36,91.42,91.17,91.18,531
2013.08.07,22:00,91.17,91.47,91.16,91.37,1469
2013.08.08,16:00,91.92,91.96,91.71,91.76,859
2013.08.08,17:00,91.75,91.77,91.31,91.50,1340
2013.08.08,18:00,91.49,91.53,91.28,91.30,920
2013.08.08,19:00,91.29,91.59,91.27,91.57,785
2013.08.08,20:00,91.58,91.61,91.46,91.52,598
2013.08.08,21:00,91.51,91.65,91.47,91.58,616
2013.08.08,22:00,91.57,91.85,91.54,91.76,1674
2013.08.09,16:00,91.19,91.35,90.99,91.19,865
2013.08.09,17:00,91.20,91.25,90.80,90.84,1083
2013.08.09,18:00,90.86,90.87,90.42,90.59,1072
2013.08.09,19:00,90.58,90.71,90.49,90.53,629
2013.08.09,20:00,90.52,90.81,90.45,90.75,867
2013.08.09,21:00,90.74,90.90,90.58,90.68,935
2013.08.09,22:00,90.69,90.77,90.55,90.67,1439
2013.08.12,16:00,90.42,90.42,89.96,90.02,1290
2013.08.12,17:00,90.01,90.23,89.97,90.10,1361
2013.08.12,18:00,90.08,90.15,89.80,89.86,850
2013.08.12,19:00,89.85,90.04,89.77,89.92,794
2013.08.12,20:00,89.91,89.96,89.78,89.88,599
2013.08.12,21:00,89.87,89.90,89.71,89.75,873
2013.08.12,22:00,89.74,89.99,89.68,89.89,1303
2013.08.13,16:00,89.84,89.91,89.14,89.24,1267
2013.08.13,17:00,89.23,89.52,89.13,89.34,1587
2013.08.13,18:00,89.33,89.43,89.18,89.24,1094
2013.08.13,19:00,89.25,89.61,89.21,89.51,993
2013.08.13,20:00,89.52,89.68,89.43,89.58,760
2013.08.13,21:00,89.59,89.63,89.40,89.45,754
2013.08.13,22:00,89.46,89.63,89.39,89.42,1234
2013.08.14,16:00,89.33,89.47,89.16,89.30,941
2013.08.14,17:00,89.31,89.40,89.03,89.14,1063
2013.08.14,18:00,89.13,89.21,89.04,89.08,923
2013.08.14,19:00,89.07,89.17,89.00,89.07,706
2013.08.14,20:00,89.08,89.15,88.92,89.01,755
2013.08.14,21:00,89.00,89.07,88.89,89.02,701
2013.08.14,22:00,89.03,89.28,88.95,88.96,1420
2013.08.15,16:00,88.67,88.86,88.34,88.41,1390
2013.08.15,17:00,88.42,88.57,88.19,88.35,1403
2013.08.15,18:00,88.36,88.73,88.33,88.51,1001
2013.08.15,19:00,88.52,88.69,88.38,88.38,610
2013.08.15,20:00,88.39,88.45,88.14,88.24,903
2013.08.15,21:00,88.25,88.39,88.05,88.27,896
2013.08.15,22:00,88.28,88.38,88.12,88.17,1736
2013.08.16,16:00,88.00,88.41,87.97,88.27,1183
2013.08.16,17:00,88.26,88.39,88.12,88.39,1159
2013.08.16,18:00,88.38,88.48,88.03,88.10,1004
2013.08.16,19:00,88.09,88.10,87.80,87.91,807
2013.08.16,20:00,87.90,87.93,87.69,87.77,839
2013.08.16,21:00,87.78,87.88,87.64,87.85,814
2013.08.16,22:00,87.86,88.11,87.79,87.90,1660
2013.08.19,16:00,87.80,87.86,87.48,87.71,1127
2013.08.19,17:00,87.70,87.77,87.50,87.57,1334
2013.08.19,18:00,87.58,87.59,87.28,87.44,932
2013.08.19,19:00,87.45,87.46,87.29,87.38,662
2013.08.19,20:00,87.37,87.38,86.86,87.11,942
2013.08.19,21:00,87.10,87.17,86.92,86.99,996
2013.08.19,22:00,87.00,87.08,86.77,86.86,1761
2013.08.20,16:00,87.12,87.29,86.84,87.15,1231
2013.08.20,17:00,87.14,87.77,87.11,87.70,1958
2013.08.20,18:00,87.69,87.86,87.55,87.60,919
2013.08.20,19:00,87.61,87.63,87.40,87.54,708
2013.08.20,20:00,87.53,87.57,87.35,87.40,812
2013.08.20,21:00,87.39,87.48,87.22,87.29,883
2013.08.20,22:00,87.28,87.29,86.82,86.83,1577
2013.08.21,16:00,86.94,87.08,86.64,86.98,1270
2013.08.21,17:00,86.99,87.21,86.82,86.95,1353
2013.08.21,18:00,86.94,86.97,86.75,86.88,902
2013.08.21,19:00,86.89,87.07,86.83,87.03,638
2013.08.21,20:00,87.04,87.05,86.88,86.97,446
2013.08.21,21:00,86.98,87.34,86.56,87.13,2063
2013.08.21,22:00,87.14,87.16,86.38,86.40,1991
2013.08.22,16:00,86.55,87.02,86.44,86.98,1102
2013.08.22,17:00,86.99,87.40,86.92,87.18,1348
2013.08.22,18:00,87.19,87.32,87.04,87.26,841
2013.08.22,19:00,87.25,87.36,86.98,87.00,628
2013.08.22,20:00,87.01,87.18,86.98,87.13,379
2013.08.22,21:00,87.12,87.17,86.93,87.00,503
2013.08.22,22:00,86.99,87.32,86.88,86.98,1609
2013.08.23,16:00,87.13,87.15,86.80,86.87,832
2013.08.23,17:00,86.84,87.46,86.75,87.41,1214
2013.08.23,18:00,87.42,87.45,87.15,87.16,660
2013.08.23,19:00,87.17,87.45,87.15,87.39,665
2013.08.23,20:00,87.40,87.44,87.32,87.40,480
2013.08.23,21:00,87.41,87.49,87.34,87.41,652
2013.08.23,22:00,87.40,87.67,87.34,87.51,1786
2013.08.26,16:00,87.48,87.68,87.40,87.51,748
2013.08.26,17:00,87.50,87.68,87.44,87.45,940
2013.08.26,18:00,87.44,87.49,87.25,87.35,647
2013.08.26,19:00,87.34,87.38,87.22,87.25,423
2013.08.26,20:00,87.26,87.33,87.09,87.14,529
2013.08.26,21:00,87.13,87.21,87.10,87.12,563
2013.08.26,22:00,87.14,87.22,86.80,87.06,2371
2013.08.27,16:00,86.60,87.46,86.56,87.28,1698
2013.08.27,17:00,87.27,87.36,86.90,87.20,1478
2013.08.27,18:00,87.22,87.36,87.18,87.26,1013
2013.08.27,19:00,87.25,87.27,86.88,86.89,927
2013.08.27,20:00,86.88,87.15,86.80,87.09,836
2013.08.27,21:00,87.08,87.13,86.90,87.08,903
2013.08.27,22:00,87.09,87.15,86.81,86.82,2031
2013.08.28,16:00,87.26,87.94,87.26,87.87,1248
2013.08.28,17:00,87.85,88.51,87.85,88.46,2077
2013.08.28,18:00,88.45,88.74,88.36,88.70,1388
2013.08.28,19:00,88.71,88.73,88.46,88.53,818
2013.08.28,20:00,88.54,88.60,88.46,88.55,735
2013.08.28,21:00,88.54,88.70,88.47,88.53,1110
2013.08.28,22:00,88.52,88.97,88.47,88.83,2672
2013.08.29,16:00,88.61,88.61,88.05,88.07,988
2013.08.29,17:00,88.06,88.17,87.85,87.86,1257
2013.08.29,18:00,87.85,88.08,87.83,87.94,871
2013.08.29,19:00,87.95,87.95,87.58,87.69,633
2013.08.29,20:00,87.68,87.69,87.31,87.36,925
2013.08.29,21:00,87.35,87.50,87.31,87.32,716
2013.08.29,22:00,87.33,87.55,87.21,87.23,1921
2013.08.30,16:00,87.37,87.53,87.16,87.42,1018
2013.08.30,17:00,87.41,87.47,87.05,87.06,1068
2013.08.30,18:00,87.05,87.13,86.88,86.92,845
2013.08.30,19:00,86.91,87.10,86.89,87.06,573
2013.08.30,20:00,87.07,87.27,86.82,87.09,892
2013.08.30,21:00,87.08,87.26,86.98,87.20,581
2013.08.30,22:00,87.19,87.24,86.77,87.02,2084
2013.09.03,16:00,87.68,87.98,87.54,87.62,941
2013.09.03,17:00,87.61,87.86,87.51,87.56,1010
2013.09.03,18:00,87.55,87.63,87.15,87.43,990
2013.09.03,19:00,87.42,87.52,87.02,87.12,846
2013.09.03,20:00,87.11,87.14,86.88,86.92,710
2013.09.03,21:00,86.93,87.04,86.81,86.90,778
2013.09.03,22:00,86.91,87.12,86.88,87.09,1466
2013.09.04,16:00,86.99,87.19,86.88,87.07,800
2013.09.04,17:00,87.08,87.56,86.94,87.54,979
2013.09.04,18:00,87.55,87.95,87.49,87.94,931
2013.09.04,19:00,87.95,87.96,87.81,87.86,687
2013.09.04,20:00,87.87,87.93,87.74,87.78,599
2013.09.04,21:00,87.77,87.91,87.71,87.89,632
2013.09.04,22:00,87.88,87.94,87.66,87.81,1389
2013.09.05,16:00,88.04,88.28,87.85,88.26,950
2013.09.05,17:00,88.27,88.27,87.59,87.72,1196
2013.09.05,18:00,87.71,87.82,87.45,87.54,1024
2013.09.05,19:00,87.53,87.68,87.51,87.55,602
2013.09.05,20:00,87.54,87.74,87.50,87.69,617
2013.09.05,21:00,87.67,87.79,87.51,87.52,604
2013.09.05,22:00,87.53,87.53,87.31,87.33,1788
2013.09.06,16:00,87.47,87.64,86.79,86.87,1383
2013.09.06,17:00,86.88,87.20,86.78,87.09,1595
2013.09.06,18:00,87.07,87.61,87.07,87.47,1192
2013.09.06,19:00,87.46,87.59,87.26,87.38,544
2013.09.06,20:00,87.39,87.71,87.38,87.57,887
2013.09.06,21:00,87.58,87.70,87.52,87.58,817
2013.09.06,22:00,87.57,87.61,87.15,87.21,1719
2013.09.09,16:00,87.32,87.68,87.29,87.68,950
2013.09.09,17:00,87.67,88.02,87.67,87.78,1212
2013.09.09,18:00,87.77,87.89,87.66,87.83,744
2013.09.09,19:00,87.84,88.01,87.82,87.89,463
2013.09.09,20:00,87.88,88.01,87.83,88.00,460
2013.09.09,21:00,88.01,88.17,87.99,88.08,680
2013.09.09,22:00,88.07,88.15,87.92,88.02,1665
2013.09.10,16:00,88.38,88.38,87.33,87.43,1204
2013.09.10,17:00,87.45,87.75,87.41,87.50,1051
2013.09.10,18:00,87.51,87.55,87.26,87.28,1014
2013.09.10,19:00,87.29,87.66,87.26,87.64,760
2013.09.10,20:00,87.65,87.70,87.54,87.63,472
2013.09.10,21:00,87.64,87.70,87.55,87.68,567
2013.09.10,22:00,87.67,87.85,87.59,87.85,1356
2013.09.11,16:00,87.95,88.22,87.89,88.05,905
2013.09.11,17:00,88.04,88.35,88.03,88.35,1041
2013.09.11,18:00,88.34,88.82,88.24,88.70,1138
2013.09.11,19:00,88.69,88.80,88.61,88.74,746
2013.09.11,20:00,88.73,88.81,88.67,88.75,673
2013.09.11,21:00,88.76,88.78,88.59,88.61,848
2013.09.11,22:00,88.60,88.82,88.39,88.82,1629
2013.09.12,16:00,88.60,88.78,88.06,88.09,909
2013.09.12,17:00,88.08,88.37,88.07,88.26,865
2013.09.12,18:00,88.25,88.32,88.11,88.22,938
2013.09.12,19:00,88.21,88.23,88.11,88.18,701
2013.09.12,20:00,88.17,88.20,87.99,88.10,610
2013.09.12,21:00,88.09,88.12,87.93,87.99,692
2013.09.12,22:00,88.00,88.03,87.84,87.96,1416
2013.09.13,16:00,88.13,88.71,88.13,88.52,1202
2013.09.13,17:00,88.53,88.71,88.43,88.63,938
2013.09.13,18:00,88.64,88.84,88.61,88.73,665
2013.09.13,19:00,88.74,88.86,88.60,88.61,524
2013.09.13,20:00,88.60,88.65,88.42,88.47,443
2013.09.13,21:00,88.46,88.49,88.30,88.34,515
2013.09.13,22:00,88.33,88.42,88.21,88.39,1080
2013.09.16,16:00,88.86,89.16,88.61,88.87,1229
2013.09.16,17:00,88.86,89.13,88.70,88.83,1411
2013.09.16,18:00,88.82,88.99,88.79,88.87,752
2013.09.16,19:00,88.86,89.11,88.81,88.82,754
2013.09.16,20:00,88.83,88.87,88.70,88.81,478
2013.09.16,21:00,88.80,88.81,88.50,88.58,637
2013.09.16,22:00,88.57,88.75,88.47,88.65,1263
2013.09.17,16:00,88.69,89.32,88.63,89.24,1120
2013.09.17,17:00,89.25,89.33,89.05,89.06,856
2013.09.17,18:00,89.07,89.21,89.01,89.11,736
2013.09.17,19:00,89.12,89.19,88.99,89.17,614
2013.09.17,20:00,89.18,89.23,89.13,89.20,517
2013.09.17,21:00,89.19,89.22,89.07,89.09,525
2013.09.17,22:00,89.10,89.18,88.96,88.97,1160
2013.09.18,16:00,88.89,89.24,88.73,88.80,937
2013.09.18,17:00,88.79,88.87,88.50,88.67,1018
2013.09.18,18:00,88.68,88.77,88.52,88.58,745
2013.09.18,19:00,88.57,88.59,88.35,88.42,788
2013.09.18,20:00,88.41,88.59,88.41,88.51,859
2013.09.18,21:00,88.53,89.85,88.53,89.82,2486
2013.09.18,22:00,89.81,89.84,89.28,89.53,1790
2013.09.19,16:00,89.62,89.63,89.14,89.47,1507
2013.09.19,17:00,89.48,89.72,89.39,89.46,1202
2013.09.19,18:00,89.47,89.48,89.05,89.13,1292
2013.09.19,19:00,89.12,89.32,89.11,89.15,800
2013.09.19,20:00,89.14,89.33,88.96,89.23,868
2013.09.19,21:00,89.22,89.34,89.15,89.32,676
2013.09.19,22:00,89.31,89.35,89.18,89.23,2032
2013.09.20,16:00,89.51,89.73,89.26,89.73,1163
2013.09.20,17:00,89.72,89.73,89.41,89.61,1240
2013.09.20,18:00,89.60,89.68,89.42,89.47,902
2013.09.20,19:00,89.46,89.52,89.40,89.45,575
2013.09.20,20:00,89.44,89.48,89.02,89.03,580
2013.09.20,21:00,89.04,89.14,88.84,88.91,862
2013.09.20,22:00,88.90,88.92,88.57,88.74,1772
2013.09.23,16:00,88.23,88.89,88.21,88.29,1319
2013.09.23,17:00,88.30,88.39,88.13,88.17,1346
2013.09.23,18:00,88.18,88.25,88.00,88.03,1015
2013.09.23,19:00,88.04,88.09,87.82,87.90,663
2013.09.23,20:00,87.91,87.93,87.80,87.90,523
2013.09.23,21:00,87.91,87.93,87.73,87.77,1047
2013.09.23,22:00,87.78,87.79,87.62,87.75,3024
2013.09.24,16:00,87.58,87.89,87.49,87.82,1222
2013.09.24,17:00,87.81,87.94,87.65,87.82,1478
2013.09.24,18:00,87.83,87.96,87.82,87.92,844
2013.09.24,19:00,87.91,88.01,87.89,87.93,733
2013.09.24,20:00,87.92,88.05,87.83,88.01,568
2013.09.24,21:00,88.00,88.01,87.72,87.76,602
2013.09.24,22:00,87.75,87.76,87.26,87.34,2435
2013.09.25,16:00,87.57,87.58,87.20,87.43,838
2013.09.25,17:00,87.44,87.45,87.04,87.08,1623
2013.09.25,18:00,87.09,87.34,87.07,87.18,1062
2013.09.25,19:00,87.19,87.22,86.99,87.07,1078
2013.09.25,20:00,87.06,87.15,86.91,87.02,1071
2013.09.25,21:00,87.03,87.42,87.03,87.34,1018
2013.09.25,22:00,87.35,87.49,87.02,87.12,1693
2013.09.26,16:00,87.38,87.43,87.10,87.30,803
2013.09.26,17:00,87.29,87.43,87.01,87.08,1281
2013.09.26,18:00,87.07,87.13,86.90,87.09,860
2013.09.26,19:00,87.10,87.22,87.04,87.12,643
2013.09.26,20:00,87.11,87.17,86.93,86.97,637
2013.09.26,21:00,86.96,86.98,86.79,86.86,878
2013.09.26,22:00,86.85,87.07,86.84,87.06,1400
2013.09.27,16:00,86.83,86.98,86.66,86.83,990
2013.09.27,17:00,86.82,86.83,86.59,86.69,1121
2013.09.27,18:00,86.68,86.90,86.59,86.80,832
2013.09.27,19:00,86.79,86.86,86.61,86.81,750
2013.09.27,20:00,86.82,86.84,86.75,86.83,503
2013.09.27,21:00,86.82,86.87,86.69,86.82,713
2013.09.27,22:00,86.81,86.99,86.69,86.87,1688
2013.09.30,16:00,86.12,86.12,85.59,85.77,1315
2013.09.30,17:00,85.78,86.13,85.70,85.98,1308
2013.09.30,18:00,85.99,86.12,85.88,86.07,837
2013.09.30,19:00,86.08,86.37,86.02,86.26,688
2013.09.30,20:00,86.27,86.68,86.27,86.48,965
2013.09.30,21:00,86.49,86.67,86.31,86.31,959
2013.09.30,22:00,86.30,86.31,85.82,86.01,2603
2013.10.01,16:00,85.97,86.12,85.76,85.86,1216
2013.10.01,17:00,85.87,86.27,85.77,86.25,1332
2013.10.01,18:00,86.26,86.32,86.07,86.20,735
2013.10.01,19:00,86.19,86.25,86.11,86.20,558
2013.10.01,20:00,86.19,86.24,86.13,86.14,564
2013.10.01,21:00,86.13,86.13,85.91,86.03,771
2013.10.01,22:00,86.02,86.02,85.76,86.02,1579
2013.10.02,16:00,85.75,85.79,85.43,85.64,1143
2013.10.02,17:00,85.63,85.73,85.26,85.61,1344
2013.10.02,18:00,85.62,85.96,85.60,85.86,884
2013.10.02,19:00,85.87,86.09,85.82,85.99,775
2013.10.02,20:00,86.00,86.07,85.92,85.94,660
2013.10.02,21:00,85.93,86.05,85.83,85.89,733
2013.10.02,22:00,85.87,86.05,85.79,86.03,1366
2013.10.03,16:00,86.02,86.02,85.49,85.61,884
2013.10.03,17:00,85.62,85.81,85.45,85.54,1364
2013.10.03,18:00,85.53,85.66,85.38,85.45,1157
2013.10.03,19:00,85.46,85.52,85.32,85.49,1155
2013.10.03,20:00,85.48,85.74,85.41,85.68,856
2013.10.03,21:00,85.69,85.74,85.40,85.68,1060
2013.10.03,22:00,85.67,85.73,85.45,85.48,1667
2013.10.04,16:00,86.29,86.34,85.66,85.77,1620
2013.10.04,17:00,85.78,86.16,85.77,85.84,1187
2013.10.04,18:00,85.83,85.94,85.70,85.91,988
2013.10.04,19:00,85.90,86.15,85.88,86.15,599
2013.10.04,20:00,86.14,86.28,86.09,86.10,712
2013.10.04,21:00,86.09,86.40,86.09,86.32,687
2013.10.04,22:00,86.31,86.40,86.04,86.28,1375
2013.10.07,16:00,85.55,85.64,85.25,85.43,1192
2013.10.07,17:00,85.44,85.96,85.43,85.95,833
2013.10.07,18:00,85.94,86.16,85.80,86.12,875
2013.10.07,19:00,86.11,86.12,85.88,85.94,803
2013.10.07,20:00,85.95,86.21,85.93,86.21,579
2013.10.07,21:00,86.20,86.27,86.06,86.19,734
2013.10.07,22:00,86.18,86.22,85.89,85.97,1534
2013.10.08,16:00,85.84,85.90,85.67,85.88,924
2013.10.08,17:00,85.89,85.89,85.63,85.81,1431
2013.10.08,18:00,85.80,85.93,85.48,85.61,1448
2013.10.08,19:00,85.62,85.71,85.49,85.70,1120
2013.10.08,20:00,85.71,85.79,85.53,85.74,1165
2013.10.08,21:00,85.75,85.84,85.62,85.74,1524
2013.10.08,22:00,85.73,85.90,85.45,85.50,2610
2013.10.09,16:00,85.33,85.49,85.21,85.48,895
2013.10.09,17:00,85.47,85.57,84.91,84.96,1441
2013.10.09,18:00,84.97,85.17,84.81,85.08,1138
2013.10.09,19:00,85.09,85.16,84.87,84.91,985
2013.10.09,20:00,84.92,85.38,84.92,85.32,932
2013.10.09,21:00,85.33,85.50,85.19,85.48,1211
2013.10.09,22:00,85.49,85.56,85.04,85.15,1989
2013.10.10,16:00,85.50,85.56,84.81,84.96,1484
2013.10.10,17:00,84.95,85.21,84.83,84.87,1390
2013.10.10,18:00,84.90,85.11,84.77,85.11,1585
2013.10.10,19:00,85.12,85.17,85.05,85.09,746
2013.10.10,20:00,85.10,85.33,85.01,85.29,688
2013.10.10,21:00,85.28,85.48,85.19,85.42,818
2013.10.10,22:00,85.41,85.98,85.41,85.98,2750
2013.10.11,16:00,85.88,86.58,85.48,86.58,887
2013.10.11,17:00,86.57,86.61,86.29,86.43,1003
2013.10.11,18:00,86.44,86.64,86.26,86.62,949
2013.10.11,19:00,86.61,86.78,86.58,86.76,839
2013.10.11,20:00,86.75,86.92,86.70,86.81,826
2013.10.11,21:00,86.80,86.89,86.70,86.74,628
2013.10.11,22:00,86.73,86.92,86.66,86.91,1815
2013.10.14,16:00,86.49,87.00,86.49,86.84,727
2013.10.14,17:00,86.85,86.98,86.66,86.76,876
2013.10.14,18:00,86.77,87.05,86.71,87.04,578
2013.10.14,19:00,87.03,87.22,86.95,87.19,620
2013.10.14,20:00,87.20,87.44,87.16,87.24,698
2013.10.14,21:00,87.25,87.61,87.20,87.53,1000
2013.10.14,22:00,87.52,87.72,87.36,87.60,1508
2013.10.15,16:00,87.45,87.56,86.78,86.97,1354
2013.10.15,17:00,86.96,87.31,86.75,86.94,1363
2013.10.15,18:00,86.93,87.38,86.80,87.37,1224
2013.10.15,19:00,87.36,87.51,87.23,87.32,788
2013.10.15,20:00,87.31,87.35,87.11,87.25,589
2013.10.15,21:00,87.26,87.33,86.62,86.92,1334
2013.10.15,22:00,86.93,87.18,86.70,86.77,1837
2013.10.16,16:00,87.46,87.84,87.09,87.79,1150
2013.10.16,17:00,87.78,87.84,87.11,87.36,1643
2013.10.16,18:00,87.35,87.52,87.26,87.42,1005
2013.10.16,19:00,87.43,87.46,87.12,87.22,879
2013.10.16,20:00,87.21,87.33,87.08,87.12,667
2013.10.16,21:00,87.11,87.14,86.78,86.79,834
2013.10.16,22:00,86.78,87.35,86.70,87.29,1738
2013.10.17,16:00,87.13,87.38,86.99,87.22,874
2013.10.17,17:00,87.21,87.38,87.04,87.08,1008
2013.10.17,18:00,87.09,87.30,87.03,87.17,874
2013.10.17,19:00,87.28,87.28,87.05,87.23,722
2013.10.17,20:00,87.22,87.25,87.01,87.07,663
2013.10.17,21:00,87.08,87.22,87.01,87.16,791
2013.10.17,22:00,87.17,87.47,87.10,87.43,2168
2013.10.18,16:00,87.67,87.72,87.28,87.58,934
2013.10.18,17:00,87.57,87.62,87.35,87.49,1029
2013.10.18,18:00,87.50,87.62,87.43,87.60,849
2013.10.18,19:00,87.59,87.72,87.52,87.54,608
2013.10.18,20:00,87.55,87.61,87.44,87.54,662
2013.10.18,21:00,87.53,87.59,87.45,87.48,564
2013.10.18,22:00,87.47,87.54,87.35,87.52,1855
2013.10.21,16:00,87.48,87.63,87.25,87.61,1025
2013.10.21,17:00,87.60,87.63,86.82,86.84,1510
2013.10.21,18:00,86.85,87.17,86.82,87.12,1021
2013.10.21,19:00,87.11,87.12,86.98,87.06,939
2013.10.21,20:00,87.08,87.16,87.06,87.14,536
2013.10.21,21:00,87.13,87.23,87.01,87.18,1131
2013.10.21,22:00,87.19,87.23,87.06,87.19,1411
2013.10.22,16:00,87.27,87.59,87.11,87.51,1013
2013.10.22,17:00,87.52,87.76,87.40,87.48,1431
2013.10.22,18:00,87.47,87.53,87.33,87.45,864
2013.10.22,19:00,87.44,87.48,87.22,87.48,571
2013.10.22,20:00,87.47,87.56,87.36,87.51,563
2013.10.22,21:00,87.50,87.98,87.48,87.90,1037
2013.10.22,22:00,87.91,88.13,87.90,87.97,1724
2013.10.23,16:00,87.60,87.60,87.03,87.05,1044
2013.10.23,17:00,87.06,87.25,86.93,87.12,1800
2013.10.23,18:00,87.11,87.39,87.08,87.19,1147
2013.10.23,19:00,87.18,87.23,86.98,87.23,606
2013.10.23,20:00,87.22,87.33,87.18,87.28,665
2013.10.23,21:00,87.27,87.58,87.21,87.57,993
2013.10.23,22:00,87.58,87.63,87.35,87.59,1860
2013.10.24,16:00,87.96,88.28,87.95,88.10,1351
2013.10.24,17:00,88.12,88.41,88.08,88.28,1573
2013.10.24,18:00,88.29,88.53,88.21,88.37,1215
2013.10.24,19:00,88.38,88.57,88.31,88.54,670
2013.10.24,20:00,88.53,88.68,88.39,88.68,801
2013.10.24,21:00,88.67,88.71,88.59,88.68,821
2013.10.24,22:00,88.69,88.69,88.40,88.42,1453
2013.10.25,16:00,88.24,88.57,88.14,88.43,872
2013.10.25,17:00,88.44,88.63,88.16,88.18,1238
2013.10.25,18:00,88.17,88.27,87.91,87.95,933
2013.10.25,19:00,87.96,88.00,87.80,87.94,554
2013.10.25,20:00,87.95,88.08,87.82,87.86,477
2013.10.25,21:00,87.85,87.99,87.83,87.83,841
2013.10.25,22:00,87.84,88.12,87.82,87.95,2159
2013.10.28,15:00,87.78,87.91,87.59,87.87,970
2013.10.28,16:00,87.88,88.10,87.72,87.91,1269
2013.10.28,17:00,87.92,88.05,87.84,88.01,826
2013.10.28,18:00,88.02,88.18,87.99,88.15,541
2013.10.28,19:00,88.14,88.20,88.08,88.11,466
2013.10.28,20:00,88.12,88.44,88.10,88.42,788
2013.10.28,21:00,88.41,88.41,88.03,88.20,2055
2013.10.29,15:00,88.43,89.01,88.43,88.48,1436
2013.10.29,16:00,88.46,88.71,88.42,88.69,1163
2013.10.29,17:00,88.70,88.89,88.68,88.86,970
2013.10.29,18:00,88.87,88.94,88.72,88.75,849
2013.10.29,19:00,88.74,88.82,88.66,88.81,649
2013.10.29,20:00,88.80,88.89,88.73,88.82,653
2013.10.29,21:00,88.83,88.91,88.60,88.91,1243
2013.10.30,15:00,88.95,89.01,88.75,88.80,913
2013.10.30,16:00,88.81,89.13,88.73,89.06,1574
2013.10.30,17:00,89.05,89.16,88.88,89.12,1253
2013.10.30,18:00,89.11,89.46,89.10,89.39,940
2013.10.30,19:00,89.38,89.44,89.05,89.16,920
2013.10.30,20:00,89.15,89.42,88.68,88.98,2511
2013.10.30,21:00,88.97,89.06,88.80,88.80,1938
2013.10.31,15:00,89.43,90.13,89.38,89.81,1946
2013.10.31,16:00,89.82,89.84,89.18,89.45,2562
2013.10.31,17:00,89.46,89.93,89.41,89.79,1121
2013.10.31,18:00,89.80,90.25,89.75,90.08,1432
2013.10.31,19:00,90.09,90.41,90.05,90.38,1087
2013.10.31,20:00,90.39,90.54,90.23,90.30,1167
2013.10.31,21:00,90.29,90.54,89.24,89.68,3174
2013.11.01,15:00,89.72,89.85,89.33,89.43,1191
2013.11.01,16:00,89.42,89.70,89.11,89.43,1715
2013.11.01,17:00,89.44,89.46,88.25,88.45,2375
2013.11.01,18:00,88.46,88.74,88.29,88.72,1258
2013.11.01,19:00,88.71,89.18,88.56,89.15,1163
2013.11.01,20:00,89.16,89.43,89.05,89.32,1242
2013.11.01,21:00,89.31,90.02,89.26,89.92,3242
2013.11.04,16:00,89.98,90.92,89.98,90.89,1216
2013.11.04,17:00,90.88,91.13,90.79,90.94,1639
2013.11.04,18:00,90.93,91.02,90.63,90.91,1528
2013.11.04,19:00,90.92,91.34,90.84,91.20,1293
2013.11.04,20:00,91.19,91.81,91.15,91.81,1414
2013.11.04,21:00,91.80,92.05,91.76,91.93,1557
2013.11.04,22:00,91.98,92.25,91.97,92.10,1267
2013.11.05,16:00,91.33,92.65,91.22,92.65,1996
2013.11.05,17:00,92.64,93.23,92.55,93.07,2784
2013.11.05,18:00,93.08,93.13,92.53,92.64,1536
2013.11.05,19:00,92.65,92.73,92.16,92.29,999
2013.11.05,20:00,92.28,92.42,92.09,92.12,1043
2013.11.05,21:00,92.11,92.21,91.82,91.94,1036
2013.11.05,22:00,91.93,92.00,91.71,91.90,1736
2013.11.06,16:00,92.40,92.67,92.10,92.65,1061
2013.11.06,17:00,92.66,93.04,92.65,92.94,1750
2013.11.06,18:00,92.95,93.20,92.71,93.00,1620
2013.11.06,19:00,93.01,93.26,93.00,93.08,1157
2013.11.06,20:00,93.09,93.21,93.08,93.14,885
2013.11.06,21:00,93.15,93.23,93.10,93.20,824
2013.11.06,22:00,93.21,93.23,93.04,93.18,1779
2013.11.07,16:00,92.66,92.84,92.48,92.57,1529
2013.11.07,17:00,92.56,92.80,92.18,92.73,2334
2013.11.07,18:00,92.72,92.81,92.37,92.65,1620
2013.11.07,19:00,92.64,92.96,92.64,92.87,882
2013.11.07,20:00,92.86,92.93,92.27,92.31,1073
2013.11.07,21:00,92.30,92.31,92.05,92.20,1298
2013.11.07,22:00,92.19,92.21,91.74,92.00,2024
2013.11.08,16:00,91.78,91.98,91.46,91.70,1416
2013.11.08,17:00,91.69,92.26,91.57,92.21,1675
2013.11.08,18:00,92.23,92.51,92.04,92.37,1218
2013.11.08,19:00,92.36,92.58,92.36,92.42,1070
2013.11.08,20:00,92.41,92.49,92.12,92.31,1126
2013.11.08,21:00,92.30,92.64,92.28,92.33,1046
2013.11.08,22:00,92.34,92.79,92.16,92.68,2258
2013.11.11,16:00,92.81,93.21,92.48,92.96,1117
2013.11.11,17:00,92.97,93.03,92.64,92.72,1016
2013.11.11,18:00,92.71,92.75,92.56,92.68,604
2013.11.11,19:00,92.67,92.96,92.64,92.85,558
2013.11.11,20:00,92.86,92.92,92.77,92.77,522
2013.11.11,21:00,92.76,92.80,92.68,92.79,500
2013.11.11,22:00,92.78,92.98,92.65,92.93,1417
2013.11.12,16:00,92.64,92.92,92.48,92.84,855
2013.11.12,17:00,92.85,93.30,92.85,92.98,1240
2013.11.12,18:00,92.99,93.06,92.71,92.93,1231
2013.11.12,19:00,92.95,92.96,92.70,92.85,682
2013.11.12,20:00,92.84,92.84,92.55,92.63,751
2013.11.12,21:00,92.64,92.74,92.48,92.69,808
2013.11.12,22:00,92.70,92.79,92.55,92.66,1198
2013.11.13,16:00,92.20,92.56,92.19,92.56,857
2013.11.13,17:00,92.57,92.72,92.37,92.49,1092
2013.11.13,18:00,92.50,92.51,92.17,92.22,730
2013.11.13,19:00,92.21,92.41,92.12,92.36,596
2013.11.13,20:00,92.37,92.47,92.17,92.36,537
2013.11.13,21:00,92.37,92.41,92.05,92.08,663
2013.11.13,22:00,92.09,92.63,92.09,92.58,1407
2013.11.14,16:00,92.66,93.02,92.66,92.92,792
2013.11.14,17:00,92.91,93.05,92.73,92.99,1051
2013.11.14,18:00,92.97,93.40,92.94,93.19,1061
2013.11.14,19:00,93.31,93.36,93.16,93.31,610
2013.11.14,20:00,93.30,93.37,93.23,93.30,479
2013.11.14,21:00,93.31,93.38,93.17,93.23,503
2013.11.14,22:00,93.24,93.37,93.16,93.20,1095
2013.11.15,16:00,94.11,94.78,94.10,94.31,2528
2013.11.15,17:00,94.32,94.41,94.10,94.28,1746
2013.11.15,18:00,94.29,94.37,94.01,94.17,1389
2013.11.15,19:00,94.16,94.36,94.14,94.33,790
2013.11.15,20:00,94.32,94.76,94.28,94.73,896
2013.11.15,21:00,94.74,94.96,94.73,94.88,1096
2013.11.15,22:00,94.87,95.27,94.87,95.24,2398
2013.11.18,16:00,95.96,95.96,95.48,95.51,1607
2013.11.18,17:00,95.52,95.75,95.43,95.74,1413
2013.11.18,18:00,95.75,95.80,95.51,95.52,1048
2013.11.18,19:00,95.51,95.59,95.34,95.48,795
2013.11.18,20:00,95.49,95.63,95.41,95.48,762
2013.11.18,21:00,95.49,95.60,95.40,95.45,1160
2013.11.18,22:00,95.44,95.50,95.04,95.39,2692
2013.11.19,16:00,95.38,95.57,95.21,95.42,1122
2013.11.19,17:00,95.43,95.71,95.20,95.68,1826
2013.11.19,18:00,95.69,95.77,95.40,95.40,1028
2013.11.19,19:00,95.41,95.52,95.29,95.36,807
2013.11.19,20:00,95.37,95.42,95.14,95.17,966
2013.11.19,21:00,95.18,95.62,95.17,95.54,1159
2013.11.19,22:00,95.53,95.68,95.29,95.39,1750
2013.11.20,16:00,95.73,95.93,95.00,95.27,1184
2013.11.20,17:00,95.26,95.58,95.15,95.29,1550
2013.11.20,18:00,95.28,95.30,94.87,95.02,829
2013.11.20,19:00,95.01,95.21,94.99,95.10,678
2013.11.20,20:00,95.08,95.14,94.97,95.01,511
2013.11.20,21:00,94.98,94.98,94.36,94.66,2105
2013.11.20,22:00,94.67,94.77,94.37,94.66,1944
2013.11.21,16:00,94.83,95.20,94.83,95.18,996
2013.11.21,17:00,95.19,95.37,95.06,95.06,1197
2013.11.21,18:00,95.07,95.37,94.96,95.03,835
2013.11.21,19:00,95.04,95.04,94.76,94.87,680
2013.11.21,20:00,94.88,95.01,94.79,94.88,729
2013.11.21,21:00,94.89,94.96,94.76,94.84,684
2013.11.21,22:00,94.85,94.91,94.61,94.67,1856
2013.11.22,16:00,94.93,94.97,94.27,94.45,977
2013.11.22,17:00,94.43,94.85,94.37,94.58,1178
2013.11.22,18:00,94.57,94.95,94.50,94.90,729
2013.11.22,19:00,94.91,94.93,94.71,94.79,569
2013.11.22,20:00,94.78,94.88,94.76,94.83,510
2013.11.22,21:00,94.84,94.89,94.70,94.86,687
2013.11.22,22:00,94.85,95.04,94.81,94.97,1683
2013.11.25,16:00,95.19,95.42,94.82,95.22,1131
2013.11.25,17:00,95.23,95.73,95.15,95.54,1507
2013.11.25,18:00,95.55,95.59,95.12,95.19,924
2013.11.25,19:00,95.18,95.20,95.00,95.07,522
2013.11.25,20:00,95.06,95.12,94.98,95.07,591
2013.11.25,21:00,95.06,95.23,94.98,95.02,606
2013.11.25,22:00,95.03,95.12,94.81,95.11,1560
2013.11.26,16:00,94.73,94.79,94.26,94.51,1226
2013.11.26,17:00,94.50,94.61,94.20,94.60,840
2013.11.26,18:00,94.59,94.68,94.32,94.38,984
2013.11.26,19:00,94.37,94.62,94.36,94.54,585
2013.11.26,20:00,94.53,94.72,94.50,94.68,579
2013.11.26,21:00,94.67,94.71,94.49,94.63,573
2013.11.26,22:00,94.64,94.70,94.13,94.25,1770
2013.11.27,16:00,94.29,94.32,93.99,93.99,722
2013.11.27,17:00,94.00,94.07,93.80,93.88,892
2013.11.27,18:00,93.89,94.24,93.88,93.89,668
2013.11.27,19:00,93.90,93.92,93.46,93.49,803
2013.11.27,20:00,93.48,93.74,93.48,93.67,578
2013.11.27,21:00,93.68,93.94,93.59,93.83,590
2013.11.27,22:00,93.84,93.89,93.70,93.78,1172
2013.11.29,16:00,93.62,94.02,93.47,93.92,907
2013.11.29,17:00,93.93,94.16,93.82,94.14,726
2013.11.29,18:00,94.13,94.20,94.00,94.09,544
2013.11.29,19:00,94.08,94.10,93.28,93.42,1822
2013.12.02,16:00,93.24,93.44,92.90,93.37,1117
2013.12.02,17:00,93.35,93.81,93.26,93.69,1170
2013.12.02,18:00,93.70,93.97,93.64,93.94,632
2013.12.02,19:00,93.95,94.02,93.86,93.96,458
2013.12.02,20:00,93.95,93.97,93.70,93.72,412
2013.12.02,21:00,93.73,93.75,93.51,93.55,629
2013.12.02,22:00,93.54,93.66,93.33,93.50,1512
2013.12.03,16:00,93.58,94.12,93.21,94.10,1174
2013.12.03,17:00,94.11,94.16,93.87,94.09,1363
2013.12.03,18:00,94.10,94.17,93.90,94.11,1013
2013.12.03,19:00,94.10,94.12,93.96,94.06,523
2013.12.03,20:00,94.05,94.13,93.94,94.03,841
2013.12.03,21:00,94.04,94.34,93.99,94.29,1113
2013.12.03,22:00,94.28,94.46,94.15,94.36,2025
2013.12.04,16:00,94.17,94.26,93.90,94.15,1429
2013.12.04,17:00,94.14,94.72,94.14,94.61,1319
2013.12.04,18:00,94.60,94.61,94.20,94.28,769
2013.12.04,19:00,94.29,94.50,94.13,94.45,851
2013.12.04,20:00,94.46,94.48,94.13,94.24,1338
2013.12.04,21:00,94.25,94.39,94.15,94.26,893
2013.12.04,22:00,94.25,94.88,94.18,94.63,1376
2013.12.05,16:00,94.02,94.48,93.90,94.48,1133
2013.12.05,17:00,94.47,94.63,94.01,94.18,1353
2013.12.05,18:00,94.17,94.36,94.11,94.35,979
2013.12.05,19:00,94.36,94.58,94.23,94.27,710
2013.12.05,20:00,94.28,94.32,94.06,94.12,666
2013.12.05,21:00,94.11,94.25,93.99,94.11,714
2013.12.05,22:00,94.12,94.40,94.05,94.11,1305
2013.12.06,16:00,94.96,95.05,94.58,94.70,1053
2013.12.06,17:00,94.72,95.10,94.72,94.93,1436
2013.12.06,18:00,94.92,95.04,94.87,94.91,912
2013.12.06,19:00,94.92,95.10,94.84,95.05,707
2013.12.06,20:00,95.04,95.42,95.00,95.39,898
2013.12.06,21:00,95.40,95.50,95.33,95.41,906
2013.12.06,22:00,95.42,95.69,95.17,95.62,1881
2013.12.09,16:00,95.93,96.22,95.58,96.11,1408
2013.12.09,17:00,96.12,96.23,95.78,96.02,1321
2013.12.09,18:00,96.01,96.13,95.83,95.91,751
2013.12.09,19:00,95.90,96.02,95.87,95.89,746
2013.12.09,20:00,95.90,96.17,95.88,95.96,835
2013.12.09,21:00,95.95,96.06,95.82,95.83,662
2013.12.09,22:00,95.82,95.98,95.73,95.84,1603
2013.12.10,16:00,95.88,95.95,95.49,95.57,834
2013.12.10,17:00,95.58,95.78,95.56,95.69,1013
2013.12.10,18:00,95.68,95.73,95.43,95.46,935
2013.12.10,19:00,95.45,95.72,95.37,95.59,949
2013.12.10,20:00,95.58,95.61,95.45,95.55,570
2013.12.10,21:00,95.54,95.66,95.45,95.63,525
2013.12.10,22:00,95.64,95.88,95.63,95.71,1103
2013.12.11,16:00,95.36,95.52,94.66,94.96,1502
2013.12.11,17:00,94.94,95.51,94.64,94.67,1637
2013.12.11,18:00,94.66,94.70,94.46,94.57,864
2013.12.11,19:00,94.58,94.65,94.25,94.56,721
2013.12.11,20:00,94.57,94.81,94.44,94.80,564
2013.12.11,21:00,94.79,94.84,94.56,94.68,712
2013.12.11,22:00,94.67,94.68,94.15,94.22,1806
2013.12.12,16:00,94.48,94.93,94.42,94.68,1559
2013.12.12,17:00,94.67,94.77,94.34,94.43,1645
2013.12.12,18:00,94.42,94.53,94.30,94.41,870
2013.12.12,19:00,94.42,94.61,94.27,94.51,749
2013.12.12,20:00,94.52,94.76,94.40,94.74,1067
2013.12.12,21:00,94.75,95.63,94.74,95.29,1545
2013.12.12,22:00,95.30,95.86,95.20,95.34,2326
2013.12.13,16:00,95.15,95.38,94.64,95.31,1043
2013.12.13,17:00,95.32,95.90,95.29,95.59,1255
2013.12.13,18:00,95.60,95.65,95.27,95.33,930
2013.12.13,19:00,95.32,95.45,95.15,95.34,572
2013.12.13,20:00,95.35,95.46,95.26,95.34,533
2013.12.13,21:00,95.33,95.38,95.01,95.22,652
2013.12.13,22:00,95.23,95.48,95.19,95.29,1459
2013.12.16,16:00,96.26,98.38,96.11,98.20,4389
2013.12.16,17:00,98.21,98.86,97.78,98.00,3862
2013.12.16,18:00,98.01,98.04,97.40,98.00,2338
2013.12.16,19:00,97.99,98.23,97.89,97.89,1335
2013.12.16,20:00,97.90,97.90,97.54,97.77,1257
2013.12.16,21:00,97.76,97.90,97.39,97.41,1142
2013.12.16,22:00,97.42,97.53,97.20,97.22,2248
2013.12.17,16:00,97.01,97.11,96.55,96.94,1498
2013.12.17,17:00,96.93,96.99,96.18,96.28,1789
2013.12.17,18:00,96.29,96.30,96.01,96.13,1296
2013.12.17,19:00,96.14,96.50,96.03,96.50,847
2013.12.17,20:00,96.49,96.55,96.38,96.45,930
2013.12.17,21:00,96.46,96.75,96.42,96.56,1234
2013.12.17,22:00,96.55,96.81,96.50,96.73,1976
2013.12.18,16:00,97.41,97.63,97.17,97.61,1187
2013.12.18,17:00,97.60,97.90,97.38,97.90,1356
2013.12.18,18:00,97.89,97.95,97.58,97.63,1172
2013.12.18,19:00,97.62,97.93,97.46,97.79,1172
2013.12.18,20:00,97.78,97.98,97.49,97.64,1166
2013.12.18,21:00,97.65,99.42,96.99,99.15,4775
2013.12.18,22:00,99.16,99.93,98.92,99.80,4319
2013.12.19,16:00,99.48,99.58,99.11,99.17,1436
2013.12.19,17:00,99.18,99.38,99.03,99.28,1490
2013.12.19,18:00,99.29,99.32,99.00,99.16,1091
2013.12.19,19:00,99.15,99.30,99.00,99.25,793
2013.12.19,20:00,99.26,99.47,99.24,99.39,730
2013.12.19,21:00,99.38,99.41,99.28,99.38,702
2013.12.19,22:00,99.37,99.52,99.24,99.39,1732
2013.12.20,16:00,99.38,99.54,98.83,98.84,968
2013.12.20,17:00,98.85,99.18,98.62,99.05,1097
2013.12.20,18:00,99.06,99.08,98.78,98.82,814
2013.12.20,19:00,98.83,98.83,98.61,98.68,735
2013.12.20,20:00,98.69,98.89,98.69,98.76,628
2013.12.20,21:00,98.77,98.98,98.58,98.89,756
2013.12.20,22:00,98.90,99.10,98.61,98.79,2723
2013.12.23,16:00,98.98,99.27,98.95,99.01,1147
2013.12.23,17:00,99.02,99.03,98.55,98.68,1491
2013.12.23,18:00,98.67,98.86,98.65,98.83,797
2013.12.23,19:00,98.84,98.91,98.77,98.81,556
2013.12.23,20:00,98.80,98.84,98.62,98.80,719
2013.12.23,21:00,98.81,98.82,98.48,98.48,834
2013.12.23,22:00,98.49,98.65,98.37,98.50,1183
2013.12.24,16:00,98.31,99.18,98.31,99.16,699
2013.12.24,17:00,99.15,99.37,99.15,99.27,763
2013.12.24,18:00,99.26,99.38,99.21,99.35,552
2013.12.26,16:00,99.40,99.89,99.36,99.84,644
2013.12.26,17:00,99.85,100.21,99.79,100.14,839
2013.12.26,18:00,100.15,100.47,100.11,100.35,1204
2013.12.26,19:00,100.36,100.74,100.32,100.65,701
2013.12.26,20:00,100.64,100.89,100.56,100.85,630
2013.12.26,21:00,100.86,100.97,100.71,100.77,741
2013.12.26,22:00,100.78,101.01,100.75,100.89,1184
2013.12.27,16:00,101.22,101.63,101.08,101.42,1118
2013.12.27,17:00,101.41,101.62,101.07,101.07,1238
2013.12.27,18:00,101.09,101.45,100.97,101.33,1240
2013.12.27,19:00,101.32,101.67,101.24,101.44,678
2013.12.27,20:00,101.45,101.55,101.24,101.36,532
2013.12.27,21:00,101.37,101.48,101.32,101.46,610
2013.12.27,22:00,101.47,101.72,101.41,101.49,1266
2013.12.30,16:00,101.51,101.53,101.07,101.29,1041
2013.12.30,17:00,101.28,101.32,100.58,100.70,1130
2013.12.30,18:00,100.69,100.73,100.49,100.69,681
2013.12.30,19:00,100.70,100.71,100.43,100.67,650
2013.12.30,20:00,100.66,100.68,100.40,100.45,669
2013.12.30,21:00,100.44,100.70,100.43,100.64,578
2013.12.30,22:00,100.63,100.64,100.33,100.34,1303
2013.12.31,16:00,100.47,101.06,100.44,100.90,920
2013.12.31,17:00,100.89,101.33,100.63,100.67,1195
2013.12.31,18:00,100.68,100.99,100.68,100.79,829
2014.01.02,16:00,100.16,100.73,99.75,100.32,1888
2014.01.02,17:00,100.33,100.42,99.86,100.01,1600
2014.01.02,18:00,100.00,100.05,99.37,99.54,1320
2014.01.02,19:00,99.56,99.79,99.53,99.66,922
2014.01.02,20:00,99.67,99.70,99.46,99.66,790
2014.01.02,21:00,99.65,99.75,99.39,99.56,831
2014.01.02,22:00,99.55,99.97,99.50,99.75,1599
2014.01.03,16:00,99.69,100.15,99.64,99.91,1178
2014.01.03,17:00,99.92,99.99,99.71,99.89,1254
2014.01.03,18:00,99.90,99.96,99.21,99.29,1044
2014.01.03,19:00,99.30,99.47,99.28,99.36,668
2014.01.03,20:00,99.35,99.51,99.12,99.43,577
2014.01.03,21:00,99.45,99.77,99.36,99.66,860
2014.01.03,22:00,99.67,99.81,99.45,99.46,1350
2014.01.06,16:00,99.93,100.03,99.45,99.64,979
2014.01.06,17:00,99.63,100.12,99.52,99.52,1445
2014.01.06,18:00,99.53,99.65,99.18,99.27,1009
2014.01.06,19:00,99.28,99.29,98.88,99.12,892
2014.01.06,20:00,99.13,99.49,98.99,99.42,746
2014.01.06,21:00,99.43,99.80,99.42,99.70,839
2014.01.06,22:00,99.69,99.84,99.55,99.64,1521
2014.01.07,16:00,99.59,100.43,99.40,100.37,1037
2014.01.07,17:00,100.38,100.78,100.38,100.60,1386
2014.01.07,18:00,100.59,100.94,100.55,100.90,1135
2014.01.07,19:00,100.91,101.11,100.72,101.10,925
2014.01.07,20:00,101.09,101.20,100.86,100.89,1045
2014.01.07,21:00,100.88,101.09,100.77,100.96,840
2014.01.07,22:00,100.97,101.08,100.83,101.01,1826
2014.01.08,16:00,101.17,101.17,100.13,100.59,1179
2014.01.08,17:00,100.60,100.68,100.31,100.58,1455
2014.01.08,18:00,100.57,100.66,100.26,100.27,1109
2014.01.08,19:00,100.28,100.53,100.25,100.51,923
2014.01.08,20:00,100.50,100.54,100.37,100.48,751
2014.01.08,21:00,100.47,100.56,100.33,100.51,1332
2014.01.08,22:00,100.50,100.85,100.34,100.73,1501
2014.01.09,16:00,100.18,100.36,99.87,100.03,1429
2014.01.09,17:00,100.04,100.28,99.61,99.68,1673
2014.01.09,18:00,99.67,99.81,99.46,99.78,1441
2014.01.09,19:00,99.77,99.82,99.55,99.82,873
2014.01.09,20:00,99.81,99.87,99.15,99.18,1015
2014.01.09,21:00,99.20,99.67,99.01,99.59,1051
2014.01.09,22:00,99.60,99.91,99.47,99.75,1750
2014.01.10,16:00,99.97,100.11,99.30,99.35,1407
2014.01.10,17:00,99.36,99.56,99.14,99.31,1563
2014.01.10,18:00,99.30,99.41,99.10,99.27,1072
2014.01.10,19:00,99.28,99.63,99.21,99.53,772
2014.01.10,20:00,99.52,99.67,99.48,99.56,545
2014.01.10,21:00,99.55,100.13,99.50,100.05,915
2014.01.10,22:00,100.04,100.61,100.04,100.51,2110
2014.01.13,16:00,99.89,100.08,99.64,99.75,988
2014.01.13,17:00,99.76,99.93,99.56,99.60,1191
2014.01.13,18:00,99.59,99.63,99.30,99.31,1061
2014.01.13,19:00,99.32,99.35,98.81,98.82,1331
2014.01.13,20:00,98.81,98.98,98.58,98.84,1189
2014.01.13,21:00,98.83,98.90,98.26,98.46,1228
2014.01.13,22:00,98.45,98.61,98.25,98.49,2361
2014.01.14,16:00,98.78,99.16,98.73,98.76,917
2014.01.14,17:00,98.77,99.24,98.75,99.22,1039
2014.01.14,18:00,99.23,99.24,98.63,98.74,873
2014.01.14,19:00,98.75,99.08,98.74,98.89,806
2014.01.14,20:00,98.90,99.12,98.75,98.81,697
2014.01.14,21:00,98.82,98.99,98.69,98.84,646
2014.01.14,22:00,98.83,99.11,98.80,99.09,1346
2014.01.15,16:00,99.16,99.16,98.64,98.89,978
2014.01.15,17:00,98.91,99.28,98.69,98.74,1555
2014.01.15,18:00,98.73,99.06,98.63,98.85,1228
2014.01.15,19:00,98.86,99.22,98.85,99.19,662
2014.01.15,20:00,99.18,99.33,99.06,99.09,839
2014.01.15,21:00,99.08,99.13,98.88,99.00,633
2014.01.15,22:00,98.99,99.09,98.61,98.77,1275
2014.01.16,16:00,98.75,98.94,98.25,98.43,952
2014.01.16,17:00,98.44,98.52,98.23,98.31,1128
2014.01.16,18:00,98.30,98.57,98.24,98.46,795
2014.01.16,19:00,98.47,98.65,98.32,98.62,713
2014.01.16,20:00,98.61,98.94,98.56,98.77,765
2014.01.16,21:00,98.78,99.02,98.76,98.87,898
2014.01.16,22:00,98.86,98.96,98.74,98.93,1273
2014.01.17,16:00,99.16,99.23,98.66,98.97,1045
2014.01.17,17:00,98.96,99.88,98.86,99.86,1337
2014.01.17,18:00,99.87,100.13,99.84,100.08,1201
2014.01.17,19:00,100.09,100.32,100.01,100.03,866
2014.01.17,20:00,100.04,100.21,99.81,100.20,823
2014.01.17,21:00,100.19,100.23,99.66,99.72,1230
2014.01.17,22:00,99.73,99.78,99.12,99.14,2062
2014.01.21,16:00,98.55,98.67,98.13,98.58,1863
2014.01.21,17:00,98.57,98.59,98.29,98.48,1208
2014.01.21,18:00,98.47,98.50,98.06,98.18,1140
2014.01.21,19:00,98.19,98.49,98.02,98.48,747
2014.01.21,20:00,98.49,98.87,98.40,98.75,755
2014.01.21,21:00,98.76,98.76,98.33,98.39,784
2014.01.21,22:00,98.38,98.52,98.21,98.43,1366
2014.01.22,16:00,98.86,98.93,98.16,98.29,924
2014.01.22,17:00,98.30,98.45,98.08,98.13,1288
2014.01.22,18:00,98.12,98.23,97.93,97.98,930
2014.01.22,19:00,97.97,98.19,97.95,98.17,681
2014.01.22,20:00,98.18,98.28,97.82,97.82,852
2014.01.22,21:00,97.83,98.09,97.82,98.03,617
2014.01.22,22:00,98.04,98.18,97.88,97.89,1450
2014.01.23,16:00,96.99,97.37,96.83,96.91,1935
2014.01.23,17:00,96.92,97.24,96.63,96.69,1704
2014.01.23,18:00,96.70,96.79,96.30,96.63,1373
2014.01.23,19:00,96.64,96.81,96.10,96.11,1244
2014.01.23,20:00,96.10,96.39,95.99,96.06,1248
2014.01.23,21:00,96.05,96.69,96.03,96.66,939
2014.01.23,22:00,96.67,97.01,96.57,96.97,1936
2014.01.24,16:00,96.23,96.23,95.63,95.96,1174
2014.01.24,17:00,95.95,96.17,95.60,95.79,1687
2014.01.24,18:00,95.78,96.04,95.49,95.92,1561
2014.01.24,19:00,95.91,95.95,95.54,95.87,1337
2014.01.24,20:00,95.86,96.15,95.72,95.76,1170
2014.01.24,21:00,95.75,95.76,95.41,95.42,1269
2014.01.24,22:00,95.43,95.64,94.80,94.86,2353
2014.01.27,16:00,95.05,95.38,94.73,95.37,1300
2014.01.27,17:00,95.36,95.49,95.02,95.09,1986
2014.01.27,18:00,95.07,95.35,94.88,94.91,1529
2014.01.27,19:00,94.90,95.21,94.75,94.97,1444
2014.01.27,20:00,94.96,95.29,94.90,95.18,866
2014.01.27,21:00,95.17,95.56,95.13,95.54,994
2014.01.27,22:00,95.53,95.54,94.89,94.90,1651
2014.01.28,16:00,95.33,95.41,94.75,95.10,1180
2014.01.28,17:00,95.09,95.30,94.90,95.22,1106
2014.01.28,18:00,95.23,95.38,95.15,95.33,947
2014.01.28,19:00,95.32,95.79,95.27,95.50,719
2014.01.28,20:00,95.51,95.80,95.45,95.61,644
2014.01.28,21:00,95.62,95.66,95.44,95.60,611
2014.01.28,22:00,95.61,95.90,95.52,95.62,1225
2014.01.29,16:00,94.91,95.50,94.63,95.43,1404
2014.01.29,17:00,95.41,95.81,95.04,95.58,1843
2014.01.29,18:00,95.59,96.08,95.56,95.98,1517
2014.01.29,19:00,95.97,96.08,95.69,95.83,1151
2014.01.29,20:00,95.82,96.09,95.63,96.07,1149
2014.01.29,21:00,96.06,96.18,95.27,95.48,2755
2014.01.29,22:00,95.47,95.90,95.10,95.10,2813
2014.01.30,16:00,93.95,93.95,93.04,93.51,2586
2014.01.30,17:00,93.49,94.06,93.24,93.72,2448
2014.01.30,18:00,93.71,94.34,93.55,94.30,1361
2014.01.30,19:00,94.31,94.93,94.24,94.58,1831
2014.01.30,20:00,94.59,94.60,94.12,94.14,986
2014.01.30,21:00,94.15,94.18,93.88,93.95,840
2014.01.30,22:00,93.96,94.04,93.62,93.97,2158
2014.01.31,16:00,92.70,92.74,91.68,92.12,2908
2014.01.31,17:00,92.13,92.54,91.90,92.54,2427
2014.01.31,18:00,92.55,93.26,92.53,92.81,1651
2014.01.31,19:00,92.82,93.01,92.47,92.72,1174
2014.01.31,20:00,92.71,92.76,92.42,92.72,1041
2014.01.31,21:00,92.73,92.95,92.62,92.70,983
2014.01.31,22:00,92.69,92.72,91.94,92.10,2390
2014.02.03,16:00,91.76,92.29,91.48,91.79,2115
2014.02.03,17:00,91.78,91.78,91.02,91.09,2347
2014.02.03,18:00,91.10,91.13,90.52,90.56,1974
2014.02.03,19:00,90.57,90.75,90.27,90.45,1790
2014.02.03,20:00,90.46,90.63,90.33,90.50,1469
2014.02.03,21:00,90.49,90.53,90.16,90.22,1672
2014.02.03,22:00,90.21,90.34,89.62,90.04,3534
2014.02.04,16:00,90.34,90.59,90.16,90.35,2164
2014.02.04,17:00,90.32,90.42,89.68,89.81,2608
2014.02.04,18:00,89.80,90.11,89.48,89.86,1770
2014.02.04,19:00,89.84,89.98,89.58,89.92,1214
2014.02.04,20:00,89.93,89.93,89.37,89.45,972
2014.02.04,21:00,89.49,90.10,89.41,89.91,1347
2014.02.04,22:00,89.90,90.17,89.63,90.01,2240
2014.02.05,16:00,90.29,90.34,89.72,90.27,1592
2014.02.05,17:00,90.29,90.58,89.79,89.95,2849
2014.02.05,18:00,89.94,90.38,89.88,90.09,1421
2014.02.05,19:00,90.08,90.14,89.89,89.96,911
2014.02.05,20:00,89.97,90.20,89.58,89.83,978
2014.02.05,21:00,89.82,89.92,89.49,89.61,1014
2014.02.05,22:00,89.62,89.77,89.36,89.56,1807
2014.02.06,16:00,89.49,89.77,89.23,89.55,1711
2014.02.06,17:00,89.54,89.93,89.35,89.78,1885
2014.02.06,18:00,89.77,90.16,89.73,89.94,1348
2014.02.06,19:00,89.95,90.07,89.90,89.98,898
2014.02.06,20:00,89.99,90.05,89.77,89.88,872
2014.02.06,21:00,89.87,90.06,89.68,89.82,959
2014.02.06,22:00,89.83,89.87,89.49,89.71,2002
2014.02.07,16:00,90.09,90.34,89.87,90.06,1878
2014.02.07,17:00,90.07,90.27,89.81,89.88,1702
2014.02.07,18:00,89.87,90.06,89.73,89.95,830
2014.02.07,19:00,89.94,89.99,89.79,89.92,549
2014.02.07,20:00,89.93,90.10,89.82,89.94,792
2014.02.07,21:00,89.93,90.42,89.85,90.41,861
2014.02.07,22:00,90.42,90.61,90.31,90.53,1859
2014.02.10,16:00,90.43,90.43,89.68,89.71,1417
2014.02.10,17:00,89.72,90.11,89.66,89.76,1506
2014.02.10,18:00,89.75,89.78,89.55,89.61,1142
2014.02.10,19:00,89.59,89.76,89.54,89.63,797
2014.02.10,20:00,89.64,89.73,89.56,89.66,780
2014.02.10,21:00,89.65,89.79,89.54,89.54,1021
2014.02.10,22:00,89.55,89.59,89.34,89.49,1881
2014.02.11,16:00,89.54,89.98,89.38,89.78,1061
2014.02.11,17:00,89.80,90.19,89.64,90.18,1638
2014.02.11,18:00,90.19,90.71,90.19,90.53,1389
2014.02.11,19:00,90.54,90.57,90.30,90.50,812
2014.02.11,20:00,90.49,90.88,90.48,90.70,881
2014.02.11,21:00,90.71,90.93,90.64,90.89,817
2014.02.11,22:00,90.88,90.98,90.67,90.76,1602
2014.02.12,16:00,90.99,91.77,90.88,91.77,1245
2014.02.12,17:00,91.79,91.84,91.13,91.28,1505
2014.02.12,18:00,91.27,91.35,90.62,90.74,1211
2014.02.12,19:00,90.73,91.16,90.67,91.04,748
2014.02.12,20:00,91.03,91.22,90.94,91.12,604
2014.02.12,21:00,91.11,91.22,90.71,90.82,729
2014.02.12,22:00,90.81,91.11,90.78,91.09,1122
2014.02.13,16:00,90.57,90.72,90.38,90.72,799
2014.02.13,17:00,90.73,91.38,90.70,91.28,1046
2014.02.13,18:00,91.29,91.34,91.08,91.14,768
2014.02.13,19:00,91.13,91.41,91.05,91.38,674
2014.02.13,20:00,91.37,91.61,91.27,91.58,688
2014.02.13,21:00,91.59,91.63,91.30,91.39,774
2014.02.13,22:00,91.38,91.48,91.25,91.36,1278
2014.02.14,16:00,91.86,93.15,91.58,92.87,1458
2014.02.14,17:00,92.88,93.40,92.88,93.30,1743
2014.02.14,18:00,93.31,93.77,93.21,93.69,1675
2014.02.14,19:00,93.68,94.10,93.67,93.81,1351
2014.02.14,20:00,93.80,93.87,93.51,93.84,767
2014.02.14,21:00,93.85,94.41,93.83,94.29,1086
2014.02.14,22:00,94.28,94.28,93.78,94.09,1973
2014.02.18,16:00,94.05,94.70,93.78,94.08,1496
2014.02.18,17:00,94.11,94.11,93.34,93.47,1575
2014.02.18,18:00,93.48,94.30,93.47,94.10,1056
2014.02.18,19:00,94.11,94.13,93.84,94.11,868
2014.02.18,20:00,94.10,94.25,93.80,93.89,783
2014.02.18,21:00,93.88,94.15,93.84,93.97,803
2014.02.18,22:00,93.98,94.17,93.87,94.05,1469
2014.02.19,16:00,93.78,94.94,93.78,94.46,1317
2014.02.19,17:00,94.47,95.26,94.46,94.65,1347
2014.02.19,18:00,94.64,94.88,94.48,94.48,942
2014.02.19,19:00,94.49,94.68,94.43,94.65,958
2014.02.19,20:00,94.66,94.80,94.63,94.71,572
2014.02.19,21:00,94.70,94.87,94.48,94.62,1070
2014.02.19,22:00,94.61,94.63,93.87,93.92,1394
2014.02.20,16:00,93.83,94.57,93.73,94.45,819
2014.02.20,17:00,94.46,94.95,94.25,94.88,1261
2014.02.20,18:00,94.89,95.75,94.86,95.59,1284
2014.02.20,19:00,95.60,95.65,95.35,95.38,1045
2014.02.20,20:00,95.37,95.47,95.28,95.43,619
2014.02.20,21:00,95.44,95.65,95.26,95.63,830
2014.02.20,22:00,95.64,95.71,95.34,95.36,1748
2014.02.21,16:00,95.46,95.49,94.98,95.25,934
2014.02.21,17:00,95.26,95.40,94.92,95.10,1210
2014.02.21,18:00,95.12,95.39,95.09,95.32,883
2014.02.21,19:00,95.31,95.56,95.29,95.45,700
2014.02.21,20:00,95.44,95.51,95.36,95.37,569
2014.02.21,21:00,95.38,95.45,95.06,95.32,888
2014.02.21,22:00,95.33,95.46,94.97,95.02,1633
2014.02.24,16:00,95.59,96.64,95.39,96.61,1274
2014.02.24,17:00,96.62,96.81,96.33,96.74,1669
2014.02.24,18:00,96.75,97.14,96.63,96.95,1333
2014.02.24,19:00,96.94,97.23,96.94,96.95,979
2014.02.24,20:00,96.94,97.08,96.90,96.91,917
2014.02.24,21:00,96.92,97.08,96.78,96.98,1352
2014.02.24,22:00,96.99,96.99,96.37,96.38,1981
2014.02.25,16:00,96.52,96.65,95.94,96.14,1339
2014.02.25,17:00,96.13,96.54,96.07,96.36,1226
2014.02.25,18:00,96.37,96.76,96.31,96.38,909
2014.02.25,19:00,96.37,96.73,96.37,96.70,548
2014.02.25,20:00,96.71,96.95,96.68,96.81,546
2014.02.25,21:00,96.80,96.85,96.41,96.48,700
2014.02.25,22:00,96.49,96.49,96.10,96.29,1648
2014.02.26,16:00,96.54,96.84,95.96,96.01,923
2014.02.26,17:00,96.00,96.63,96.00,96.19,1491
2014.02.26,18:00,96.20,96.41,95.99,96.13,727
2014.02.26,19:00,96.14,96.34,96.09,96.28,596
2014.02.26,20:00,96.27,96.28,95.87,95.87,675
2014.02.26,21:00,95.88,95.97,95.52,95.82,850
2014.02.26,22:00,95.83,95.97,95.51,95.78,1358
2014.02.27,16:00,95.56,95.97,95.49,95.55,873
2014.02.27,17:00,95.57,95.94,95.49,95.50,1233
2014.02.27,18:00,95.51,95.76,95.16,95.23,943
2014.02.27,19:00,95.24,95.37,95.15,95.35,715
2014.02.27,20:00,95.36,95.66,95.27,95.61,595
2014.02.27,21:00,95.60,95.81,95.48,95.77,583
2014.02.27,22:00,95.76,96.03,95.64,95.85,1740
2014.02.28,16:00,95.94,96.72,95.76,96.71,1007
2014.02.28,17:00,96.70,96.81,96.46,96.68,1200
2014.02.28,18:00,96.67,96.70,96.25,96.51,897
2014.02.28,19:00,96.52,96.56,96.35,96.50,508
2014.02.28,20:00,96.49,96.55,96.37,96.51,580
2014.02.28,21:00,96.50,96.55,96.21,96.38,871
2014.02.28,22:00,96.39,96.39,95.82,96.26,2946
2014.03.03,16:00,95.74,96.52,95.56,96.15,1593
2014.03.03,17:00,96.16,96.35,95.81,96.14,1964
2014.03.03,18:00,96.15,96.16,95.35,95.37,1241
2014.03.03,19:00,95.36,95.62,95.09,95.22,1422
2014.03.03,20:00,95.21,95.42,95.11,95.35,677
2014.03.03,21:00,95.36,95.43,94.92,95.04,1064
2014.03.03,22:00,95.03,95.49,94.81,95.48,1784
2014.03.04,16:00,96.42,96.67,95.99,96.22,1124
2014.03.04,17:00,96.23,96.30,95.85,96.05,1245
2014.03.04,18:00,96.06,96.36,96.03,96.26,687
2014.03.04,19:00,96.25,96.54,96.20,96.49,806
2014.03.04,20:00,96.50,96.63,96.18,96.40,891
2014.03.04,21:00,96.41,96.63,96.29,96.53,866
2014.03.04,22:00,96.54,96.84,96.35,96.46,1911
2014.03.05,16:00,95.14,95.27,94.23,94.54,2415
2014.03.05,17:00,94.55,94.80,93.78,94.09,3077
2014.03.05,18:00,94.10,94.24,93.78,93.84,2132
2014.03.05,19:00,93.85,93.95,93.37,93.64,1681
2014.03.05,20:00,93.62,93.96,93.60,93.77,1121
2014.03.05,21:00,93.78,93.88,93.50,93.62,1038
2014.03.05,22:00,93.63,93.89,93.51,93.77,1766
2014.03.06,16:00,93.65,93.90,93.25,93.87,1244
2014.03.06,17:00,93.88,93.92,93.40,93.61,1443
2014.03.06,18:00,93.62,93.67,93.44,93.51,956
2014.03.06,19:00,93.52,93.67,93.33,93.43,692
2014.03.06,20:00,93.44,93.49,93.26,93.34,625
2014.03.06,21:00,93.33,93.74,93.30,93.61,719
2014.03.06,22:00,93.62,93.76,93.47,93.75,1810
2014.03.07,16:00,94.36,94.65,93.98,94.54,1564
2014.03.07,17:00,94.53,94.97,94.31,94.71,1978
2014.03.07,18:00,94.72,94.72,94.37,94.62,1189
2014.03.07,19:00,94.61,94.85,94.54,94.76,746
2014.03.07,20:00,94.75,94.80,94.57,94.75,771
2014.03.07,21:00,94.76,94.78,94.50,94.63,1080
2014.03.07,22:00,94.64,95.04,94.61,94.96,1604
2014.03.10,15:00,95.13,95.23,94.81,95.00,1098
2014.03.10,16:00,94.99,94.99,94.64,94.87,1469
2014.03.10,17:00,94.86,95.12,94.79,95.00,1035
2014.03.10,18:00,94.99,95.20,94.90,95.17,778
2014.03.10,19:00,95.18,95.23,94.93,95.09,582
2014.03.10,20:00,95.08,95.26,94.99,95.19,554
2014.03.10,21:00,95.20,95.53,95.17,95.51,1420
2014.03.11,15:00,95.34,95.57,94.84,94.84,928
2014.03.11,16:00,94.82,95.11,94.76,94.84,1194
2014.03.11,17:00,94.85,94.89,94.29,94.31,1054
2014.03.11,18:00,94.32,94.33,93.54,93.76,1507
2014.03.11,19:00,93.75,94.18,93.50,94.14,1027
2014.03.11,20:00,94.13,94.18,93.78,93.88,828
2014.03.11,21:00,93.87,94.10,93.71,93.99,1564
2014.03.12,15:00,93.62,94.03,93.53,93.90,1276
2014.03.12,16:00,93.89,94.12,93.56,93.98,1545
2014.03.12,17:00,93.99,94.45,93.90,93.94,930
2014.03.12,18:00,93.95,94.06,93.77,94.05,637
2014.03.12,19:00,94.06,94.06,93.80,93.96,497
2014.03.12,20:00,93.97,94.09,93.82,93.82,616
2014.03.12,21:00,93.81,94.20,93.66,94.20,1275
2014.03.13,15:00,94.43,94.55,93.78,93.80,899
2014.03.13,16:00,93.82,94.04,93.58,93.59,1266
2014.03.13,17:00,93.61,93.73,93.49,93.61,892
2014.03.13,18:00,93.62,93.71,93.39,93.57,944
2014.03.13,19:00,93.56,93.79,93.31,93.75,1122
2014.03.13,20:00,93.76,93.79,93.40,93.53,849
2014.03.13,21:00,93.54,93.85,93.44,93.63,1546
2014.03.14,15:00,93.56,93.88,93.39,93.71,1010
2014.03.14,16:00,93.69,94.20,93.69,93.97,1467
2014.03.14,17:00,93.96,94.01,93.39,93.86,1693
2014.03.14,18:00,93.87,93.96,93.57,93.76,975
2014.03.14,19:00,93.77,93.82,93.52,93.70,648
2014.03.14,20:00,93.69,93.75,93.27,93.31,761
2014.03.14,21:00,93.33,93.69,93.30,93.44,1514
2014.03.17,15:00,93.93,94.47,93.73,94.36,906
2014.03.17,16:00,94.35,94.51,94.01,94.18,1112
2014.03.17,17:00,94.17,94.34,93.86,93.99,803
2014.03.17,18:00,93.98,94.07,93.80,93.91,709
2014.03.17,19:00,93.90,94.08,93.78,94.03,449
2014.03.17,20:00,94.02,94.19,93.97,94.08,667
2014.03.17,21:00,94.07,94.31,94.05,94.29,1264
2014.03.18,15:00,94.39,94.97,94.05,94.97,896
2014.03.18,16:00,94.96,95.23,94.78,94.80,1164
2014.03.18,17:00,94.81,95.00,94.71,94.98,780
2014.03.18,18:00,94.99,95.09,94.83,94.96,736
2014.03.18,19:00,94.95,95.19,94.90,95.06,474
2014.03.18,20:00,95.07,95.10,94.71,94.74,595
2014.03.18,21:00,94.73,94.78,94.55,94.68,1200
2014.03.19,15:00,94.63,94.73,94.14,94.47,643
2014.03.19,16:00,94.50,95.02,94.38,94.55,838
2014.03.19,17:00,94.56,94.64,94.38,94.46,644
2014.03.19,18:00,94.47,94.78,94.46,94.75,503
2014.03.19,19:00,94.74,94.91,94.70,94.70,445
2014.03.19,20:00,94.69,94.70,93.76,94.13,2114
2014.03.19,21:00,94.12,94.19,93.11,93.71,2782
2014.03.20,15:00,93.42,93.73,93.04,93.73,889
2014.03.20,16:00,93.72,94.25,93.60,94.18,1108
2014.03.20,17:00,94.20,94.48,94.09,94.12,812
2014.03.20,18:00,94.11,94.58,94.08,94.53,723
2014.03.20,19:00,94.52,94.68,94.48,94.66,607
2014.03.20,20:00,94.67,94.72,94.34,94.45,542
2014.03.20,21:00,94.46,94.70,94.33,94.58,1312
2014.03.21,15:00,95.08,95.97,94.87,95.36,2117
2014.03.21,16:00,95.37,95.68,95.15,95.46,1515
2014.03.21,17:00,95.47,95.58,95.21,95.34,988
2014.03.21,18:00,95.33,95.45,94.88,94.99,805
2014.03.21,19:00,94.98,95.02,94.57,94.74,874
2014.03.21,20:00,94.73,94.96,94.51,94.90,904
2014.03.21,21:00,94.89,94.90,94.31,94.31,2288
2014.03.24,15:00,94.74,94.95,94.57,94.60,830
2014.03.24,16:00,94.61,95.07,94.46,94.88,1277
2014.03.24,17:00,94.87,94.99,94.71,94.82,1093
2014.03.24,18:00,94.81,95.00,94.70,94.90,901
2014.03.24,19:00,94.89,94.97,94.70,94.81,682
2014.03.24,20:00,94.82,94.89,94.56,94.70,734
2014.03.24,21:00,94.71,94.92,94.56,94.62,1555
2014.03.25,15:00,95.08,95.78,94.95,95.22,992
2014.03.25,16:00,95.23,95.25,94.93,94.95,1127
2014.03.25,17:00,94.94,95.07,94.78,95.03,1124
2014.03.25,18:00,95.02,95.06,94.79,94.96,794
2014.03.25,19:00,94.97,95.11,94.81,95.03,619
2014.03.25,20:00,95.04,95.12,94.91,94.98,640
2014.03.25,21:00,94.99,95.17,94.87,94.92,1327
2014.03.26,15:00,95.54,95.56,95.20,95.44,891
2014.03.26,16:00,95.43,95.53,95.06,95.16,1059
2014.03.26,17:00,95.17,95.26,94.81,95.01,838
2014.03.26,18:00,95.02,95.17,94.91,94.97,654
2014.03.26,19:00,94.96,94.98,94.39,94.47,1025
2014.03.26,20:00,94.46,94.79,94.44,94.73,798
2014.03.26,21:00,94.74,94.78,94.51,94.68,1438
2014.03.27,15:00,94.59,94.86,94.08,94.09,1363
2014.03.27,16:00,94.08,95.77,94.04,95.62,3260
2014.03.27,17:00,95.61,95.76,95.18,95.37,1433
2014.03.27,18:00,95.36,95.76,95.29,95.55,1001
2014.03.27,19:00,95.56,95.98,95.56,95.97,1074
2014.03.27,20:00,95.96,96.25,95.88,96.22,1043
2014.03.27,21:00,96.21,96.48,96.08,96.22,2279
2014.03.28,15:00,96.45,96.97,96.45,96.91,1340
2014.03.28,16:00,96.92,97.67,96.90,97.63,1737
2014.03.28,17:00,97.62,97.79,97.35,97.65,1252
2014.03.28,18:00,97.66,97.95,97.45,97.77,1197
2014.03.28,19:00,97.78,97.91,97.61,97.89,845
2014.03.28,20:00,97.87,97.88,97.34,97.48,1133
2014.03.28,21:00,97.47,97.75,97.28,97.68,1486
2014.03.31,16:00,98.48,98.83,98.27,98.53,1743
2014.03.31,17:00,98.54,98.61,98.10,98.30,1387
2014.03.31,18:00,98.29,98.33,97.52,97.54,1397
2014.03.31,19:00,97.55,97.88,97.55,97.59,798
2014.03.31,20:00,97.60,97.66,97.30,97.47,657
2014.03.31,21:00,97.46,97.73,97.45,97.60,773
2014.03.31,22:00,97.61,97.82,97.45,97.67,1653
2014.04.01,16:00,97.65,97.91,97.26,97.50,1138
2014.04.01,17:00,97.49,97.73,97.35,97.53,1291
2014.04.01,18:00,97.52,97.60,97.36,97.49,1024
2014.04.01,19:00,97.50,97.64,97.35,97.51,830
2014.04.01,20:00,97.50,97.55,97.38,97.42,665
2014.04.01,21:00,97.43,97.44,97.27,97.36,722
2014.04.01,22:00,97.37,97.76,97.29,97.71,1351
2014.04.02,16:00,97.51,97.86,97.16,97.38,1090
2014.04.02,17:00,97.37,97.74,97.30,97.67,1210
2014.04.02,18:00,97.66,97.78,97.56,97.77,916
2014.04.02,19:00,97.76,97.90,97.61,97.64,895
2014.04.02,20:00,97.63,97.66,97.28,97.42,842
2014.04.02,21:00,97.41,97.68,97.33,97.68,730
2014.04.02,22:00,97.69,98.04,97.65,97.93,1847
2014.04.03,16:00,97.81,98.32,97.54,98.26,1151
2014.04.03,17:00,98.27,98.35,97.91,98.14,1581
2014.04.03,18:00,98.15,98.52,98.12,98.37,1131
2014.04.03,19:00,98.36,98.52,98.34,98.38,781
2014.04.03,20:00,98.37,98.45,98.26,98.31,882
2014.04.03,21:00,98.30,98.41,97.92,97.99,1052
2014.04.03,22:00,97.98,98.14,97.86,97.89,1554
2014.04.04,16:00,98.30,98.30,97.67,97.70,1328
2014.04.04,17:00,97.71,98.61,97.65,98.57,1808
2014.04.04,18:00,98.58,98.69,98.33,98.61,1494
2014.04.04,19:00,98.60,98.65,98.33,98.37,1163
2014.04.04,20:00,98.36,98.43,97.46,97.51,1264
2014.04.04,21:00,97.52,97.61,97.29,97.55,1245
2014.04.04,22:00,97.54,97.66,97.26,97.38,2084
2014.04.07,16:00,97.19,97.51,96.83,97.23,1200
2014.04.07,17:00,97.24,97.26,96.84,96.97,1365
2014.04.07,18:00,96.96,97.05,96.76,96.83,1018
2014.04.07,19:00,96.82,97.12,96.78,96.94,972
2014.04.07,20:00,96.93,96.98,96.73,96.84,850
2014.04.07,21:00,96.83,97.16,96.83,97.10,1031
2014.04.07,22:00,97.09,97.12,96.76,96.76,1389
2014.04.08,16:00,96.99,97.53,96.73,97.49,982
2014.04.08,17:00,97.48,97.77,97.23,97.69,1552
2014.04.08,18:00,97.58,97.72,97.33,97.62,992
2014.04.08,19:00,97.63,97.67,97.37,97.43,800
2014.04.08,20:00,97.44,97.86,97.29,97.74,1009
2014.04.08,21:00,97.75,97.77,97.25,97.51,864
2014.04.08,22:00,97.50,97.72,97.32,97.43,1497
2014.04.09,16:00,97.73,97.77,96.61,96.61,1543
2014.04.09,17:00,96.62,97.06,96.61,96.81,1248
2014.04.09,18:00,96.80,97.24,96.80,97.21,817
2014.04.09,19:00,97.23,97.31,97.06,97.11,574
2014.04.09,20:00,97.12,97.14,96.89,97.00,449
2014.04.09,21:00,97.01,97.31,96.92,96.95,1016
2014.04.09,22:00,96.94,97.33,96.92,97.28,1464
2014.04.10,16:00,96.96,97.38,96.21,97.36,1451
2014.04.10,17:00,97.37,97.76,97.28,97.48,1657
2014.04.10,18:00,97.49,97.61,97.27,97.27,1021
2014.04.10,19:00,97.26,97.37,96.76,97.26,1594
2014.04.10,20:00,97.27,97.37,96.97,97.16,1209
2014.04.10,21:00,97.15,97.39,96.97,96.97,1304
2014.04.10,22:00,96.98,97.36,96.61,96.76,2735
2014.04.11,16:00,96.49,97.42,96.44,97.24,1472
2014.04.11,17:00,97.25,97.26,96.64,96.80,1793
2014.04.11,18:00,96.81,96.87,96.48,96.62,1272
2014.04.11,19:00,96.63,96.75,96.45,96.49,730
2014.04.11,20:00,96.48,96.52,96.26,96.42,814
2014.04.11,21:00,96.43,96.59,96.33,96.51,1037
2014.04.11,22:00,96.50,96.97,96.36,96.69,2845
2014.04.14,16:00,97.56,97.62,96.72,96.81,1284
2014.04.14,17:00,96.83,97.79,96.76,97.67,1540
2014.04.14,18:00,97.68,97.87,97.55,97.77,912
2014.04.14,19:00,97.78,98.04,97.69,97.85,689
2014.04.14,20:00,97.86,97.90,97.46,97.55,768
2014.04.14,21:00,97.54,97.68,97.35,97.54,768
2014.04.14,22:00,97.53,97.89,97.21,97.84,1996
2014.04.15,16:00,97.56,98.07,97.05,98.03,1265
2014.04.15,17:00,98.02,98.26,97.64,97.78,1910
2014.04.15,18:00,97.77,97.97,97.29,97.35,1973
2014.04.15,19:00,97.36,97.41,97.11,97.28,1373
2014.04.15,20:00,97.27,97.78,97.14,97.77,1534
2014.04.15,21:00,97.78,98.46,97.75,98.33,1890
2014.04.15,22:00,98.32,98.68,98.30,98.66,2354
2014.04.16,16:00,99.03,99.89,98.95,99.56,1812
2014.04.16,17:00,99.55,99.55,99.24,99.37,1390
2014.04.16,18:00,99.36,99.60,99.29,99.52,979
2014.04.16,19:00,99.53,99.57,99.35,99.41,753
2014.04.16,20:00,99.42,99.58,99.41,99.58,633
2014.04.16,21:00,99.59,99.89,99.44,99.87,869
2014.04.16,22:00,99.88,100.08,99.73,99.91,2103
2014.04.17,16:00,99.67,100.07,99.67,99.90,1184
2014.04.17,17:00,99.91,100.26,99.73,100.26,1477
2014.04.17,18:00,100.25,100.55,100.14,100.33,1229
2014.04.17,19:00,100.34,100.77,100.33,100.72,1186
2014.04.17,20:00,100.73,100.91,100.55,100.90,817
2014.04.17,21:00,100.91,100.95,100.49,100.62,1057
2014.04.17,22:00,100.63,100.82,100.37,100.40,1950
2014.04.21,16:00,100.01,100.34,99.87,100.22,858
2014.04.21,17:00,100.23,100.86,100.04,100.61,1265
2014.04.21,18:00,100.62,100.86,100.55,100.68,801
2014.04.21,19:00,100.69,100.87,100.62,100.65,650
2014.04.21,20:00,100.66,100.86,100.58,100.82,612
2014.04.21,21:00,100.83,100.86,100.63,100.74,562
2014.04.21,22:00,100.73,100.87,100.55,100.87,1180
2014.04.22,16:00,100.51,100.83,100.20,100.74,1394
2014.04.22,17:00,100.73,100.81,100.51,100.62,1226
2014.04.22,18:00,100.61,100.74,100.50,100.54,733
2014.04.22,19:00,100.55,100.77,100.51,100.58,587
2014.04.22,20:00,100.59,100.70,100.52,100.63,447
2014.04.22,21:00,100.64,100.66,100.41,100.50,556
2014.04.22,22:00,100.49,100.70,100.35,100.36,1090
2014.04.23,16:00,100.57,100.93,100.40,100.73,1053
2014.04.23,17:00,100.72,100.90,100.40,100.49,1173
2014.04.23,18:00,100.47,100.66,100.32,100.56,940
2014.04.23,19:00,100.57,100.73,100.52,100.69,689
2014.04.23,20:00,100.70,100.76,100.45,100.62,615
2014.04.23,21:00,100.61,100.65,100.31,100.47,706
2014.04.23,22:00,100.46,100.57,100.40,100.48,1182
2014.04.24,16:00,100.46,100.58,100.09,100.29,1191
2014.04.24,17:00,100.28,100.31,99.84,99.89,1473
2014.04.24,18:00,99.90,100.32,99.88,100.22,819
2014.04.24,19:00,100.23,100.32,100.14,100.29,635
2014.04.24,20:00,100.30,100.33,99.85,99.91,707
2014.04.24,21:00,99.92,100.05,99.84,100.04,659
2014.04.24,22:00,100.03,100.23,99.96,100.00,1190
2014.04.25,16:00,99.97,100.41,99.91,100.36,1069
2014.04.25,17:00,100.37,100.55,100.18,100.23,1568
2014.04.25,18:00,100.24,100.36,100.07,100.21,777
2014.04.25,19:00,100.22,100.38,100.11,100.26,642
2014.04.25,20:00,100.25,100.28,100.09,100.20,697
2014.04.25,21:00,100.19,100.34,100.09,100.16,925
2014.04.25,22:00,100.17,100.52,100.13,100.41,1282
2014.04.28,16:00,100.89,101.14,100.42,100.74,1192
2014.04.28,17:00,100.75,100.99,100.54,100.92,1085
2014.04.28,18:00,100.93,100.98,100.49,100.89,1203
2014.04.28,19:00,100.88,101.21,100.83,101.13,1007
2014.04.28,20:00,101.14,101.14,100.37,100.45,1193
2014.04.28,21:00,100.46,100.63,100.29,100.53,1060
2014.04.28,22:00,100.54,101.44,100.53,101.15,2255
2014.04.29,16:00,101.55,102.18,101.23,102.03,1141
2014.04.29,17:00,102.02,102.41,101.89,102.15,1513
2014.04.29,18:00,102.16,102.55,102.03,102.05,1237
2014.04.29,19:00,102.04,102.05,101.74,101.84,800
2014.04.29,20:00,101.85,101.90,101.40,101.51,848
2014.04.29,21:00,101.52,101.71,101.48,101.49,486
2014.04.29,22:00,101.50,101.65,101.35,101.42,1113
2014.04.30,16:00,101.11,101.42,100.69,100.93,1191
2014.04.30,17:00,100.94,101.29,100.86,100.86,1130
2014.04.30,18:00,100.87,101.02,100.78,100.99,892
2014.04.30,19:00,101.00,101.10,100.97,101.10,586
2014.04.30,20:00,101.11,101.40,101.08,101.26,624
2014.04.30,21:00,101.25,102.09,101.12,102.00,1324
2014.04.30,22:00,102.01,102.31,101.88,102.25,2913
2014.05.01,16:00,101.94,102.37,101.62,101.87,1766
2014.05.01,17:00,101.86,101.90,101.39,101.80,2076
2014.05.01,18:00,101.81,102.05,101.46,101.87,1815
2014.05.01,19:00,101.88,102.09,101.69,101.79,1040
2014.05.01,20:00,101.78,101.83,101.41,101.46,883
2014.05.01,21:00,101.47,101.61,101.37,101.59,951
2014.05.01,22:00,101.58,101.60,101.18,101.39,1561
2014.05.02,16:00,101.26,102.45,100.96,102.41,1571
2014.05.02,17:00,102.42,102.89,102.18,102.22,2164
2014.05.02,18:00,102.21,102.55,102.18,102.48,1111
2014.05.02,19:00,102.49,102.49,102.19,102.21,807
2014.05.02,20:00,102.20,102.44,102.12,102.24,922
2014.05.02,21:00,102.25,102.25,101.74,102.00,1118
2014.05.02,22:00,101.99,102.20,101.93,101.99,1355
2014.05.05,16:00,101.67,102.22,101.59,102.20,843
2014.05.05,17:00,102.19,102.95,102.16,102.94,1208
2014.05.05,18:00,102.95,103.11,102.78,102.93,928
2014.05.05,19:00,102.94,102.97,102.80,102.81,473
2014.05.05,20:00,102.82,102.91,102.68,102.68,553
2014.05.05,21:00,102.69,102.93,102.69,102.89,659
2014.05.05,22:00,102.90,103.05,102.83,102.89,1007
2014.05.06,16:00,102.58,103.00,102.40,102.66,1417
2014.05.06,17:00,102.67,103.13,102.64,102.80,1413
2014.05.06,18:00,102.79,103.15,102.71,103.13,915
2014.05.06,19:00,103.14,103.28,103.00,103.16,638
2014.05.06,20:00,103.15,103.15,102.76,102.91,875
2014.05.06,21:00,102.90,102.97,102.70,102.70,934
2014.05.06,22:00,102.71,102.79,102.59,102.65,1424
2014.05.07,16:00,103.10,103.43,103.03,103.15,1003
2014.05.07,17:00,103.17,103.26,102.77,103.06,1437
2014.05.07,18:00,103.07,103.42,103.01,103.34,1267
2014.05.07,19:00,103.33,103.41,103.14,103.28,814
2014.05.07,20:00,103.29,103.36,103.18,103.19,692
2014.05.07,21:00,103.18,103.36,103.10,103.20,737
2014.05.07,22:00,103.21,103.37,103.06,103.07,1371
2014.05.08,16:00,103.08,103.27,102.78,102.85,849
2014.05.08,17:00,102.86,102.90,102.63,102.71,1188
2014.05.08,18:00,102.72,102.72,102.38,102.55,821
2014.05.08,19:00,102.56,102.80,102.55,102.69,446
2014.05.08,20:00,102.70,102.74,102.40,102.70,620
2014.05.08,21:00,102.71,102.72,102.26,102.31,769
2014.05.08,22:00,102.30,102.54,102.15,102.30,1335
2014.05.09,16:00,101.68,102.14,101.68,101.97,1084
2014.05.09,17:00,101.98,102.00,101.24,101.45,1120
2014.05.09,18:00,101.44,101.76,101.42,101.54,704
2014.05.09,19:00,101.55,101.91,101.51,101.87,784
2014.05.09,20:00,101.86,101.97,101.71,101.87,579
2014.05.09,21:00,101.88,101.88,101.36,101.49,759
2014.05.09,22:00,101.50,101.96,101.50,101.96,1177
2014.05.12,16:00,102.33,102.33,101.78,102.03,1039
2014.05.12,17:00,102.04,102.23,101.55,101.56,1218
2014.05.12,18:00,101.55,101.90,101.51,101.88,812
2014.05.12,19:00,101.87,101.98,101.83,101.89,525
2014.05.12,20:00,101.88,102.03,101.86,101.98,505
2014.05.12,21:00,101.97,102.10,101.92,102.08,656
2014.05.12,22:00,102.07,102.28,102.00,102.20,1687
2014.05.13,16:00,102.16,102.27,101.92,102.21,739
2014.05.13,17:00,102.22,102.37,102.15,102.35,916
2014.05.13,18:00,102.36,102.62,102.10,102.61,789
2014.05.13,19:00,102.62,102.69,102.53,102.55,519
2014.05.13,20:00,102.56,102.56,102.36,102.38,688
2014.05.13,21:00,102.37,102.45,102.33,102.41,585
2014.05.13,22:00,102.42,102.45,102.27,102.34,928
2014.05.14,16:00,102.35,102.66,102.32,102.56,809
2014.05.14,17:00,102.55,102.56,102.32,102.36,833
2014.05.14,18:00,102.35,102.48,102.27,102.48,652
2014.05.14,19:00,102.47,102.59,102.41,102.55,649
2014.05.14,20:00,102.56,102.58,102.32,102.50,440
2014.05.14,21:00,102.51,102.52,102.18,102.25,639
2014.05.14,22:00,102.24,102.34,102.09,102.26,980
2014.05.15,16:00,101.99,102.40,101.76,101.87,1181
2014.05.15,17:00,101.86,102.01,101.17,101.24,1835
2014.05.15,18:00,101.26,101.26,100.74,100.77,1726
2014.05.15,19:00,100.76,100.89,100.31,100.77,1227
2014.05.15,20:00,100.76,100.83,100.45,100.65,784
2014.05.15,21:00,100.64,100.89,100.55,100.59,1012
2014.05.15,22:00,100.60,100.86,100.58,100.78,1851
2014.05.16,16:00,100.57,100.98,100.30,100.69,1255
2014.05.16,17:00,100.71,100.78,100.34,100.59,1288
2014.05.16,18:00,100.58,100.73,100.51,100.60,590
2014.05.16,19:00,100.61,100.68,100.52,100.63,335
2014.05.16,20:00,100.62,100.77,100.52,100.75,421
2014.05.16,21:00,100.76,100.87,100.53,100.86,510
2014.05.16,22:00,100.87,100.88,100.48,100.71,1301
2014.05.19,16:00,100.40,100.97,100.40,100.97,645
2014.05.19,17:00,100.96,101.08,100.72,100.79,810
2014.05.19,18:00,100.80,101.09,100.78,101.00,546
2014.05.19,19:00,101.01,101.05,100.74,100.83,440
2014.05.19,20:00,100.84,100.93,100.77,100.90,414
2014.05.19,21:00,100.91,100.95,100.77,100.80,458
2014.05.19,22:00,100.79,100.99,100.78,100.85,893
2014.05.20,16:00,100.67,100.91,100.59,100.84,661
2014.05.20,17:00,100.83,100.96,100.72,100.91,660
2014.05.20,18:00,100.93,101.06,100.67,100.71,484
2014.05.20,19:00,100.70,100.73,100.48,100.59,538
2014.05.20,20:00,100.58,100.66,100.43,100.58,608
2014.05.20,21:00,100.59,100.79,100.59,100.70,592
2014.05.20,22:00,100.69,100.85,100.60,100.65,1142
2014.05.21,16:00,100.83,101.36,100.70,101.33,835
2014.05.21,17:00,101.34,101.47,101.07,101.37,978
2014.05.21,18:00,101.36,101.44,101.28,101.29,636
2014.05.21,19:00,101.28,101.72,101.28,101.61,536
2014.05.21,20:00,101.62,101.83,101.57,101.75,492
2014.05.21,21:00,101.76,102.01,101.74,102.00,768
2014.05.21,22:00,101.99,102.20,101.96,102.02,1377
2014.05.22,16:00,101.79,101.94,101.48,101.49,793
2014.05.22,17:00,101.50,101.95,101.48,101.71,687
2014.05.22,18:00,101.72,101.83,101.65,101.70,466
2014.05.22,19:00,101.71,101.74,101.53,101.59,339
2014.05.22,20:00,101.61,101.67,101.50,101.54,344
2014.05.22,21:00,101.53,101.64,101.51,101.64,293
2014.05.22,22:00,101.63,101.63,101.45,101.51,867
2014.05.23,16:00,101.53,101.91,101.51,101.79,516
2014.05.23,17:00,101.80,101.88,101.59,101.74,622
2014.05.23,18:00,101.75,101.86,101.49,101.53,470
2014.05.23,19:00,101.52,101.54,101.39,101.43,372
2014.05.23,20:00,101.44,101.46,101.31,101.41,352
2014.05.23,21:00,101.42,101.42,101.25,101.29,426
2014.05.23,22:00,101.30,101.52,101.25,101.31,950
2014.05.27,16:00,101.61,101.88,101.43,101.66,680
2014.05.27,17:00,101.65,101.67,100.99,100.99,996
2014.05.27,18:00,101.00,101.10,100.91,101.06,661
2014.05.27,19:00,101.05,101.14,100.94,101.04,536
2014.05.27,20:00,101.03,101.33,101.01,101.19,553
2014.05.27,21:00,101.20,101.44,101.15,101.40,721
2014.05.27,22:00,101.41,101.56,101.30,101.35,1502
2014.05.28,16:00,101.21,102.05,101.21,101.76,928
2014.05.28,17:00,101.75,101.85,101.31,101.47,1202
2014.05.28,18:00,101.48,101.64,101.38,101.59,459
2014.05.28,19:00,101.60,101.75,101.55,101.56,530
2014.05.28,20:00,101.55,101.66,101.55,101.63,469
2014.05.28,21:00,101.62,101.64,101.40,101.42,545
2014.05.28,22:00,101.43,101.63,101.03,101.03,952
2014.05.29,16:00,101.52,101.63,101.21,101.37,693
2014.05.29,17:00,101.36,101.46,101.00,101.23,917
2014.05.29,18:00,101.24,101.45,101.20,101.33,447
2014.05.29,19:00,101.32,101.39,101.20,101.20,442
2014.05.29,20:00,101.21,101.28,101.17,101.23,372
2014.05.29,21:00,101.24,101.29,101.14,101.14,531
2014.05.29,22:00,101.15,101.30,101.11,101.24,1401
2014.05.30,16:00,100.78,101.13,100.35,100.52,1292
2014.05.30,17:00,100.54,100.87,100.43,100.60,948
2014.05.30,18:00,100.61,100.73,100.56,100.56,532
2014.05.30,19:00,100.55,100.57,100.38,100.47,546
2014.05.30,20:00,100.46,100.69,100.45,100.69,459
2014.05.30,21:00,100.68,100.79,100.58,100.58,531
2014.05.30,22:00,100.59,100.61,100.41,100.50,1277
2014.06.02,16:00,100.75,100.86,100.32,100.63,720
2014.06.02,17:00,100.61,100.61,100.08,100.31,1044
2014.06.02,18:00,100.32,100.48,100.23,100.24,621
2014.06.02,19:00,100.25,100.32,100.14,100.18,509
2014.06.02,20:00,100.19,100.29,100.09,100.18,430
2014.06.02,21:00,100.19,100.30,100.14,100.19,409
2014.06.02,22:00,100.18,100.20,99.65,99.92,1737
2014.06.03,16:00,99.57,100.30,99.57,100.12,685
2014.06.03,17:00,100.14,100.25,99.84,100.00,975
2014.06.03,18:00,99.98,100.46,99.98,100.43,642
2014.06.03,19:00,100.44,100.51,100.31,100.46,522
2014.06.03,20:00,100.47,100.67,100.45,100.63,482
2014.06.03,21:00,100.64,100.67,100.37,100.43,643
2014.06.03,22:00,100.44,100.50,100.30,100.36,1235
2014.06.04,16:00,100.19,100.38,99.98,100.37,618
2014.06.04,17:00,100.36,100.44,100.22,100.28,682
2014.06.04,18:00,100.29,100.31,100.02,100.06,614
2014.06.04,19:00,100.07,100.20,99.94,100.17,555
2014.06.04,20:00,100.16,100.27,100.10,100.24,430
2014.06.04,21:00,100.25,100.25,100.05,100.09,522
2014.06.04,22:00,100.08,100.17,99.94,99.95,1139
2014.06.05,16:00,100.08,100.65,100.07,100.34,915
2014.06.05,17:00,100.33,100.51,99.94,100.49,1271
2014.06.05,18:00,100.48,100.63,100.33,100.53,923
2014.06.05,19:00,100.54,100.70,100.51,100.69,561
2014.06.05,20:00,100.68,100.72,100.48,100.66,608
2014.06.05,21:00,100.65,100.81,100.57,100.62,542
2014.06.05,22:00,100.61,100.65,100.42,100.49,1382
2014.06.06,16:00,100.58,100.94,100.58,100.85,878
2014.06.06,17:00,100.86,101.29,100.76,101.28,854
2014.06.06,18:00,101.29,101.39,101.03,101.37,650
2014.06.06,19:00,101.38,101.48,101.26,101.43,469
2014.06.06,20:00,101.42,101.55,101.39,101.49,530
2014.06.06,21:00,101.48,101.61,101.41,101.49,505
2014.06.06,22:00,101.48,101.56,101.34,101.53,1200
2014.06.09,16:00,101.43,101.59,101.17,101.55,790
2014.06.09,17:00,101.56,101.85,101.55,101.80,674
2014.06.09,18:00,101.81,101.94,101.69,101.81,549
2014.06.09,19:00,101.80,101.83,101.64,101.74,370
2014.06.09,20:00,101.73,101.76,101.50,101.60,448
2014.06.09,21:00,101.59,101.60,101.29,101.37,685
2014.06.09,22:00,101.38,101.50,101.32,101.50,1058
2014.06.10,16:00,101.46,101.71,101.03,101.06,725
2014.06.10,17:00,101.07,101.27,101.07,101.16,774
2014.06.10,18:00,101.17,101.21,101.02,101.17,549
2014.06.10,19:00,101.18,101.20,100.98,101.08,525
2014.06.10,20:00,101.07,101.15,100.98,101.06,583
2014.06.10,21:00,101.05,101.37,101.01,101.36,696
2014.06.10,22:00,101.37,101.51,101.23,101.48,1413
2014.06.11,16:00,101.17,101.80,100.98,101.76,687
2014.06.11,17:00,101.77,102.31,101.43,101.53,1366
2014.06.11,18:00,101.54,101.96,101.53,101.95,1121
2014.06.11,19:00,101.94,102.10,101.80,101.83,745
2014.06.11,20:00,101.84,101.85,101.60,101.67,554
2014.06.11,21:00,101.66,101.93,101.62,101.92,718
2014.06.11,22:00,101.91,102.13,101.83,101.94,1394
2014.06.12,16:00,102.35,102.92,102.35,102.62,867
2014.06.12,17:00,102.61,102.72,102.35,102.62,991
2014.06.12,18:00,102.63,102.63,101.98,101.98,977
2014.06.12,19:00,101.99,102.48,101.89,102.27,891
2014.06.12,20:00,102.28,102.32,101.76,101.86,799
2014.06.12,21:00,101.85,102.05,101.75,101.76,721
2014.06.12,22:00,101.77,101.78,101.55,101.64,1614
2014.06.13,16:00,101.93,101.96,101.61,101.73,791
2014.06.13,17:00,101.71,102.27,101.61,102.20,1006
2014.06.13,18:00,102.21,102.59,102.15,102.54,859
2014.06.13,19:00,102.53,102.64,102.30,102.36,588
2014.06.13,20:00,102.35,102.43,102.11,102.11,393
2014.06.13,21:00,102.12,102.25,102.01,102.22,431
2014.06.13,22:00,102.23,102.62,102.13,102.59,1271
2014.06.16,16:00,102.50,103.11,102.15,102.82,1055
2014.06.16,17:00,102.83,103.20,102.78,103.16,898
2014.06.16,18:00,103.17,103.23,102.72,102.76,963
2014.06.16,19:00,102.75,102.94,102.75,102.87,593
2014.06.16,20:00,102.86,103.19,102.84,102.98,600
2014.06.16,21:00,102.97,103.06,102.88,102.94,618
2014.06.16,22:00,102.93,102.93,102.66,102.88,1299
2014.06.17,16:00,102.56,102.57,102.02,102.05,668
2014.06.17,17:00,102.06,102.20,101.66,101.66,940
2014.06.17,18:00,101.67,101.73,101.43,101.51,760
2014.06.17,19:00,101.50,101.83,101.49,101.81,566
2014.06.17,20:00,101.80,101.82,101.56,101.75,571
2014.06.17,21:00,101.74,101.82,101.64,101.82,767
2014.06.17,22:00,101.81,102.42,101.75,102.41,1679
2014.06.18,16:00,102.55,102.93,102.13,102.87,1259
2014.06.18,17:00,102.86,102.89,102.27,102.27,1083
2014.06.18,18:00,102.26,102.44,102.12,102.40,657
2014.06.18,19:00,102.39,102.59,102.27,102.56,738
2014.06.18,20:00,102.55,102.56,102.25,102.30,902
2014.06.18,21:00,102.27,102.64,102.05,102.56,1337
2014.06.18,22:00,102.57,102.81,102.53,102.71,1911
2014.06.19,16:00,102.59,102.77,102.38,102.77,708
2014.06.19,17:00,102.75,102.82,102.13,102.14,1027
2014.06.19,18:00,102.15,102.19,101.76,101.79,800
2014.06.19,19:00,101.78,101.91,101.71,101.82,820
2014.06.19,20:00,101.83,101.84,101.67,101.74,702
2014.06.19,21:00,101.75,101.96,101.66,101.95,751
2014.06.19,22:00,101.94,102.65,101.84,102.60,2168
2014.06.20,16:00,103.26,103.70,102.92,103.63,1252
2014.06.20,17:00,103.62,103.70,103.49,103.65,1020
2014.06.20,18:00,103.64,103.79,103.50,103.65,737
2014.06.20,19:00,103.64,103.86,103.54,103.71,566
2014.06.20,20:00,103.72,103.92,103.68,103.91,741
2014.06.20,21:00,103.92,104.04,103.83,103.94,863
2014.06.20,22:00,103.95,103.96,103.72,103.88,1822
2014.06.23,16:00,104.10,104.58,103.86,104.45,866
2014.06.23,17:00,104.46,104.59,104.13,104.17,941
2014.06.23,18:00,104.18,104.23,103.86,103.94,747
2014.06.23,19:00,103.93,104.21,103.92,104.19,590
2014.06.23,20:00,104.20,104.29,104.08,104.11,626
2014.06.23,21:00,104.12,104.19,103.98,104.12,592
2014.06.23,22:00,104.13,104.39,104.09,104.36,1321
2014.06.24,16:00,104.15,104.44,103.93,103.93,658
2014.06.24,17:00,103.92,104.37,103.90,104.37,863
2014.06.24,18:00,104.38,104.45,103.98,104.06,657
2014.06.24,19:00,104.07,104.08,103.62,103.69,649
2014.06.24,20:00,103.68,103.69,103.40,103.41,770
2014.06.24,21:00,103.40,103.54,102.93,103.01,809
2014.06.24,22:00,103.00,103.06,102.45,102.72,2281
2014.06.25,16:00,102.32,102.54,102.08,102.44,1351
2014.06.25,17:00,102.45,102.60,101.66,102.19,1450
2014.06.25,18:00,102.20,102.37,101.55,101.67,1239
2014.06.25,19:00,101.69,101.98,101.51,101.92,780
2014.06.25,20:00,101.93,102.13,101.89,101.96,635
2014.06.25,21:00,101.95,102.01,101.68,101.75,871
2014.06.25,22:00,101.73,102.15,101.69,102.10,1437
2014.06.26,16:00,101.92,102.01,100.83,101.05,1107
2014.06.26,17:00,101.07,101.56,100.94,101.51,1504
2014.06.26,18:00,101.53,101.85,101.38,101.85,1099
2014.06.26,19:00,101.84,101.97,101.66,101.79,830
2014.06.26,20:00,101.77,102.30,101.76,102.25,930
2014.06.26,21:00,102.24,102.36,101.95,101.95,729
2014.06.26,22:00,101.98,102.19,101.96,102.01,1335
2014.06.27,16:00,101.65,101.77,101.43,101.53,711
2014.06.27,17:00,101.52,101.68,101.01,101.02,1267
2014.06.27,18:00,101.03,101.11,100.75,101.01,606
2014.06.27,19:00,101.02,101.30,100.96,101.23,549
2014.06.27,20:00,101.22,101.26,100.90,100.98,645
2014.06.27,21:00,100.97,101.18,100.66,100.66,849
2014.06.27,22:00,100.65,101.55,100.64,101.25,2148
2014.06.30,16:00,101.08,101.23,100.53,100.97,825
2014.06.30,17:00,100.98,101.25,100.77,100.83,1146
2014.06.30,18:00,100.81,101.02,100.68,100.86,614
2014.06.30,19:00,100.85,100.98,100.83,100.85,377
2014.06.30,20:00,100.86,100.98,100.79,100.95,334
2014.06.30,21:00,100.94,101.01,100.58,100.61,490
2014.06.30,22:00,100.60,100.77,100.50,100.60,1778
2014.07.01,16:00,101.13,101.57,100.98,101.29,938
2014.07.01,17:00,101.25,101.45,100.91,101.04,1091
2014.07.01,18:00,101.05,101.13,100.78,100.79,803
2014.07.01,19:00,100.78,101.25,100.77,101.21,707
2014.07.01,20:00,101.20,101.42,101.15,101.25,550
2014.07.01,21:00,101.26,101.48,101.22,101.47,528
2014.07.01,22:00,101.46,101.49,101.21,101.31,1289
2014.07.02,16:00,101.13,101.47,101.13,101.16,659
2014.07.02,17:00,101.14,101.40,101.02,101.38,885
2014.07.02,18:00,101.39,101.51,101.16,101.36,689
2014.07.02,19:00,101.37,101.37,101.12,101.22,579
2014.07.02,20:00,101.23,101.34,101.12,101.33,592
2014.07.02,21:00,101.32,101.48,101.25,101.32,561
2014.07.02,22:00,101.33,101.62,101.31,101.55,1205
2014.07.03,16:00,101.89,102.36,101.66,102.12,895
2014.07.03,17:00,102.11,102.34,101.96,102.15,804
2014.07.03,18:00,102.16,102.47,102.13,102.21,700
2014.07.03,19:00,102.22,103.24,102.22,103.00,1638
2014.07.07,16:00,102.31,102.48,102.01,102.30,1059
2014.07.07,17:00,102.29,102.55,102.16,102.18,807
2014.07.07,18:00,102.17,102.29,102.00,102.20,647
2014.07.07,19:00,102.19,102.30,102.11,102.20,493
2014.07.07,20:00,102.19,102.42,102.15,102.32,440
2014.07.07,21:00,102.33,102.38,102.18,102.29,667
2014.07.07,22:00,102.28,102.63,102.28,102.60,1371
2014.07.08,16:00,102.27,103.09,102.15,102.98,1074
2014.07.08,17:00,102.99,103.21,102.80,103.09,1255
2014.07.08,18:00,103.08,103.21,102.91,103.17,1111
2014.07.08,19:00,103.16,103.19,102.70,102.71,886
2014.07.08,20:00,102.72,103.03,102.64,102.88,915
2014.07.08,21:00,102.89,103.18,102.85,103.04,685
2014.07.08,22:00,103.03,103.05,102.80,102.83,1221
2014.07.09,16:00,102.94,103.45,102.79,103.33,741
2014.07.09,17:00,103.34,103.64,103.13,103.61,964
2014.07.09,18:00,103.62,103.62,103.22,103.24,612
2014.07.09,19:00,103.25,103.47,103.17,103.46,576
2014.07.09,20:00,103.45,103.48,103.25,103.28,495
2014.07.09,21:00,103.29,103.57,103.13,103.50,870
2014.07.09,22:00,103.51,103.67,103.36,103.53,1113
2014.07.10,16:00,102.86,103.05,102.51,102.58,1252
2014.07.10,17:00,102.60,102.70,102.02,102.34,1867
2014.07.10,18:00,102.33,102.54,102.30,102.52,900
2014.07.10,19:00,102.53,102.58,102.38,102.52,749
2014.07.10,20:00,102.53,102.75,102.33,102.59,713
2014.07.10,21:00,102.61,102.69,102.38,102.38,643
2014.07.10,22:00,102.39,102.65,102.34,102.55,1329
2014.07.11,16:00,102.38,102.48,101.65,101.79,871
2014.07.11,17:00,101.78,101.87,101.53,101.79,1114
2014.07.11,18:00,101.80,101.90,101.55,101.71,786
2014.07.11,19:00,101.70,101.71,101.47,101.48,595
2014.07.11,20:00,101.49,101.54,101.43,101.48,451
2014.07.11,21:00,101.47,101.50,101.30,101.46,572
2014.07.11,22:00,101.47,101.77,101.40,101.72,1084
2014.07.14,16:00,102.16,102.77,102.15,102.65,807
2014.07.14,17:00,102.64,102.80,102.49,102.54,839
2014.07.14,18:00,102.53,102.95,102.50,102.86,965
2014.07.14,19:00,102.85,103.06,102.85,102.93,966
2014.07.14,20:00,102.94,102.94,102.74,102.79,810
2014.07.14,21:00,102.78,102.81,102.61,102.65,903
2014.07.14,22:00,102.64,102.75,102.51,102.67,1399
2014.07.15,16:00,102.51,102.58,102.02,102.36,1022
2014.07.15,17:00,102.35,102.53,101.84,101.97,1231
2014.07.15,18:00,101.96,102.12,101.74,101.77,831
2014.07.15,19:00,101.75,102.26,101.72,102.10,702
2014.07.15,20:00,102.11,102.40,102.08,102.09,666
2014.07.15,21:00,102.10,102.39,102.10,102.32,768
2014.07.15,22:00,102.33,102.41,102.13,102.37,1133
2014.07.16,16:00,102.54,103.45,102.52,103.30,829
2014.07.16,17:00,103.31,103.57,103.21,103.47,971
2014.07.16,18:00,103.46,103.64,103.33,103.38,730
2014.07.16,19:00,103.39,103.52,103.26,103.36,480
2014.07.16,20:00,103.37,103.49,103.30,103.43,443
2014.07.16,21:00,103.41,103.66,103.37,103.58,521
2014.07.16,22:00,103.59,103.77,103.48,103.73,1424
2014.07.17,16:00,103.36,103.87,103.25,103.70,899
2014.07.17,17:00,103.72,103.79,103.33,103.36,893
2014.07.17,18:00,103.35,103.39,102.91,103.10,1045
2014.07.17,19:00,103.11,103.29,102.85,103.25,795
2014.07.17,20:00,103.26,103.44,103.03,103.17,784
2014.07.17,21:00,103.16,103.17,102.92,103.02,748
2014.07.17,22:00,102.95,102.97,102.27,102.31,2115
2014.07.18,16:00,102.65,102.82,102.34,102.41,743
2014.07.18,17:00,102.42,102.48,101.84,102.18,1108
2014.07.18,18:00,102.19,102.38,102.06,102.33,633
2014.07.18,19:00,102.32,102.51,102.29,102.40,386
2014.07.18,20:00,102.41,102.55,102.28,102.54,365
2014.07.18,21:00,102.55,102.85,102.47,102.75,557
2014.07.18,22:00,102.74,102.94,102.61,102.71,1218
2014.07.21,16:00,102.34,102.69,102.21,102.36,582
2014.07.21,17:00,102.37,102.58,102.04,102.24,943
2014.07.21,18:00,102.23,102.67,102.16,102.67,739
2014.07.21,19:00,102.66,102.68,102.46,102.61,411
2014.07.21,20:00,102.60,102.98,102.52,102.93,619
2014.07.21,21:00,102.94,103.07,102.81,103.00,543
2014.07.21,22:00,103.01,103.17,102.98,103.06,886
2014.07.22,16:00,103.60,104.15,103.60,104.09,905
2014.07.22,17:00,104.10,104.17,103.76,103.86,975
2014.07.22,18:00,103.87,104.07,103.84,103.91,573
2014.07.22,19:00,103.92,103.97,103.80,103.82,410
2014.07.22,20:00,103.84,103.85,103.66,103.68,429
2014.07.22,21:00,103.69,103.74,103.48,103.58,494
2014.07.22,22:00,103.57,103.71,103.50,103.50,1007
2014.07.23,16:00,103.58,103.95,103.51,103.77,628
2014.07.23,17:00,103.78,104.16,103.70,104.15,797
2014.07.23,18:00,104.16,104.28,104.00,104.23,585
2014.07.23,19:00,104.24,104.24,103.84,103.99,519
2014.07.23,20:00,104.00,104.20,103.95,104.18,537
2014.07.23,21:00,104.19,104.20,104.04,104.18,438
2014.07.23,22:00,104.17,104.43,104.14,104.23,1184
2014.07.24,16:00,104.38,104.46,103.93,104.25,765
2014.07.24,17:00,104.28,104.70,104.21,104.50,907
2014.07.24,18:00,104.49,104.67,104.41,104.42,570
2014.07.24,19:00,104.41,104.54,104.37,104.42,487
2014.07.24,20:00,104.43,104.53,104.28,104.45,508
2014.07.24,21:00,104.47,104.58,104.39,104.40,653
2014.07.24,22:00,104.39,104.49,104.25,104.25,1228
2014.07.25,16:00,103.93,103.94,103.47,103.69,852
2014.07.25,17:00,103.68,103.70,103.42,103.50,903
2014.07.25,18:00,103.49,103.50,103.25,103.27,846
2014.07.25,19:00,103.26,103.39,103.25,103.29,487
2014.07.25,20:00,103.28,103.31,103.02,103.16,619
2014.07.25,21:00,103.15,103.25,103.07,103.14,591
2014.07.25,22:00,103.13,103.21,102.94,103.15,1205
2014.07.28,16:00,103.27,103.57,103.01,103.19,830
2014.07.28,17:00,103.18,103.22,102.81,103.12,970
2014.07.28,18:00,103.13,103.78,103.07,103.71,874
2014.07.28,19:00,103.70,103.97,103.70,103.94,697
2014.07.28,20:00,103.93,104.42,103.89,104.32,905
2014.07.28,21:00,104.33,104.50,104.18,104.44,885
2014.07.28,22:00,104.45,104.49,104.26,104.35,1516
2014.07.29,16:00,104.19,104.71,104.15,104.61,676
2014.07.29,17:00,104.63,104.74,104.32,104.39,962
2014.07.29,18:00,104.38,104.44,103.86,104.10,814
2014.07.29,19:00,104.11,104.36,104.00,104.35,520
2014.07.29,20:00,104.34,104.42,104.23,104.30,405
2014.07.29,21:00,104.31,104.37,103.79,103.81,685
2014.07.29,22:00,103.80,103.90,103.51,103.56,1557
2014.07.30,16:00,103.69,104.13,103.56,103.59,1053
2014.07.30,17:00,103.58,103.61,102.83,102.86,1280
2014.07.30,18:00,102.85,103.04,102.55,102.65,827
2014.07.30,19:00,102.67,103.09,102.65,102.99,681
2014.07.30,20:00,103.00,103.12,102.74,102.96,639
2014.07.30,21:00,102.98,103.62,102.72,102.81,1412
2014.07.30,22:00,102.82,103.36,102.58,103.29,1729
2014.07.31,16:00,101.86,101.88,100.74,101.37,1706
2014.07.31,17:00,101.36,101.47,100.75,100.88,1468
2014.07.31,18:00,100.89,101.30,100.79,100.80,1456
2014.07.31,19:00,100.81,100.95,100.39,100.51,1444
2014.07.31,20:00,100.50,100.54,99.87,100.15,1562
2014.07.31,21:00,100.14,100.30,99.29,99.42,1448
2014.07.31,22:00,99.43,99.92,98.91,98.93,3885
2014.08.01,16:00,98.60,98.94,98.18,98.69,1387
2014.08.01,17:00,98.73,98.98,98.29,98.35,2075
2014.08.01,18:00,98.36,98.96,98.16,98.34,1760
2014.08.01,19:00,98.35,98.93,98.32,98.63,1531
2014.08.01,20:00,98.64,99.36,98.36,99.32,1491
2014.08.01,21:00,99.31,99.53,99.13,99.22,1284
2014.08.01,22:00,99.23,99.39,98.76,98.80,2052
2014.08.04,16:00,98.73,98.83,98.35,98.75,1143
2014.08.04,17:00,98.74,98.91,98.30,98.33,1268
2014.08.04,18:00,98.32,98.74,98.29,98.61,1073
2014.08.04,19:00,98.62,99.27,98.56,99.15,1140
2014.08.04,20:00,99.14,99.84,99.09,99.75,1128
2014.08.04,21:00,99.74,100.25,99.69,100.09,958
2014.08.04,22:00,100.10,100.41,99.98,100.11,1579
2014.08.05,16:00,99.37,99.52,98.99,99.32,1040
2014.08.05,17:00,99.33,99.44,98.99,99.11,1431
2014.08.05,18:00,99.10,99.48,98.90,98.92,1579
2014.08.05,19:00,98.91,99.10,98.67,98.75,1255
2014.08.05,20:00,98.77,98.97,97.78,98.02,2200
2014.08.05,21:00,98.01,98.38,97.76,98.16,1818
2014.08.05,22:00,98.17,98.42,97.84,98.15,1899
2014.08.06,16:00,98.23,99.52,98.23,99.05,1480
2014.08.06,17:00,99.06,99.53,98.78,99.51,1502
2014.08.06,18:00,99.52,99.62,99.15,99.28,1086
2014.08.06,19:00,99.29,99.32,98.74,98.97,1050
2014.08.06,20:00,98.98,99.10,98.70,98.73,761
2014.08.06,21:00,98.71,99.02,98.58,98.96,778
2014.08.06,22:00,98.97,99.06,98.74,98.95,1271
2014.08.07,16:00,99.75,99.82,99.26,99.28,978
2014.08.07,17:00,99.29,99.42,98.58,98.79,1261
2014.08.07,18:00,98.78,98.79,98.22,98.43,1493
2014.08.07,19:00,98.42,98.42,97.61,98.10,1381
2014.08.07,20:00,98.08,98.56,98.08,98.39,867
2014.08.07,21:00,98.40,98.41,97.94,97.99,1005
2014.08.07,22:00,98.00,98.39,97.83,98.23,1887
2014.08.08,16:00,98.79,98.90,98.45,98.50,954
2014.08.08,17:00,98.49,98.81,98.30,98.50,1549
2014.08.08,18:00,98.49,98.67,98.35,98.57,1011
2014.08.08,19:00,98.58,98.73,98.41,98.43,714
2014.08.08,20:00,98.41,99.25,98.38,99.17,1346
2014.08.08,21:00,99.18,99.35,99.11,99.23,1162
2014.08.08,22:00,99.22,99.77,99.12,99.71,1932
2014.08.11,16:00,99.26,99.26,98.66,98.87,885
2014.08.11,17:00,98.88,99.10,98.70,98.99,1046
2014.08.11,18:00,98.98,99.40,98.91,98.95,850
2014.08.11,19:00,98.94,99.07,98.70,99.01,770
2014.08.11,20:00,99.00,99.08,98.67,98.77,727
2014.08.11,21:00,98.76,98.80,98.60,98.61,751
2014.08.11,22:00,98.62,98.81,98.52,98.67,1131
2014.08.12,16:00,98.19,98.55,97.81,98.48,971
2014.08.12,17:00,98.49,98.67,97.98,98.06,1508
2014.08.12,18:00,98.05,98.07,97.81,97.97,1052
2014.08.12,19:00,97.96,98.24,97.80,98.06,740
2014.08.12,20:00,98.07,98.28,97.97,98.11,660
2014.08.12,21:00,98.12,98.26,97.93,98.21,877
2014.08.12,22:00,98.22,98.58,98.20,98.49,1581
2014.08.13,16:00,98.92,99.29,98.62,98.78,867
2014.08.13,17:00,98.80,98.84,98.46,98.80,1173
2014.08.13,18:00,98.81,99.15,98.78,99.03,993
2014.08.13,19:00,99.04,99.17,98.89,99.13,626
2014.08.13,20:00,99.14,99.18,98.93,98.93,593
2014.08.13,21:00,98.94,98.95,98.74,98.80,718
2014.08.13,22:00,98.81,99.15,98.75,99.07,1297
2014.08.14,16:00,99.08,99.26,98.68,98.79,759
2014.08.14,17:00,98.80,98.97,98.58,98.64,852
2014.08.14,18:00,98.63,99.02,98.60,98.95,748
2014.08.14,19:00,98.94,99.05,98.86,98.96,555
2014.08.14,20:00,98.95,98.98,98.70,98.85,727
2014.08.14,21:00,98.84,98.94,98.74,98.92,668
2014.08.14,22:00,98.93,99.08,98.88,99.07,952
2014.08.15,16:00,99.22,99.36,98.93,99.02,723
2014.08.15,17:00,99.03,99.41,98.20,98.61,1777
2014.08.15,18:00,98.60,98.93,98.12,98.38,1832
2014.08.15,19:00,98.37,98.70,98.25,98.60,1037
2014.08.15,20:00,98.58,98.72,98.41,98.49,826
2014.08.15,21:00,98.50,98.96,98.43,98.76,905
2014.08.15,22:00,98.77,99.12,98.76,99.00,1287
2014.08.18,16:00,99.26,99.46,99.18,99.35,829
2014.08.18,17:00,99.34,99.44,99.07,99.26,881
2014.08.18,18:00,99.27,99.36,99.15,99.22,728
2014.08.18,19:00,99.23,99.37,99.22,99.32,524
2014.08.18,20:00,99.30,99.37,99.23,99.30,546
2014.08.18,21:00,99.31,99.38,99.26,99.35,585
2014.08.18,22:00,99.34,99.51,99.17,99.48,1162
2014.08.19,16:00,99.47,99.83,99.41,99.77,785
2014.08.19,17:00,99.79,99.93,99.57,99.65,831
2014.08.19,18:00,99.66,99.75,99.56,99.65,526
2014.08.19,19:00,99.64,99.71,99.54,99.57,473
2014.08.19,20:00,99.58,99.72,99.58,99.63,421
2014.08.19,21:00,99.64,99.71,99.56,99.64,561
2014.08.19,22:00,99.63,99.68,99.46,99.48,1148
2014.08.20,16:00,99.53,99.54,99.08,99.28,587
2014.08.20,17:00,99.29,99.36,99.09,99.15,790
2014.08.20,18:00,99.16,99.39,99.15,99.24,562
2014.08.20,19:00,99.23,99.33,99.15,99.32,395
2014.08.20,20:00,99.31,99.47,99.29,99.40,399
2014.08.20,21:00,99.39,99.50,99.02,99.45,923
2014.08.20,22:00,99.46,99.88,99.41,99.69,1161
2014.08.21,16:00,99.78,99.96,99.55,99.95,498
2014.08.21,17:00,99.96,100.05,99.72,99.78,859
2014.08.21,18:00,99.77,99.90,99.74,99.89,510
2014.08.21,19:00,99.90,99.94,99.74,99.75,350
2014.08.21,20:00,99.76,99.83,99.69,99.73,382
2014.08.21,21:00,99.75,99.77,99.40,99.46,513
2014.08.21,22:00,99.47,99.54,99.24,99.26,1052
2014.08.22,16:00,98.88,98.96,98.31,98.67,809
2014.08.22,17:00,98.66,98.72,98.06,98.18,1288
2014.08.22,18:00,98.16,98.59,98.10,98.40,778
2014.08.22,19:00,98.39,98.55,98.33,98.38,460
2014.08.22,20:00,98.39,98.51,98.32,98.35,480
2014.08.22,21:00,98.36,98.44,98.26,98.36,528
2014.08.22,22:00,98.35,98.58,98.34,98.48,1132
