2013.06.24,17:00,24.42,24.49,23.93,24.00,317
2013.06.24,18:00,24.01,24.09,23.80,23.97,135
2013.06.24,19:00,23.98,24.08,23.87,24.05,79
2013.06.24,20:00,24.06,24.15,23.94,24.06,99
2013.06.24,21:00,24.07,24.29,24.07,24.22,92
2013.06.24,22:00,24.21,24.21,24.00,24.03,121
2013.06.25,16:00,24.30,24.75,24.22,24.70,317
2013.06.25,17:00,24.69,24.70,24.45,24.64,289
2013.06.25,18:00,24.65,24.88,24.65,24.84,134
2013.06.25,19:00,24.83,24.98,24.83,24.94,47
2013.06.25,20:00,24.93,24.96,24.70,24.71,91
2013.06.25,21:00,24.70,24.89,24.69,24.86,88
2013.06.25,22:00,24.88,24.96,24.88,24.93,61
2013.06.26,16:00,25.08,25.66,25.00,25.49,315
2013.06.26,17:00,25.51,25.52,25.14,25.14,182
2013.06.26,18:00,25.13,25.31,25.08,25.08,111
2013.06.26,19:00,25.10,25.19,25.09,25.16,52
2013.06.26,20:00,25.17,25.30,25.17,25.25,47
2013.06.26,21:00,25.26,25.34,25.24,25.34,30
2013.06.26,22:00,25.33,25.36,25.24,25.25,59
2013.06.27,16:00,25.42,25.95,25.42,25.79,297
2013.06.27,17:00,25.80,25.82,25.70,25.74,110
2013.06.27,18:00,25.73,25.75,25.64,25.75,43
2013.06.27,19:00,25.74,25.79,25.73,25.76,25
2013.06.27,20:00,25.75,25.75,25.63,25.70,31
2013.06.27,21:00,25.71,25.83,25.69,25.71,46
2013.06.27,22:00,25.72,25.72,25.44,25.45,77
2013.06.28,16:00,25.35,25.50,24.90,24.93,182
2013.06.28,17:00,24.94,25.12,24.94,25.00,160
2013.06.28,18:00,24.99,25.15,24.99,25.06,106
2013.06.28,19:00,25.07,25.20,25.07,25.10,70
2013.06.28,20:00,25.09,25.09,25.02,25.07,59
2013.06.28,21:00,25.05,25.07,25.04,25.06,34
2013.06.28,22:00,25.05,25.12,24.93,25.09,93
2013.07.01,16:00,25.21,25.45,25.15,25.37,212
2013.07.01,17:00,25.38,25.51,25.38,25.44,154
2013.07.01,18:00,25.45,25.48,25.37,25.44,70
2013.07.01,19:00,25.43,25.48,25.32,25.41,61
2013.07.01,20:00,25.40,25.40,25.26,25.26,46
2013.07.01,21:00,25.25,25.29,25.17,25.29,84
2013.07.01,22:00,25.30,25.31,25.18,25.22,79
2013.07.02,16:00,25.24,25.46,25.22,25.41,215
2013.07.02,17:00,25.40,25.47,25.30,25.43,182
2013.07.02,18:00,25.45,25.45,25.28,25.33,84
2013.07.02,19:00,25.32,25.32,25.15,25.16,72
2013.07.02,20:00,25.15,25.17,25.00,25.06,86
2013.07.02,21:00,25.05,25.05,24.88,24.94,92
2013.07.02,22:00,24.93,24.97,24.89,24.96,87
2013.07.03,16:00,24.82,25.22,24.80,25.14,224
2013.07.03,17:00,25.13,25.36,25.07,25.34,225
2013.07.03,18:00,25.33,25.50,25.31,25.49,83
2013.07.03,19:00,25.50,25.61,25.45,25.56,80
2013.07.03,20:00,25.58,25.61,25.56,25.59,24
2013.07.03,21:00,25.58,25.59,25.58,25.58,13
2013.07.03,22:00,25.59,25.59,25.58,25.58,2
2013.07.05,16:00,25.79,26.24,25.70,25.74,284
2013.07.05,17:00,25.75,25.75,25.50,25.63,195
2013.07.05,18:00,25.62,25.68,25.60,25.67,79
2013.07.05,19:00,25.68,25.71,25.61,25.66,52
2013.07.05,20:00,25.65,25.67,25.59,25.67,45
2013.07.05,21:00,25.68,25.74,25.65,25.65,52
2013.07.05,22:00,25.66,25.67,25.56,25.67,45
2013.07.08,16:00,25.74,25.96,25.66,25.74,293
2013.07.08,17:00,25.73,25.85,25.71,25.75,146
2013.07.08,18:00,25.77,25.80,25.76,25.79,34
2013.07.08,19:00,25.78,25.78,25.59,25.63,70
2013.07.08,20:00,25.64,25.67,25.59,25.60,35
2013.07.08,21:00,25.59,25.62,25.54,25.59,25
2013.07.08,22:00,25.58,25.58,25.47,25.50,58
2013.07.09,16:00,25.70,26.17,25.70,25.94,259
2013.07.09,17:00,25.93,26.09,25.89,26.09,125
2013.07.09,18:00,26.08,26.22,26.08,26.20,36
2013.07.09,19:00,26.21,26.45,26.21,26.42,60
2013.07.09,20:00,26.41,26.50,26.41,26.42,53
2013.07.09,21:00,26.41,26.47,26.40,26.47,33
2013.07.09,22:00,26.46,26.67,26.46,26.64,74
2013.07.10,16:00,26.85,27.03,26.84,26.87,250
2013.07.10,17:00,26.88,26.89,26.25,26.29,242
2013.07.10,18:00,26.30,26.36,26.16,26.33,166
2013.07.10,19:00,26.32,26.34,26.23,26.27,56
2013.07.10,20:00,26.26,26.32,26.24,26.32,30
2013.07.10,21:00,26.33,26.50,26.32,26.41,172
2013.07.10,22:00,26.42,26.56,26.38,26.54,78
2013.07.11,16:00,26.96,27.15,26.92,26.99,248
2013.07.11,17:00,27.01,27.16,26.93,27.00,141
2013.07.11,18:00,27.01,27.14,26.98,27.02,90
2013.07.11,19:00,27.01,27.01,26.92,26.97,36
2013.07.11,20:00,26.96,27.00,26.94,26.97,34
2013.07.11,21:00,26.96,26.98,26.94,26.95,29
2013.07.11,22:00,26.96,27.04,26.95,27.01,34
2013.07.12,16:00,27.06,27.24,26.98,27.19,300
2013.07.12,17:00,27.17,27.40,27.15,27.27,208
2013.07.12,18:00,27.28,27.34,27.23,27.27,74
2013.07.12,19:00,27.26,27.30,27.21,27.29,42
2013.07.12,20:00,27.28,27.28,27.20,27.20,34
2013.07.12,21:00,27.19,27.19,27.09,27.10,24
2013.07.12,22:00,27.09,27.23,27.09,27.21,40
2013.07.15,16:00,27.42,27.43,27.04,27.04,235
2013.07.15,17:00,27.06,27.20,27.04,27.20,151
2013.07.15,18:00,27.19,27.21,27.14,27.15,51
2013.07.15,19:00,27.13,27.29,27.13,27.24,57
2013.07.15,20:00,27.23,27.38,27.22,27.36,49
2013.07.15,21:00,27.37,27.39,27.26,27.32,41
2013.07.15,22:00,27.33,27.41,27.31,27.32,44
2013.07.16,16:00,27.28,27.42,27.22,27.22,272
2013.07.16,17:00,27.24,27.42,27.13,27.35,259
2013.07.16,18:00,27.34,27.36,27.02,27.03,148
2013.07.16,19:00,27.04,27.09,27.03,27.03,42
2013.07.16,20:00,27.02,27.03,26.70,26.83,142
2013.07.16,21:00,26.82,26.86,26.77,26.78,63
2013.07.16,22:00,26.76,26.90,26.73,26.84,94
2013.07.17,16:00,27.54,28.47,27.50,28.44,607
2013.07.17,17:00,28.43,28.88,28.37,28.75,557
2013.07.17,18:00,28.77,28.91,28.49,28.87,273
2013.07.17,19:00,28.88,29.21,28.85,29.16,263
2013.07.17,20:00,29.15,29.48,29.02,29.41,231
2013.07.17,21:00,29.40,29.70,29.30,29.43,332
2013.07.17,22:00,29.44,29.70,29.29,29.65,221
2013.07.18,16:00,29.53,29.53,28.71,28.93,480
2013.07.18,17:00,28.95,29.13,28.84,29.01,263
2013.07.18,18:00,29.00,29.01,28.92,28.99,95
2013.07.18,19:00,29.00,29.33,29.00,29.32,140
2013.07.18,20:00,29.31,29.46,29.24,29.40,138
2013.07.18,21:00,29.41,29.80,29.38,29.70,102
2013.07.18,22:00,29.69,29.69,29.48,29.64,143
2013.07.19,16:00,29.38,29.62,29.38,29.48,263
2013.07.19,17:00,29.49,29.68,29.37,29.55,166
2013.07.19,18:00,29.57,29.60,29.33,29.34,112
2013.07.19,19:00,29.33,29.37,29.28,29.32,57
2013.07.19,20:00,29.33,29.35,29.19,29.22,69
2013.07.19,21:00,29.24,29.28,29.21,29.21,63
2013.07.19,22:00,29.22,29.22,29.03,29.08,97
2013.07.22,16:00,28.05,28.38,27.93,28.16,528
2013.07.22,17:00,28.15,28.20,27.61,27.85,428
2013.07.22,18:00,27.87,27.93,27.65,27.88,157
2013.07.22,19:00,27.87,28.16,27.87,28.10,171
2013.07.22,20:00,28.11,28.17,27.98,28.03,119
2013.07.22,21:00,28.05,28.07,27.92,27.93,75
2013.07.22,22:00,27.92,27.94,27.81,27.84,57
2013.07.23,16:00,28.00,28.01,27.59,27.66,353
2013.07.23,17:00,27.67,27.67,27.19,27.38,321
2013.07.23,18:00,27.37,27.55,27.33,27.46,131
2013.07.23,19:00,27.47,27.53,27.35,27.40,86
2013.07.23,20:00,27.41,27.53,27.38,27.47,82
2013.07.23,21:00,27.46,27.47,27.33,27.34,101
2013.07.23,22:00,27.35,27.38,27.28,27.32,77
2013.07.24,16:00,27.50,27.69,27.30,27.32,254
2013.07.24,17:00,27.30,27.38,27.21,27.30,142
2013.07.24,18:00,27.31,27.58,27.31,27.51,123
2013.07.24,19:00,27.50,27.53,27.40,27.48,84
2013.07.24,20:00,27.49,27.50,27.43,27.50,62
2013.07.24,21:00,27.49,27.69,27.48,27.68,47
2013.07.24,22:00,27.67,27.89,27.64,27.83,124
2013.07.25,16:00,27.72,28.19,27.64,28.10,268
2013.07.25,17:00,28.08,28.42,28.03,28.24,297
2013.07.25,18:00,28.25,28.25,28.04,28.04,130
2013.07.25,19:00,28.06,28.19,28.03,28.14,125
2013.07.25,20:00,28.13,28.17,28.12,28.14,44
2013.07.25,21:00,28.13,28.19,28.12,28.13,41
2013.07.25,22:00,28.12,28.26,28.11,28.25,109
2013.07.26,16:00,28.00,28.30,27.73,28.03,258
2013.07.26,17:00,28.02,28.02,27.72,27.79,209
2013.07.26,18:00,27.78,28.01,27.73,27.99,119
2013.07.26,19:00,28.00,28.03,27.90,27.90,64
2013.07.26,20:00,27.91,28.02,27.90,27.98,71
2013.07.26,21:00,27.99,28.05,27.96,28.04,48
2013.07.26,22:00,28.06,28.12,28.04,28.08,47
2013.07.29,16:00,27.91,28.30,27.91,28.21,254
2013.07.29,17:00,28.20,28.22,27.89,28.00,211
2013.07.29,18:00,28.01,28.01,27.84,27.87,101
2013.07.29,19:00,27.88,27.92,27.79,27.82,65
2013.07.29,20:00,27.81,27.84,27.78,27.82,43
2013.07.29,21:00,27.83,27.90,27.83,27.88,44
2013.07.29,22:00,27.87,27.94,27.87,27.91,54
2013.07.30,16:00,28.04,28.09,27.84,27.97,227
2013.07.30,17:00,27.95,28.20,27.88,28.07,164
2013.07.30,18:00,28.05,28.17,28.03,28.12,105
2013.07.30,19:00,28.13,28.13,28.03,28.04,86
2013.07.30,20:00,28.05,28.08,27.90,27.98,92
2013.07.30,21:00,27.97,28.05,27.97,28.00,79
2013.07.30,22:00,27.99,28.06,27.98,28.02,83
2013.07.31,16:00,27.93,28.00,27.75,27.85,271
2013.07.31,17:00,27.84,27.84,27.55,27.62,179
2013.07.31,18:00,27.63,27.71,27.61,27.70,117
2013.07.31,19:00,27.69,27.72,27.65,27.67,71
2013.07.31,20:00,27.69,27.69,27.55,27.66,71
2013.07.31,21:00,27.67,28.01,27.65,27.99,184
2013.07.31,22:00,27.98,28.18,27.93,28.08,179
2013.08.01,16:00,28.27,28.31,28.09,28.21,212
2013.08.01,17:00,28.23,28.42,28.21,28.28,192
2013.08.01,18:00,28.29,28.31,28.18,28.20,94
2013.08.01,19:00,28.19,28.19,28.01,28.03,51
2013.08.01,20:00,28.02,28.11,27.98,28.06,45
2013.08.01,21:00,28.05,28.06,27.92,27.95,76
2013.08.01,22:00,27.94,27.98,27.89,27.94,49
2013.08.02,16:00,27.96,28.05,27.75,27.78,216
2013.08.02,17:00,27.77,27.79,27.53,27.74,172
2013.08.02,18:00,27.75,27.75,27.63,27.63,105
2013.08.02,19:00,27.64,27.74,27.60,27.67,103
2013.08.02,20:00,27.66,27.72,27.62,27.62,81
2013.08.02,21:00,27.64,27.66,27.60,27.61,52
2013.08.02,22:00,27.62,27.63,27.54,27.62,65
2013.08.05,16:00,27.69,27.70,27.43,27.48,152
2013.08.05,17:00,27.47,27.77,27.45,27.71,204
2013.08.05,18:00,27.72,27.77,27.61,27.65,110
2013.08.05,19:00,27.67,27.68,27.60,27.67,63
2013.08.05,20:00,27.66,27.68,27.61,27.67,48
2013.08.05,21:00,27.66,27.69,27.62,27.66,96
2013.08.05,22:00,27.65,27.68,27.63,27.64,49
2013.08.06,16:00,27.63,27.72,27.43,27.44,163
2013.08.06,17:00,27.43,27.48,27.14,27.19,179
2013.08.06,18:00,27.18,27.39,27.16,27.39,103
2013.08.06,19:00,27.40,27.52,27.40,27.51,81
2013.08.06,20:00,27.52,27.53,27.40,27.40,50
2013.08.06,21:00,27.39,27.44,27.34,27.37,43
2013.08.06,22:00,27.38,27.39,27.26,27.30,50
2013.08.07,16:00,27.29,27.43,27.13,27.24,244
2013.08.07,17:00,27.22,27.22,27.04,27.14,235
2013.08.07,18:00,27.13,27.32,27.12,27.32,57
2013.08.07,19:00,27.33,27.40,27.30,27.39,72
2013.08.07,20:00,27.41,27.45,27.39,27.41,45
2013.08.07,21:00,27.40,27.46,27.34,27.45,55
2013.08.07,22:00,27.46,27.48,27.34,27.36,60
2013.08.08,16:00,27.55,27.59,27.30,27.41,389
2013.08.08,17:00,27.42,27.43,27.22,27.36,236
2013.08.08,18:00,27.37,27.44,27.36,27.40,118
2013.08.08,19:00,27.41,27.43,27.34,27.39,101
2013.08.08,20:00,27.40,27.42,27.35,27.39,94
2013.08.08,21:00,27.40,27.48,27.40,27.45,89
2013.08.08,22:00,27.46,27.56,27.41,27.45,116
2013.08.09,16:00,27.34,27.41,27.18,27.30,318
2013.08.09,17:00,27.31,27.63,27.30,27.53,282
2013.08.09,18:00,27.52,27.60,27.46,27.47,151
2013.08.09,19:00,27.46,27.58,27.45,27.58,57
2013.08.09,20:00,27.59,27.67,27.58,27.61,54
2013.08.09,21:00,27.60,27.63,27.53,27.56,79
2013.08.09,22:00,27.57,27.65,27.55,27.64,81
2013.08.12,16:00,27.51,27.96,27.51,27.89,304
2013.08.12,17:00,27.91,28.19,27.81,28.16,241
2013.08.12,18:00,28.17,28.30,28.17,28.22,108
2013.08.12,19:00,28.23,28.24,28.17,28.23,56
2013.08.12,20:00,28.24,28.30,28.18,28.28,71
2013.08.12,21:00,28.27,28.34,28.23,28.24,70
2013.08.12,22:00,28.26,28.33,28.21,28.32,78
2013.08.13,16:00,28.36,28.53,28.27,28.40,332
2013.08.13,17:00,28.39,28.54,28.27,28.53,167
2013.08.13,18:00,28.52,28.57,28.45,28.45,107
2013.08.13,19:00,28.44,28.44,28.21,28.28,129
2013.08.13,20:00,28.29,28.43,28.28,28.35,74
2013.08.13,21:00,28.36,28.38,28.33,28.36,82
2013.08.13,22:00,28.37,28.38,28.28,28.32,71
2013.08.14,16:00,28.15,28.17,28.00,28.06,191
2013.08.14,17:00,28.08,28.10,28.00,28.01,135
2013.08.14,18:00,28.00,28.16,27.99,28.11,91
2013.08.14,19:00,28.10,28.14,28.04,28.08,86
2013.08.14,20:00,28.07,28.09,27.98,28.00,69
2013.08.14,21:00,28.01,28.09,28.01,28.05,89
2013.08.14,22:00,28.06,28.09,28.00,28.03,79
2013.08.15,16:00,27.77,27.80,27.59,27.61,323
2013.08.15,17:00,27.60,27.63,27.37,27.51,358
2013.08.15,18:00,27.52,27.52,27.34,27.37,126
2013.08.15,19:00,27.38,27.39,27.31,27.31,66
2013.08.15,20:00,27.32,27.37,27.22,27.29,87
2013.08.15,21:00,27.30,27.32,27.13,27.24,191
2013.08.15,22:00,27.23,27.25,27.09,27.12,139
2013.08.16,16:00,26.98,27.46,26.98,27.41,295
2013.08.16,17:00,27.40,27.57,27.33,27.46,221
2013.08.16,18:00,27.45,27.46,27.35,27.37,78
2013.08.16,19:00,27.38,27.38,27.14,27.25,66
2013.08.16,20:00,27.27,27.28,27.17,27.21,94
2013.08.16,21:00,27.23,27.36,27.18,27.35,57
2013.08.16,22:00,27.34,27.36,27.25,27.30,93
2013.08.19,16:00,27.33,27.39,27.14,27.32,147
2013.08.19,17:00,27.33,27.38,27.30,27.37,101
2013.08.19,18:00,27.38,27.41,27.25,27.25,103
2013.08.19,19:00,27.26,27.33,27.25,27.32,70
2013.08.19,20:00,27.31,27.31,27.19,27.27,63
2013.08.19,21:00,27.28,27.30,27.13,27.14,80
2013.08.19,22:00,27.15,27.15,26.89,26.89,113
2013.08.20,16:00,26.93,27.20,26.89,27.18,183
2013.08.20,17:00,27.17,27.17,26.90,26.91,161
2013.08.20,18:00,26.92,27.09,26.91,27.06,89
2013.08.20,19:00,27.07,27.18,27.07,27.18,96
2013.08.20,20:00,27.17,27.23,27.07,27.09,80
2013.08.20,21:00,27.07,27.22,27.05,27.19,97
2013.08.20,22:00,27.20,27.28,27.06,27.10,89
2013.08.21,16:00,27.05,27.39,27.02,27.39,172
2013.08.21,17:00,27.38,27.46,27.26,27.37,189
2013.08.21,18:00,27.38,27.39,27.13,27.20,139
2013.08.21,19:00,27.21,27.27,27.11,27.14,114
2013.08.21,20:00,27.13,27.22,27.11,27.19,80
2013.08.21,21:00,27.18,27.26,26.98,27.20,403
2013.08.21,22:00,27.21,27.23,27.00,27.03,234
2013.08.22,16:00,27.54,27.68,27.39,27.62,129
2013.08.22,17:00,27.63,27.99,27.61,27.98,228
2013.08.22,18:00,27.97,27.99,27.77,27.78,134
2013.08.22,19:00,27.80,27.80,27.79,27.79,4
2013.08.22,22:00,27.82,27.98,27.82,27.90,112
2013.08.23,16:00,28.28,28.30,27.94,27.99,217
2013.08.23,17:00,27.98,28.12,27.90,27.98,221
2013.08.23,18:00,27.99,27.99,27.81,27.94,121
2013.08.23,19:00,27.95,28.00,27.91,27.95,73
2013.08.23,20:00,27.96,27.99,27.90,27.91,53
2013.08.23,21:00,27.90,27.99,27.87,27.95,39
2013.08.23,22:00,27.94,28.02,27.92,27.98,31
2013.08.26,16:00,28.01,28.02,27.83,27.97,130
2013.08.26,17:00,27.98,27.99,27.91,27.98,122
2013.08.26,18:00,27.97,28.01,27.97,27.99,16
2013.08.26,19:00,27.98,27.99,27.96,27.98,25
2013.08.26,20:00,27.99,27.99,27.94,27.97,24
2013.08.26,21:00,27.96,27.97,27.94,27.97,28
2013.08.26,22:00,27.96,27.97,27.69,27.70,116
2013.08.27,16:00,27.29,27.45,27.13,27.30,176
2013.08.27,17:00,27.29,27.39,27.05,27.24,181
2013.08.27,18:00,27.23,27.24,27.16,27.18,94
2013.08.27,19:00,27.17,27.19,27.08,27.08,112
2013.08.27,20:00,27.07,27.11,26.85,26.85,118
2013.08.27,21:00,26.86,26.93,26.75,26.93,141
2013.08.27,22:00,26.92,27.02,26.92,26.97,115
2013.08.28,16:00,26.89,27.05,26.86,26.90,118
2013.08.28,17:00,26.92,26.99,26.83,26.95,110
2013.08.28,18:00,26.96,26.99,26.91,26.98,42
2013.08.28,19:00,26.97,27.17,26.97,27.14,49
2013.08.28,20:00,27.15,27.22,27.11,27.14,51
2013.08.28,21:00,27.16,27.19,27.08,27.15,59
2013.08.28,22:00,27.14,27.23,27.10,27.11,81
2013.08.29,16:00,27.03,27.25,27.03,27.20,218
2013.08.29,17:00,27.21,27.30,27.21,27.28,79
2013.08.29,18:00,27.29,27.29,27.23,27.25,22
2013.08.29,19:00,27.26,27.27,27.24,27.24,38
2013.08.29,20:00,27.25,27.34,27.24,27.34,22
2013.08.29,21:00,27.33,27.44,27.32,27.44,48
2013.08.29,22:00,27.43,27.44,27.30,27.30,90
2013.08.30,16:00,27.35,27.43,27.27,27.35,170
2013.08.30,17:00,27.34,27.36,27.07,27.15,167
2013.08.30,18:00,27.14,27.24,27.00,27.01,105
2013.08.30,19:00,27.00,27.09,26.86,26.92,91
2013.08.30,20:00,26.91,27.10,26.81,27.05,139
2013.08.30,21:00,27.06,27.17,27.01,27.15,60
2013.08.30,22:00,27.16,27.17,27.03,27.10,87
2013.09.03,16:00,27.41,27.79,27.41,27.55,219
2013.09.03,17:00,27.54,27.59,27.43,27.57,125
2013.09.03,18:00,27.56,27.66,27.46,27.65,118
2013.09.03,19:00,27.64,27.66,27.57,27.60,44
2013.09.03,20:00,27.61,27.76,27.60,27.60,61
2013.09.03,21:00,27.62,27.67,27.56,27.65,84
2013.09.03,22:00,27.66,27.86,27.64,27.79,125
2013.09.04,16:00,27.69,27.94,27.60,27.93,169
2013.09.04,17:00,27.92,27.98,27.81,27.89,140
2013.09.04,18:00,27.90,27.99,27.90,27.97,69
2013.09.04,19:00,27.98,28.02,27.92,27.93,42
2013.09.04,20:00,27.94,28.00,27.94,27.96,29
2013.09.04,21:00,27.95,28.07,27.95,28.07,41
2013.09.04,22:00,28.08,28.11,28.01,28.07,93
2013.09.05,16:00,28.09,28.34,27.90,28.23,205
2013.09.05,17:00,28.22,28.28,28.01,28.08,218
2013.09.05,18:00,28.09,28.32,28.09,28.27,79
2013.09.05,19:00,28.28,28.28,28.05,28.06,60
2013.09.05,20:00,28.07,28.12,28.00,28.03,52
2013.09.05,21:00,28.04,28.24,28.04,28.24,40
2013.09.05,22:00,28.26,28.29,28.19,28.22,55
2013.09.06,16:00,28.31,28.49,27.96,28.07,304
2013.09.06,17:00,28.06,28.36,27.82,28.35,274
2013.09.06,18:00,28.36,28.39,28.27,28.34,104
2013.09.06,19:00,28.35,28.38,28.24,28.28,57
2013.09.06,20:00,28.29,28.34,28.24,28.34,70
2013.09.06,21:00,28.35,28.38,28.29,28.29,67
2013.09.06,22:00,28.30,28.34,28.15,28.17,131
2013.09.09,16:00,28.36,28.92,28.32,28.92,222
2013.09.09,17:00,28.93,29.05,28.63,28.87,234
2013.09.09,18:00,28.88,29.21,28.86,29.19,140
2013.09.09,19:00,29.21,29.29,29.09,29.13,100
2013.09.09,20:00,29.14,29.17,29.11,29.16,52
2013.09.09,21:00,29.17,29.25,29.15,29.25,113
2013.09.09,22:00,29.23,29.31,29.21,29.24,59
2013.09.10,16:00,29.42,29.62,29.37,29.49,237
2013.09.10,17:00,29.50,29.55,29.42,29.52,122
2013.09.10,18:00,29.53,29.54,29.43,29.45,60
2013.09.10,19:00,29.44,29.44,29.08,29.22,98
2013.09.10,20:00,29.23,29.35,29.18,29.34,80
2013.09.10,21:00,29.36,29.40,29.26,29.36,83
2013.09.10,22:00,29.37,29.49,29.37,29.47,65
2013.09.11,16:00,29.37,29.39,29.11,29.21,337
2013.09.11,17:00,29.22,29.24,28.96,29.15,251
2013.09.11,18:00,29.14,29.27,29.14,29.27,99
2013.09.11,19:00,29.26,29.33,29.24,29.32,45
2013.09.11,20:00,29.31,29.32,29.24,29.27,91
2013.09.11,21:00,29.26,29.32,29.23,29.29,68
2013.09.11,22:00,29.28,29.30,29.16,29.19,71
2013.09.12,16:00,29.74,29.99,29.50,29.99,384
2013.09.12,17:00,29.98,30.25,29.87,29.94,365
2013.09.12,18:00,29.93,29.99,29.85,29.97,171
2013.09.12,19:00,29.96,30.10,29.96,30.07,117
2013.09.12,20:00,30.08,30.15,29.97,29.97,87
2013.09.12,21:00,29.98,29.99,29.76,29.77,75
2013.09.12,22:00,29.79,29.80,29.58,29.63,120
2013.09.13,16:00,29.37,29.37,28.83,29.12,361
2013.09.13,17:00,29.11,29.12,28.80,28.97,238
2013.09.13,18:00,28.98,29.13,28.98,29.10,89
2013.09.13,19:00,29.11,29.26,29.11,29.24,63
2013.09.13,20:00,29.25,29.28,29.21,29.24,39
2013.09.13,21:00,29.25,29.27,29.18,29.24,51
2013.09.13,22:00,29.23,29.29,29.16,29.26,61
2013.09.16,16:00,29.64,30.03,29.61,29.81,237
2013.09.16,17:00,29.82,29.88,29.69,29.73,246
2013.09.16,18:00,29.72,29.81,29.70,29.73,93
2013.09.16,19:00,29.74,29.77,29.71,29.71,66
2013.09.16,20:00,29.72,29.76,29.58,29.71,98
2013.09.16,21:00,29.70,29.72,29.64,29.66,105
2013.09.16,22:00,29.67,29.68,29.51,29.61,99
2013.09.17,16:00,29.65,29.67,29.31,29.35,229
2013.09.17,17:00,29.34,29.54,29.34,29.48,157
2013.09.17,18:00,29.47,29.70,29.46,29.60,91
2013.09.17,19:00,29.61,29.65,29.52,29.58,39
2013.09.17,20:00,29.59,29.67,29.53,29.67,46
2013.09.17,21:00,29.68,29.95,29.68,29.89,75
2013.09.17,22:00,29.90,29.99,29.89,29.99,50
2013.09.18,16:00,29.98,30.00,29.85,29.95,248
2013.09.18,17:00,29.96,30.03,29.89,30.02,168
2013.09.18,18:00,30.03,30.17,29.99,30.16,114
2013.09.18,19:00,30.15,30.23,30.10,30.18,107
2013.09.18,20:00,30.17,30.25,30.03,30.07,110
2013.09.18,21:00,30.09,30.41,30.09,30.36,666
2013.09.18,22:00,30.37,30.45,30.30,30.43,155
2013.09.19,16:00,30.51,30.67,30.33,30.62,339
2013.09.19,17:00,30.63,30.65,30.40,30.48,239
2013.09.19,18:00,30.49,30.52,30.43,30.52,81
2013.09.19,19:00,30.54,30.69,30.54,30.69,97
2013.09.19,20:00,30.71,30.86,30.71,30.73,80
2013.09.19,21:00,30.75,30.99,30.75,30.99,86
2013.09.19,22:00,30.98,31.04,30.96,31.02,70
2013.09.20,16:00,31.07,31.07,30.77,30.90,276
2013.09.20,17:00,30.91,31.09,30.88,30.96,201
2013.09.20,18:00,30.99,31.03,30.82,30.83,157
2013.09.20,19:00,30.84,30.91,30.77,30.91,176
2013.09.20,20:00,30.92,30.93,30.81,30.81,94
2013.09.20,21:00,30.82,30.88,30.76,30.87,121
2013.09.20,22:00,30.86,30.92,30.81,30.91,170
2013.09.23,16:00,31.02,31.02,30.60,30.60,367
2013.09.23,17:00,30.59,30.59,30.01,30.08,354
2013.09.23,18:00,30.09,30.27,30.08,30.19,140
2013.09.23,19:00,30.20,30.49,30.19,30.45,88
2013.09.23,20:00,30.46,30.53,30.35,30.46,145
2013.09.23,21:00,30.47,30.47,30.24,30.28,116
2013.09.23,22:00,30.27,30.38,30.24,30.26,109
2013.09.24,16:00,30.56,31.39,30.53,31.16,538
2013.09.24,17:00,31.15,31.25,31.05,31.18,264
2013.09.24,18:00,31.19,31.44,31.18,31.35,142
2013.09.24,19:00,31.36,31.53,31.35,31.41,91
2013.09.24,20:00,31.40,31.53,31.31,31.53,82
2013.09.24,21:00,31.52,31.65,31.45,31.49,109
2013.09.24,22:00,31.50,31.50,31.22,31.25,130
2013.09.25,16:00,31.38,31.77,31.12,31.76,558
2013.09.25,17:00,31.77,32.02,31.54,31.54,495
2013.09.25,18:00,31.53,31.84,31.31,31.68,265
2013.09.25,19:00,31.67,31.76,31.57,31.62,208
2013.09.25,20:00,31.63,31.68,31.35,31.46,172
2013.09.25,21:00,31.47,31.48,31.30,31.38,152
2013.09.25,22:00,31.39,31.44,31.26,31.33,121
2013.09.26,16:00,31.61,32.07,31.57,32.06,282
2013.09.26,17:00,32.07,32.47,32.07,32.19,297
2013.09.26,18:00,32.18,32.65,32.12,32.61,198
2013.09.26,19:00,32.62,32.99,32.62,32.83,371
2013.09.26,20:00,32.84,32.94,32.57,32.63,145
2013.09.26,21:00,32.62,32.67,32.41,32.57,141
2013.09.26,22:00,32.55,32.77,32.40,32.75,156
2013.09.27,16:00,33.29,33.84,32.76,33.58,730
2013.09.27,17:00,33.57,33.58,33.09,33.33,520
2013.09.27,18:00,33.34,33.70,33.11,33.55,370
2013.09.27,19:00,33.54,33.76,33.49,33.60,199
2013.09.27,20:00,33.59,33.72,33.53,33.68,113
2013.09.27,21:00,33.69,33.71,33.25,33.26,152
2013.09.27,22:00,33.27,33.59,33.15,33.54,251
2013.09.30,16:00,33.07,33.07,32.67,32.90,532
2013.09.30,17:00,32.91,33.53,32.91,33.33,619
2013.09.30,18:00,33.35,33.66,33.14,33.66,515
2013.09.30,19:00,33.65,33.74,33.39,33.47,298
2013.09.30,20:00,33.48,33.56,33.37,33.38,305
2013.09.30,21:00,33.39,33.48,33.19,33.19,271
2013.09.30,22:00,33.18,33.28,33.11,33.16,307
2013.10.01,16:00,33.33,33.73,33.30,33.62,495
2013.10.01,17:00,33.64,33.94,33.55,33.73,569
2013.10.01,18:00,33.68,34.13,33.66,34.09,318
2013.10.01,19:00,34.08,34.30,34.02,34.11,237
2013.10.01,20:00,34.10,34.18,34.01,34.08,176
2013.10.01,21:00,34.09,34.10,33.91,34.06,169
2013.10.01,22:00,34.05,34.31,33.98,34.31,203
2013.10.02,16:00,34.18,34.69,34.05,34.67,583
2013.10.02,17:00,34.68,34.68,33.90,34.16,737
2013.10.02,18:00,34.18,34.49,34.06,34.43,287
2013.10.02,19:00,34.44,34.49,34.25,34.36,217
2013.10.02,20:00,34.35,34.42,34.18,34.38,222
2013.10.02,21:00,34.35,34.41,34.20,34.26,218
2013.10.02,22:00,34.25,34.28,34.09,34.14,223
2013.10.03,16:00,34.32,34.34,33.84,33.94,422
2013.10.03,17:00,33.93,33.95,33.50,33.87,478
2013.10.03,18:00,33.86,33.92,33.35,33.38,424
2013.10.03,19:00,33.37,33.67,33.20,33.43,423
2013.10.03,20:00,33.44,33.89,33.42,33.87,346
2013.10.03,21:00,33.86,33.97,33.54,33.81,443
2013.10.03,22:00,33.80,33.93,33.79,33.87,274
2013.10.04,16:00,33.97,34.62,33.96,34.34,538
2013.10.04,17:00,34.36,34.56,34.25,34.55,486
2013.10.04,18:00,34.54,34.59,34.38,34.55,384
2013.10.04,19:00,34.56,34.78,34.49,34.73,256
2013.10.04,20:00,34.74,34.98,34.67,34.97,187
2013.10.04,21:00,34.98,35.05,34.81,34.86,234
2013.10.04,22:00,34.85,34.91,34.74,34.88,208
2013.10.07,16:00,34.46,34.69,34.28,34.54,466
2013.10.07,17:00,34.55,34.63,34.37,34.43,350
2013.10.07,18:00,34.44,34.52,34.14,34.27,397
2013.10.07,19:00,34.28,34.37,34.20,34.21,216
2013.10.07,20:00,34.24,34.36,34.20,34.33,220
2013.10.07,21:00,34.29,34.34,34.22,34.22,273
2013.10.07,22:00,34.28,34.29,34.08,34.13,238
2013.10.08,16:00,34.47,34.47,33.60,33.69,692
2013.10.08,17:00,34.24,34.24,32.80,32.85,827
2013.10.08,18:00,32.83,32.98,32.11,32.77,1034
2013.10.08,19:00,32.76,32.77,32.30,32.63,656
2013.10.08,20:00,32.61,32.73,32.30,32.32,434
2013.10.08,21:00,32.31,32.72,32.22,32.69,518
2013.10.08,22:00,32.68,33.07,32.50,32.92,472
2013.10.09,16:00,33.03,33.25,32.22,32.55,821
2013.10.09,17:00,32.58,32.70,31.93,32.03,933
2013.10.09,18:00,32.04,32.32,31.79,32.27,570
2013.10.09,19:00,32.28,32.85,32.27,32.67,398
2013.10.09,20:00,32.66,33.08,32.61,32.98,409
2013.10.09,21:00,32.99,33.32,32.95,33.25,513
2013.10.09,22:00,33.26,33.29,32.88,33.00,445
2013.10.10,16:00,33.51,33.88,33.47,33.78,616
2013.10.10,17:00,33.77,33.79,33.33,33.64,494
2013.10.10,18:00,33.63,33.72,33.47,33.54,538
2013.10.10,19:00,33.61,33.64,33.41,33.57,312
2013.10.10,20:00,33.51,33.63,33.46,33.58,213
2013.10.10,21:00,33.57,33.77,33.52,33.77,231
2013.10.10,22:00,33.74,33.90,33.73,33.86,278
2013.10.11,16:00,33.72,34.36,33.70,34.18,502
2013.10.11,17:00,34.17,34.34,33.61,33.68,490
2013.10.11,18:00,33.69,34.19,33.69,34.18,504
2013.10.11,19:00,34.10,34.20,34.04,34.16,313
2013.10.11,20:00,34.15,34.17,34.02,34.06,227
2013.10.11,21:00,34.09,34.12,34.04,34.11,189
2013.10.11,22:00,34.12,34.16,34.04,34.15,195
2013.10.14,16:00,33.75,34.03,33.72,33.81,356
2013.10.14,17:00,33.82,33.90,33.68,33.76,352
2013.10.14,18:00,33.75,34.03,33.73,34.00,258
2013.10.14,19:00,33.99,34.09,33.91,34.08,220
2013.10.14,20:00,34.07,34.09,33.90,33.99,216
2013.10.14,21:00,33.95,34.07,33.85,33.94,299
2013.10.14,22:00,33.92,34.02,33.83,33.99,273
2013.10.15,16:00,34.15,34.16,33.47,33.71,553
2013.10.15,17:00,33.72,34.31,33.55,33.81,568
2013.10.15,18:00,33.80,34.13,33.80,33.84,503
2013.10.15,19:00,33.97,33.97,33.51,33.63,390
2013.10.15,20:00,33.65,33.71,33.42,33.46,269
2013.10.15,21:00,33.44,33.50,33.06,33.23,558
2013.10.15,22:00,33.24,33.47,33.19,33.37,634
2013.10.16,16:00,33.92,34.09,33.50,34.02,876
2013.10.16,17:00,34.03,34.03,33.45,33.55,854
2013.10.16,18:00,33.65,33.65,32.90,32.95,701
2013.10.16,19:00,32.94,33.24,32.83,33.23,447
2013.10.16,20:00,33.24,33.36,32.86,33.04,447
2013.10.16,21:00,32.88,33.28,32.87,33.12,297
2013.10.16,22:00,33.17,33.29,33.06,33.10,295
2013.10.17,16:00,32.87,33.01,32.54,32.60,418
2013.10.17,17:00,32.62,32.80,32.31,32.64,376
2013.10.17,18:00,32.63,32.82,32.60,32.80,235
2013.10.17,19:00,32.74,32.86,32.70,32.76,135
2013.10.17,20:00,32.77,32.81,32.64,32.67,108
2013.10.17,21:00,32.68,32.70,32.55,32.63,144
2013.10.17,22:00,32.62,32.74,32.57,32.72,134
2013.10.18,16:00,33.22,33.65,33.12,33.55,499
2013.10.18,17:00,33.56,33.73,33.16,33.35,615
2013.10.18,18:00,33.36,33.48,33.28,33.35,248
2013.10.18,19:00,33.36,33.44,33.30,33.35,130
2013.10.18,20:00,33.36,33.39,33.18,33.26,132
2013.10.18,21:00,33.27,33.39,33.18,33.38,107
2013.10.18,22:00,33.36,33.44,33.29,33.43,142
2013.10.21,16:00,33.66,34.33,33.66,34.29,511
2013.10.21,17:00,34.28,34.34,33.94,34.03,306
2013.10.21,18:00,34.02,34.07,33.95,33.97,163
2013.10.21,19:00,33.96,34.12,33.92,34.00,127
2013.10.21,20:00,33.98,34.06,33.98,34.06,58
2013.10.21,21:00,34.05,34.05,33.99,33.99,92
2013.10.21,22:00,34.00,34.07,33.95,34.05,143
2013.10.22,16:00,34.23,34.59,34.12,34.38,397
2013.10.22,17:00,34.39,34.44,33.59,33.77,528
2013.10.22,18:00,33.78,34.05,33.65,34.05,353
2013.10.22,19:00,34.06,34.07,33.82,33.87,155
2013.10.22,20:00,33.88,33.94,33.80,33.84,126
2013.10.22,21:00,33.85,34.04,33.74,33.94,219
2013.10.22,22:00,33.93,34.04,33.87,33.94,187
2013.10.23,16:00,33.71,33.81,33.35,33.40,439
2013.10.23,17:00,33.39,33.60,33.25,33.31,485
2013.10.23,18:00,33.32,33.40,33.16,33.37,337
2013.10.23,19:00,33.38,33.42,33.27,33.41,174
2013.10.23,20:00,33.42,33.42,33.18,33.22,186
2013.10.23,21:00,33.23,33.33,33.16,33.25,156
2013.10.23,22:00,33.24,33.25,33.02,33.09,159
2013.10.24,16:00,33.16,33.29,32.93,33.16,398
2013.10.24,17:00,33.14,33.22,32.81,33.13,350
2013.10.24,18:00,33.11,33.18,33.08,33.13,176
2013.10.24,19:00,33.14,33.18,33.08,33.14,82
2013.10.24,20:00,33.15,33.19,33.07,33.09,137
2013.10.24,21:00,33.08,33.15,33.08,33.13,69
2013.10.24,22:00,33.12,33.15,33.07,33.08,65
2013.10.25,16:00,32.31,32.94,32.00,32.88,522
2013.10.25,17:00,32.89,32.93,32.31,32.44,415
2013.10.25,18:00,32.45,32.49,32.32,32.34,223
2013.10.25,19:00,32.33,32.42,32.19,32.37,171
2013.10.25,20:00,32.38,32.42,32.29,32.35,137
2013.10.25,21:00,32.36,32.44,32.30,32.32,84
2013.10.25,22:00,32.33,32.33,32.09,32.26,180
2013.10.28,15:00,32.12,32.43,32.03,32.29,394
2013.10.28,16:00,32.28,32.69,31.78,31.84,391
2013.10.28,17:00,31.83,32.13,31.70,32.06,345
2013.10.28,18:00,32.07,32.19,32.02,32.11,167
2013.10.28,19:00,32.09,32.20,32.07,32.10,62
2013.10.28,20:00,32.11,32.32,32.07,32.31,114
2013.10.28,21:00,32.30,32.35,32.23,32.34,147
2013.10.29,15:00,33.07,33.94,32.82,33.94,898
2013.10.29,16:00,33.93,33.99,33.17,33.30,789
2013.10.29,17:00,33.31,33.43,33.15,33.28,282
2013.10.29,18:00,33.27,33.28,33.05,33.15,338
2013.10.29,19:00,33.14,33.19,32.98,33.19,209
2013.10.29,20:00,33.18,33.31,33.18,33.26,124
2013.10.29,21:00,33.25,33.25,33.05,33.15,160
2013.10.30,15:00,33.33,33.47,33.15,33.21,304
2013.10.30,16:00,33.20,33.26,32.90,32.95,406
2013.10.30,17:00,32.94,33.01,32.65,32.70,241
2013.10.30,18:00,32.69,32.80,32.59,32.71,155
2013.10.30,19:00,32.73,32.73,32.53,32.56,142
2013.10.30,20:00,32.57,32.69,32.38,32.46,451
2013.10.30,21:00,32.47,32.60,32.45,32.56,240
2013.10.31,15:00,32.37,32.89,32.27,32.78,437
2013.10.31,16:00,32.77,32.99,32.68,32.87,531
2013.10.31,17:00,32.88,33.06,32.80,32.95,282
2013.10.31,18:00,32.94,33.11,32.86,32.99,164
2013.10.31,19:00,33.00,33.09,32.96,32.99,116
2013.10.31,20:00,32.98,33.11,32.95,32.95,201
2013.10.31,21:00,32.94,33.02,32.88,32.94,244
2013.11.01,15:00,33.05,33.33,33.05,33.26,284
2013.11.01,16:00,33.24,33.26,33.00,33.17,386
2013.11.01,17:00,33.16,33.28,33.07,33.16,260
2013.11.01,18:00,33.15,33.34,33.13,33.30,160
2013.11.01,19:00,33.31,33.31,33.00,33.20,136
2013.11.01,20:00,33.21,33.27,33.16,33.18,163
2013.11.01,21:00,33.17,33.25,33.16,33.17,86
2013.11.04,16:00,33.18,33.63,33.18,33.43,381
2013.11.04,17:00,33.42,33.58,33.36,33.46,222
2013.11.04,18:00,33.45,33.48,33.07,33.37,182
2013.11.04,19:00,33.36,33.36,33.20,33.28,176
2013.11.04,20:00,33.27,33.28,33.01,33.20,147
2013.11.04,21:00,33.21,33.36,33.21,33.31,145
2013.11.04,22:00,33.24,33.25,33.19,33.19,30
2013.11.05,16:00,33.03,33.03,32.61,32.85,427
2013.11.05,17:00,32.83,32.97,32.55,32.90,364
2013.11.05,18:00,32.91,32.97,32.78,32.83,156
2013.11.05,19:00,32.82,32.98,32.80,32.93,129
2013.11.05,20:00,32.95,32.99,32.88,32.88,90
2013.11.05,21:00,32.90,33.00,32.89,32.94,89
2013.11.05,22:00,32.93,33.07,32.92,32.97,122
2013.11.06,16:00,33.05,33.29,32.98,33.04,414
2013.11.06,17:00,33.03,33.09,32.78,32.84,419
2013.11.06,18:00,32.83,32.89,32.70,32.84,259
2013.11.06,19:00,32.86,32.92,32.76,32.81,160
2013.11.06,20:00,32.80,32.91,32.75,32.85,129
2013.11.06,21:00,32.86,32.93,32.83,32.88,131
2013.11.06,22:00,32.87,32.94,32.82,32.88,168
2013.11.07,16:00,32.94,33.04,32.55,32.72,511
2013.11.07,17:00,32.71,32.74,32.35,32.51,543
2013.11.07,18:00,32.50,32.51,32.27,32.46,319
2013.11.07,19:00,32.47,32.60,32.38,32.40,215
2013.11.07,20:00,32.42,32.44,32.30,32.37,145
2013.11.07,21:00,32.36,32.38,32.21,32.35,162
2013.11.07,22:00,32.34,32.35,32.06,32.12,156
2013.11.08,16:00,32.23,32.59,32.20,32.52,533
2013.11.08,17:00,32.51,32.83,32.51,32.71,601
2013.11.08,18:00,32.72,32.90,32.68,32.85,263
2013.11.08,19:00,32.84,32.98,32.84,32.98,187
2013.11.08,20:00,32.97,33.10,32.96,33.10,117
2013.11.08,21:00,33.11,33.11,32.96,33.00,132
2013.11.08,22:00,32.99,33.11,32.96,33.10,137
2013.11.11,16:00,33.55,33.77,33.26,33.72,526
2013.11.11,17:00,33.70,33.81,33.36,33.52,406
2013.11.11,18:00,33.51,33.79,33.41,33.78,231
2013.11.11,19:00,33.77,33.93,33.69,33.78,173
2013.11.11,20:00,33.77,33.98,33.77,33.93,104
2013.11.11,21:00,33.92,33.94,33.82,33.82,80
2013.11.11,22:00,33.83,33.86,33.77,33.82,66
2013.11.12,16:00,34.01,34.51,33.99,34.41,476
2013.11.12,17:00,34.40,34.44,34.19,34.19,466
2013.11.12,18:00,34.18,34.24,33.92,34.10,378
2013.11.12,19:00,34.11,34.13,33.97,34.03,225
2013.11.12,20:00,34.02,34.08,33.88,33.90,173
2013.11.12,21:00,33.92,34.15,33.92,34.11,232
2013.11.12,22:00,34.13,34.17,33.99,34.08,142
2013.11.13,16:00,33.80,34.02,33.62,33.98,482
2013.11.13,17:00,33.99,34.25,33.84,34.16,514
2013.11.13,18:00,34.15,34.24,34.12,34.18,148
2013.11.13,19:00,34.17,34.50,34.14,34.50,134
2013.11.13,20:00,34.51,34.76,34.42,34.75,138
2013.11.13,21:00,34.76,34.87,34.66,34.85,95
2013.11.13,22:00,34.84,35.11,34.83,35.10,170
2013.11.14,16:00,35.16,35.43,34.76,35.40,599
2013.11.14,17:00,35.39,35.46,35.06,35.40,684
2013.11.14,18:00,35.39,35.48,35.25,35.26,263
2013.11.14,19:00,35.25,35.44,35.25,35.34,137
2013.11.14,20:00,35.35,35.73,35.33,35.72,179
2013.11.14,21:00,35.71,35.82,35.69,35.76,213
2013.11.14,22:00,35.77,35.89,35.66,35.69,168
2013.11.15,16:00,35.80,35.93,35.60,35.92,338
2013.11.15,17:00,35.91,35.92,35.39,35.43,337
2013.11.15,18:00,35.42,35.65,35.40,35.43,191
2013.11.15,19:00,35.42,35.51,35.31,35.41,135
2013.11.15,20:00,35.42,35.44,35.30,35.30,94
2013.11.15,21:00,35.31,35.50,35.30,35.38,116
2013.11.15,22:00,35.40,35.52,35.37,35.44,84
2013.11.18,16:00,35.64,36.18,35.64,35.73,438
2013.11.18,17:00,35.71,35.95,35.48,35.92,373
2013.11.18,18:00,35.91,35.98,35.70,35.81,254
2013.11.18,19:00,35.82,35.88,35.68,35.70,206
2013.11.18,20:00,35.68,35.69,35.49,35.50,198
2013.11.18,21:00,35.51,35.52,35.23,35.24,179
2013.11.18,22:00,35.23,35.24,34.51,34.98,637
2013.11.19,16:00,34.94,34.95,34.55,34.92,483
2013.11.19,17:00,34.94,35.01,34.73,34.98,556
2013.11.19,18:00,34.97,35.08,34.91,35.02,274
2013.11.19,19:00,35.01,35.16,34.83,34.84,201
2013.11.19,20:00,34.83,34.86,34.57,34.67,316
2013.11.19,21:00,34.66,34.75,34.52,34.68,294
2013.11.19,22:00,34.69,34.76,34.51,34.62,220
2013.11.20,16:00,35.43,35.81,35.26,35.43,577
2013.11.20,17:00,35.42,35.55,35.21,35.55,601
2013.11.20,18:00,35.54,35.79,35.48,35.77,282
2013.11.20,19:00,35.78,36.21,35.78,36.08,340
2013.11.20,20:00,36.09,36.21,35.77,35.89,244
2013.11.20,21:00,35.90,35.90,35.35,35.48,571
2013.11.20,22:00,35.49,35.60,35.22,35.60,325
2013.11.21,16:00,36.29,36.61,36.22,36.41,639
2013.11.21,17:00,36.40,36.61,36.32,36.46,497
2013.11.21,18:00,36.48,36.52,36.32,36.52,248
2013.11.21,19:00,36.53,36.66,36.47,36.56,132
2013.11.21,20:00,36.55,36.61,36.41,36.52,102
2013.11.21,21:00,36.55,36.56,36.25,36.25,121
2013.11.21,22:00,36.26,36.34,36.25,36.30,72
2013.11.22,16:00,36.18,36.28,35.96,36.16,383
2013.11.22,17:00,36.17,36.39,36.06,36.30,376
2013.11.22,18:00,36.32,36.58,36.29,36.56,308
2013.11.22,19:00,36.57,36.63,36.36,36.53,231
2013.11.22,20:00,36.52,36.57,36.35,36.39,104
2013.11.22,21:00,36.38,36.50,36.37,36.45,115
2013.11.22,22:00,36.46,36.52,36.45,36.48,114
2013.11.25,16:00,36.74,36.83,36.28,36.35,463
2013.11.25,17:00,36.34,36.41,35.96,36.13,505
2013.11.25,18:00,36.14,36.26,36.13,36.20,176
2013.11.25,19:00,36.18,36.33,36.18,36.27,107
2013.11.25,20:00,36.26,36.53,36.25,36.38,145
2013.11.25,21:00,36.37,36.47,36.31,36.44,98
2013.11.25,22:00,36.43,36.43,36.23,36.29,170
2013.11.26,16:00,36.30,36.44,36.11,36.21,318
2013.11.26,17:00,36.22,36.64,36.17,36.59,219
2013.11.26,18:00,36.60,36.66,36.51,36.51,137
2013.11.26,19:00,36.53,36.74,36.53,36.73,138
2013.11.26,20:00,36.71,36.74,36.67,36.70,62
2013.11.26,21:00,36.71,36.74,36.58,36.72,82
2013.11.26,22:00,36.71,36.74,36.61,36.64,108
2013.11.27,16:00,36.68,36.96,36.51,36.96,348
2013.11.27,17:00,36.97,37.11,36.81,36.84,277
2013.11.27,18:00,36.83,37.06,36.81,36.93,192
2013.11.27,19:00,36.92,37.03,36.88,36.93,137
2013.11.27,20:00,36.92,36.97,36.89,36.92,121
2013.11.27,21:00,36.91,36.96,36.90,36.94,67
2013.11.27,22:00,36.93,36.98,36.91,36.96,53
2013.11.29,16:00,36.95,37.18,36.90,37.15,317
2013.11.29,17:00,37.14,37.33,37.09,37.24,187
2013.11.29,18:00,37.23,37.25,37.11,37.11,155
2013.11.29,19:00,37.12,37.20,36.90,36.98,148
2013.12.02,16:00,37.06,37.12,36.69,36.79,287
2013.12.02,17:00,36.80,37.10,36.77,36.95,302
2013.12.02,18:00,36.96,37.04,36.80,36.90,188
2013.12.02,19:00,36.91,37.05,36.90,37.05,70
2013.12.02,20:00,37.04,37.14,36.81,37.03,177
2013.12.02,21:00,37.04,37.04,36.80,36.98,148
2013.12.02,22:00,36.99,37.11,36.92,36.98,139
2013.12.03,16:00,36.76,36.93,36.62,36.93,366
2013.12.03,17:00,36.94,37.07,36.66,36.69,303
2013.12.03,18:00,36.70,36.82,36.38,36.53,240
2013.12.03,19:00,36.52,36.61,36.34,36.47,126
2013.12.03,20:00,36.48,36.56,36.37,36.50,147
2013.12.03,21:00,36.51,36.56,36.37,36.52,106
2013.12.03,22:00,36.51,36.56,36.35,36.56,159
2013.12.04,16:00,36.38,36.77,36.25,36.74,344
2013.12.04,17:00,36.71,36.92,36.64,36.91,331
2013.12.04,18:00,36.90,37.32,36.85,37.32,257
2013.12.04,19:00,37.31,37.51,37.25,37.35,221
2013.12.04,20:00,37.37,37.42,37.27,37.37,174
2013.12.04,21:00,37.38,37.62,37.35,37.55,159
2013.12.04,22:00,37.54,38.14,37.49,38.13,319
2013.12.05,16:00,38.14,38.55,38.12,38.25,423
2013.12.05,17:00,38.24,38.79,38.05,38.61,693
2013.12.05,18:00,38.60,38.62,38.33,38.34,335
2013.12.05,19:00,38.33,38.81,38.33,38.81,212
2013.12.05,20:00,38.80,38.88,38.65,38.79,209
2013.12.05,21:00,38.78,38.92,38.65,38.82,196
2013.12.05,22:00,38.81,39.30,38.69,38.86,420
2013.12.06,16:00,39.22,39.24,38.54,39.00,527
2013.12.06,17:00,39.02,39.16,38.98,39.04,400
2013.12.06,18:00,39.00,39.17,38.98,39.17,144
2013.12.06,19:00,39.20,39.28,39.00,39.01,191
2013.12.06,20:00,39.00,39.12,38.83,38.84,175
2013.12.06,21:00,38.85,38.99,38.79,38.93,148
2013.12.06,22:00,38.94,39.05,38.68,38.84,152
2013.12.09,16:00,39.13,39.19,39.04,39.14,391
2013.12.09,17:00,39.13,39.15,38.65,38.94,556
2013.12.09,18:00,38.93,38.99,38.87,38.90,126
2013.12.09,19:00,38.91,38.92,38.60,38.73,184
2013.12.09,20:00,38.74,38.74,38.57,38.69,84
2013.12.09,21:00,38.68,38.92,38.65,38.86,146
2013.12.09,22:00,38.87,38.90,38.81,38.85,122
2013.12.10,16:00,38.93,39.62,38.92,39.28,540
2013.12.10,17:00,39.29,39.72,39.29,39.69,500
2013.12.10,18:00,39.71,39.89,39.70,39.84,384
2013.12.10,19:00,39.85,39.91,39.77,39.87,157
2013.12.10,20:00,39.88,40.06,39.82,39.91,129
2013.12.10,21:00,39.92,40.08,39.92,40.06,116
2013.12.10,22:00,40.05,40.24,40.05,40.21,92
2013.12.11,16:00,39.97,40.14,39.71,39.82,362
2013.12.11,17:00,39.83,39.92,39.44,39.70,737
2013.12.11,18:00,39.69,39.81,39.54,39.67,270
2013.12.11,19:00,39.66,39.69,39.45,39.51,277
2013.12.11,20:00,39.52,39.81,39.51,39.76,213
2013.12.11,21:00,39.75,39.75,39.36,39.41,249
2013.12.11,22:00,39.43,39.43,38.94,39.15,329
2013.12.12,16:00,39.02,39.70,39.00,39.41,539
2013.12.12,17:00,39.40,39.87,39.39,39.82,506
2013.12.12,18:00,39.81,39.91,39.61,39.62,211
2013.12.12,19:00,39.61,39.63,39.23,39.38,332
2013.12.12,20:00,39.37,39.90,39.37,39.90,206
2013.12.12,21:00,39.91,39.98,39.56,39.69,196
2013.12.12,22:00,39.68,39.68,39.33,39.35,207
2013.12.13,16:00,39.63,40.11,39.61,39.95,476
2013.12.13,17:00,39.94,40.19,39.74,39.96,440
2013.12.13,18:00,39.97,40.05,39.61,39.76,302
2013.12.13,19:00,39.77,39.77,39.61,39.72,132
2013.12.13,20:00,39.71,39.82,39.66,39.77,65
2013.12.13,21:00,39.76,39.79,39.56,39.73,109
2013.12.13,22:00,39.74,39.90,39.70,39.71,98
2013.12.16,16:00,39.93,40.25,39.84,40.09,482
2013.12.16,17:00,40.08,40.17,39.78,39.88,458
2013.12.16,18:00,39.89,39.99,39.64,39.78,265
2013.12.16,19:00,39.79,39.96,39.71,39.86,158
2013.12.16,20:00,39.87,39.89,39.61,39.68,115
2013.12.16,21:00,39.69,39.77,39.61,39.74,80
2013.12.16,22:00,39.75,39.80,39.70,39.72,64
2013.12.17,16:00,39.96,39.97,39.50,39.66,416
2013.12.17,17:00,39.67,39.94,39.40,39.57,342
2013.12.17,18:00,39.56,39.71,39.50,39.69,148
2013.12.17,19:00,39.68,39.70,39.58,39.67,75
2013.12.17,20:00,39.66,39.68,39.59,39.59,60
2013.12.17,21:00,39.60,39.71,39.52,39.54,92
2013.12.17,22:00,39.55,39.62,39.48,39.49,44
2013.12.18,16:00,39.53,39.74,39.30,39.38,438
2013.12.18,17:00,39.35,39.46,39.20,39.33,296
2013.12.18,18:00,39.34,39.37,38.90,38.97,199
2013.12.18,19:00,38.98,39.17,38.95,39.03,175
2013.12.18,20:00,39.02,39.12,38.82,39.11,191
2013.12.18,21:00,39.00,39.83,38.85,39.78,835
2013.12.18,22:00,39.79,40.03,39.74,40.03,282
2013.12.19,16:00,40.05,40.34,39.99,40.11,475
2013.12.19,17:00,40.12,40.19,39.91,40.04,445
2013.12.19,18:00,40.03,40.27,39.91,40.25,96
2013.12.19,19:00,40.26,40.36,40.20,40.27,121
2013.12.19,20:00,40.28,40.37,40.27,40.34,77
2013.12.19,21:00,40.33,40.35,40.17,40.21,113
2013.12.19,22:00,40.20,40.24,40.12,40.19,109
2013.12.20,16:00,40.37,40.59,40.33,40.38,185
2013.12.20,17:00,40.39,40.51,40.22,40.48,193
2013.12.20,18:00,40.47,40.51,40.44,40.49,79
2013.12.20,19:00,40.50,40.50,40.37,40.40,81
2013.12.20,20:00,40.41,40.43,40.35,40.39,45
2013.12.20,21:00,40.40,40.41,40.33,40.35,40
2013.12.20,22:00,40.36,40.36,40.12,40.15,97
2013.12.23,16:00,40.27,40.40,40.13,40.36,296
2013.12.23,17:00,40.38,40.75,40.28,40.61,310
2013.12.23,18:00,40.62,40.71,40.55,40.71,114
2013.12.23,19:00,40.72,40.77,40.67,40.72,103
2013.12.23,20:00,40.73,40.79,40.66,40.72,76
2013.12.23,21:00,40.73,40.74,40.63,40.66,91
2013.12.23,22:00,40.68,40.77,40.63,40.77,99
2013.12.24,16:00,40.89,40.94,40.66,40.90,312
2013.12.24,17:00,40.91,40.93,40.67,40.86,277
2013.12.24,18:00,40.85,40.90,40.78,40.81,61
2013.12.26,16:00,40.97,40.99,40.24,40.26,345
2013.12.26,17:00,40.25,40.71,40.22,40.55,262
2013.12.26,18:00,40.56,40.65,40.51,40.61,81
2013.12.26,19:00,40.62,40.72,40.54,40.56,99
2013.12.26,20:00,40.57,40.61,40.52,40.56,65
2013.12.26,21:00,40.55,40.63,40.50,40.58,57
2013.12.26,22:00,40.57,40.67,40.57,40.64,74
2013.12.27,16:00,40.72,40.72,40.43,40.61,314
2013.12.27,17:00,40.60,40.62,40.32,40.42,245
2013.12.27,18:00,40.43,40.65,40.43,40.65,99
2013.12.27,19:00,40.64,40.69,40.57,40.58,65
2013.12.27,20:00,40.57,40.57,40.46,40.49,29
2013.12.27,21:00,40.50,40.52,40.40,40.42,46
2013.12.27,22:00,40.43,40.48,40.40,40.47,47
2013.12.30,16:00,40.44,40.56,39.86,39.86,349
2013.12.30,17:00,39.87,40.24,39.87,40.02,254
2013.12.30,18:00,40.01,40.20,40.01,40.16,140
2013.12.30,19:00,40.15,40.18,39.95,40.00,148
2013.12.30,20:00,40.01,40.16,39.99,40.15,119
2013.12.30,21:00,40.14,40.26,40.13,40.20,73
2013.12.30,22:00,40.19,40.19,40.07,40.18,57
2013.12.31,16:00,40.17,40.24,40.00,40.06,340
2013.12.31,17:00,40.05,40.45,40.00,40.43,249
2013.12.31,18:00,40.44,40.49,40.29,40.30,83
2014.01.02,16:00,40.34,40.48,40.10,40.18,438
2014.01.02,17:00,40.17,40.26,39.90,39.93,314
2014.01.02,18:00,39.94,40.01,39.32,39.39,301
2014.01.02,19:00,39.40,39.50,39.35,39.50,184
2014.01.02,20:00,39.52,39.61,39.40,39.51,115
2014.01.02,21:00,39.52,39.68,39.50,39.61,137
2014.01.02,22:00,39.62,39.77,39.56,39.59,113
2014.01.03,16:00,40.14,40.36,39.87,40.25,412
2014.01.03,17:00,40.24,40.34,40.14,40.24,198
2014.01.03,18:00,40.23,40.24,39.97,40.03,200
2014.01.03,19:00,40.04,40.21,40.02,40.16,98
2014.01.03,20:00,40.17,40.28,40.10,40.22,76
2014.01.03,21:00,40.23,40.27,40.19,40.23,57
2014.01.03,22:00,40.22,40.25,40.08,40.11,125
2014.01.06,16:00,40.00,40.20,39.90,39.97,322
2014.01.06,17:00,39.96,40.02,39.77,39.93,239
2014.01.06,18:00,39.92,39.98,39.76,39.87,234
2014.01.06,19:00,39.88,39.90,39.75,39.83,166
2014.01.06,20:00,39.82,39.97,39.79,39.92,98
2014.01.06,21:00,39.93,40.31,39.93,40.19,130
2014.01.06,22:00,40.18,40.21,39.92,39.92,123
2014.01.07,16:00,40.23,40.77,40.22,40.70,325
2014.01.07,17:00,40.69,41.20,40.65,41.01,442
2014.01.07,18:00,41.02,41.03,40.85,40.93,170
2014.01.07,19:00,40.92,41.01,40.83,40.88,113
2014.01.07,20:00,40.89,41.00,40.82,40.97,109
2014.01.07,21:00,40.98,40.98,40.71,40.87,175
2014.01.07,22:00,40.89,40.94,40.85,40.90,85
2014.01.08,16:00,41.25,41.68,41.13,41.48,460
2014.01.08,17:00,41.49,41.71,41.41,41.55,395
2014.01.08,18:00,41.56,41.64,41.51,41.55,242
2014.01.08,19:00,41.56,41.64,41.50,41.59,178
2014.01.08,20:00,41.58,41.69,41.55,41.58,119
2014.01.08,21:00,41.56,41.65,41.45,41.51,279
2014.01.08,22:00,41.50,41.54,41.03,41.03,234
2014.01.09,16:00,41.33,41.34,40.90,41.08,409
2014.01.09,17:00,41.09,41.11,40.61,41.01,456
2014.01.09,18:00,41.00,41.00,40.77,40.83,325
2014.01.09,19:00,40.82,40.91,40.80,40.90,179
2014.01.09,20:00,40.89,40.91,40.74,40.76,181
2014.01.09,21:00,40.75,41.01,40.63,40.91,187
2014.01.09,22:00,40.92,40.99,40.88,40.92,138
2014.01.10,16:00,40.94,41.04,40.82,41.04,367
2014.01.10,17:00,41.02,41.34,40.93,41.28,492
2014.01.10,18:00,41.27,41.33,41.06,41.23,370
2014.01.10,19:00,41.22,41.24,41.12,41.15,216
2014.01.10,20:00,41.16,41.35,41.13,41.22,160
2014.01.10,21:00,41.23,41.30,41.14,41.19,123
2014.01.10,22:00,41.18,41.24,41.15,41.22,187
2014.01.13,16:00,41.21,41.21,40.58,40.86,472
2014.01.13,17:00,40.88,41.03,40.80,40.92,300
2014.01.13,18:00,40.94,41.03,40.86,40.99,116
2014.01.13,19:00,41.00,41.00,40.73,40.73,136
2014.01.13,20:00,40.72,40.75,40.50,40.55,201
2014.01.13,21:00,40.56,40.56,40.11,40.16,288
2014.01.13,22:00,40.14,40.14,39.80,39.98,404
2014.01.14,16:00,40.25,40.26,40.04,40.16,355
2014.01.14,17:00,40.15,40.56,40.15,40.49,319
2014.01.14,18:00,40.51,40.75,40.50,40.74,190
2014.01.14,19:00,40.72,40.80,40.68,40.77,147
2014.01.14,20:00,40.78,40.88,40.69,40.76,145
2014.01.14,21:00,40.77,41.01,40.73,40.92,159
2014.01.14,22:00,40.90,41.13,40.87,41.13,176
2014.01.15,16:00,41.06,41.30,40.95,41.00,275
2014.01.15,17:00,41.03,41.08,40.76,40.79,275
2014.01.15,18:00,40.80,41.10,40.80,40.99,204
2014.01.15,19:00,41.01,41.25,40.98,40.98,153
2014.01.15,20:00,40.99,41.06,40.92,40.92,123
2014.01.15,21:00,40.93,41.11,40.89,41.10,138
2014.01.15,22:00,41.11,41.14,41.04,41.06,116
2014.01.16,16:00,40.42,40.74,40.27,40.60,337
2014.01.16,17:00,40.58,40.62,40.11,40.25,398
2014.01.16,18:00,40.24,40.39,40.17,40.34,178
2014.01.16,19:00,40.33,40.35,40.15,40.17,321
2014.01.16,20:00,40.18,40.24,40.13,40.21,117
2014.01.16,21:00,40.22,40.28,40.17,40.20,73
2014.01.16,22:00,40.19,40.37,40.14,40.33,127
2014.01.17,16:00,40.11,40.39,39.47,39.98,444
2014.01.17,17:00,39.99,40.34,39.92,40.14,296
2014.01.17,18:00,40.15,40.15,39.97,39.99,137
2014.01.17,19:00,39.98,40.10,39.96,39.98,130
2014.01.17,20:00,39.99,40.00,39.82,39.86,100
2014.01.17,21:00,39.87,40.00,39.87,40.00,96
2014.01.17,22:00,39.99,40.02,39.77,40.00,132
2014.01.21,16:00,39.98,40.04,39.50,39.50,329
2014.01.21,17:00,39.48,39.64,39.35,39.45,238
2014.01.21,18:00,39.46,39.46,39.09,39.19,251
2014.01.21,19:00,39.18,39.27,38.86,39.06,180
2014.01.21,20:00,39.09,39.19,39.00,39.14,115
2014.01.21,21:00,39.15,39.47,39.15,39.47,92
2014.01.21,22:00,39.46,39.56,39.41,39.51,116
2014.01.22,16:00,39.64,39.72,39.31,39.62,302
2014.01.22,17:00,39.64,39.92,39.54,39.69,257
2014.01.22,18:00,39.70,39.98,39.66,39.85,126
2014.01.22,19:00,39.84,40.12,39.84,40.07,94
2014.01.22,20:00,40.05,40.09,39.95,40.02,99
2014.01.22,21:00,40.03,40.08,40.01,40.05,72
2014.01.22,22:00,40.06,40.39,40.02,40.17,161
2014.01.23,16:00,39.33,39.59,39.20,39.40,402
2014.01.23,17:00,39.41,39.48,39.21,39.37,309
2014.01.23,18:00,39.36,39.75,39.32,39.74,234
2014.01.23,19:00,39.72,39.76,39.50,39.56,237
2014.01.23,20:00,39.55,39.55,39.30,39.31,157
2014.01.23,21:00,39.30,39.47,39.14,39.26,189
2014.01.23,22:00,39.25,39.44,39.23,39.41,164
2014.01.24,16:00,38.59,38.60,37.69,38.41,598
2014.01.24,17:00,38.42,38.97,38.33,38.38,712
2014.01.24,18:00,38.39,38.43,37.86,38.14,461
2014.01.24,19:00,38.15,38.55,38.12,38.54,279
2014.01.24,20:00,38.53,38.54,38.27,38.39,183
2014.01.24,21:00,38.38,38.38,38.18,38.32,182
2014.01.24,22:00,38.30,38.32,37.90,37.91,272
2014.01.27,16:00,37.62,37.93,37.36,37.74,555
2014.01.27,17:00,37.75,37.82,36.88,37.31,907
2014.01.27,18:00,37.30,37.56,37.12,37.14,474
2014.01.27,19:00,37.15,37.15,36.68,36.96,554
2014.01.27,20:00,36.95,37.20,36.93,37.05,286
2014.01.27,21:00,37.06,37.34,37.00,37.24,293
2014.01.27,22:00,37.23,37.24,36.62,36.65,270
2014.01.28,16:00,36.60,36.92,36.54,36.84,434
2014.01.28,17:00,36.85,37.34,36.84,37.14,533
2014.01.28,18:00,37.12,37.32,36.96,37.01,347
2014.01.28,19:00,37.02,37.24,36.99,37.19,164
2014.01.28,20:00,37.21,37.78,37.18,37.74,289
2014.01.28,21:00,37.73,37.93,37.50,37.90,496
2014.01.28,22:00,37.88,38.26,37.57,38.20,418
2014.01.29,16:00,35.68,36.30,35.20,36.02,1259
2014.01.29,17:00,36.01,36.13,35.01,35.09,984
2014.01.29,18:00,35.10,35.84,35.10,35.74,642
2014.01.29,19:00,35.72,35.72,35.16,35.41,484
2014.01.29,20:00,35.40,35.42,34.92,34.99,348
2014.01.29,21:00,34.97,35.40,34.84,34.88,822
2014.01.29,22:00,34.89,35.09,34.83,34.90,430
2014.01.30,16:00,34.91,35.07,34.45,34.83,559
2014.01.30,17:00,34.84,35.80,34.70,35.32,700
2014.01.30,18:00,35.33,35.68,35.21,35.52,314
2014.01.30,19:00,35.53,35.69,35.43,35.67,169
2014.01.30,20:00,35.66,35.69,35.46,35.58,120
2014.01.30,21:00,35.59,35.59,35.34,35.44,181
2014.01.30,22:00,35.45,35.50,35.26,35.30,176
2014.01.31,16:00,34.65,35.21,34.58,35.15,486
2014.01.31,17:00,35.14,36.22,35.08,35.96,600
2014.01.31,18:00,35.95,36.01,35.82,35.90,333
2014.01.31,19:00,35.91,35.98,35.77,35.93,230
2014.01.31,20:00,35.92,36.30,35.90,36.30,190
2014.01.31,21:00,36.29,36.32,36.02,36.05,220
2014.01.31,22:00,36.04,36.09,35.96,35.99,215
2014.02.03,16:00,35.97,35.99,35.51,35.76,380
2014.02.03,17:00,35.74,35.74,35.30,35.44,593
2014.02.03,18:00,35.43,35.51,35.20,35.20,349
2014.02.03,19:00,35.18,35.34,35.10,35.23,320
2014.02.03,20:00,35.24,35.27,34.84,34.91,389
2014.02.03,21:00,34.90,35.07,34.66,34.67,268
2014.02.03,22:00,34.66,35.10,34.66,34.90,338
2014.02.04,16:00,35.05,35.18,34.85,35.08,432
2014.02.04,17:00,35.09,35.17,34.91,34.98,424
2014.02.04,18:00,34.99,35.61,34.99,35.61,302
2014.02.04,19:00,35.60,35.81,35.56,35.76,188
2014.02.04,20:00,35.77,35.79,35.54,35.56,129
2014.02.04,21:00,35.58,35.86,35.55,35.84,172
2014.02.04,22:00,35.83,35.83,35.47,35.65,303
2014.02.05,16:00,35.58,35.89,35.34,35.55,408
2014.02.05,17:00,35.57,35.67,34.99,35.24,633
2014.02.05,18:00,35.23,35.57,35.20,35.54,298
2014.02.05,19:00,35.55,35.64,35.41,35.52,173
2014.02.05,20:00,35.53,35.82,35.50,35.74,206
2014.02.05,21:00,35.73,35.79,35.49,35.49,161
2014.02.05,22:00,35.50,35.63,35.44,35.50,269
2014.02.06,16:00,35.65,36.42,35.61,36.40,389
2014.02.06,17:00,36.41,36.73,36.35,36.44,556
2014.02.06,18:00,36.45,36.58,36.42,36.42,241
2014.02.06,19:00,36.43,36.50,36.35,36.39,151
2014.02.06,20:00,36.38,36.42,36.21,36.24,127
2014.02.06,21:00,36.25,36.41,36.20,36.40,141
2014.02.06,22:00,36.42,36.46,36.19,36.23,188
2014.02.07,16:00,36.61,37.05,36.50,36.77,479
2014.02.07,17:00,36.78,36.85,36.24,36.60,509
2014.02.07,18:00,36.61,36.86,36.56,36.85,216
2014.02.07,19:00,36.86,36.95,36.75,36.95,177
2014.02.07,20:00,36.97,37.01,36.85,36.97,139
2014.02.07,21:00,36.98,37.13,36.93,37.10,146
2014.02.07,22:00,37.11,37.26,37.07,37.21,137
2014.02.10,16:00,38.04,38.10,37.44,37.70,766
2014.02.10,17:00,37.69,37.72,37.25,37.53,534
2014.02.10,18:00,37.52,37.69,37.36,37.53,285
2014.02.10,19:00,37.52,37.78,37.45,37.78,279
2014.02.10,20:00,37.77,37.82,37.51,37.56,177
2014.02.10,21:00,37.55,37.69,37.55,37.59,158
2014.02.10,22:00,37.60,37.76,37.53,37.74,204
2014.02.11,16:00,38.09,38.85,38.09,38.70,501
2014.02.11,17:00,38.69,38.74,38.35,38.44,362
2014.02.11,18:00,38.42,38.55,38.21,38.45,309
2014.02.11,19:00,38.44,38.50,38.23,38.32,159
2014.02.11,20:00,38.33,38.40,38.26,38.28,152
2014.02.11,21:00,38.30,38.47,38.28,38.46,165
2014.02.11,22:00,38.45,38.56,38.45,38.50,143
2014.02.12,16:00,38.56,38.90,38.42,38.55,428
2014.02.12,17:00,38.56,38.58,38.31,38.36,448
2014.02.12,18:00,38.35,38.56,38.22,38.23,255
2014.02.12,19:00,38.22,38.26,38.12,38.20,180
2014.02.12,20:00,38.19,38.20,38.15,38.19,129
2014.02.12,21:00,38.17,38.20,38.02,38.09,124
2014.02.12,22:00,38.08,38.14,38.04,38.10,176
2014.02.13,16:00,37.83,38.32,37.80,38.29,384
2014.02.13,17:00,38.28,38.63,38.27,38.61,400
2014.02.13,18:00,38.59,38.68,38.50,38.54,263
2014.02.13,19:00,38.55,38.65,38.51,38.56,178
2014.02.13,20:00,38.57,38.62,38.53,38.53,124
2014.02.13,21:00,38.54,38.54,38.25,38.34,211
2014.02.13,22:00,38.32,38.53,38.28,38.50,240
2014.02.14,16:00,38.35,38.43,38.12,38.30,387
2014.02.14,17:00,38.32,38.43,38.11,38.19,411
2014.02.14,18:00,38.18,38.38,38.16,38.27,188
2014.02.14,19:00,38.26,38.28,38.17,38.19,115
2014.02.14,20:00,38.18,38.35,38.18,38.35,166
2014.02.14,21:00,38.36,38.43,38.29,38.30,146
2014.02.14,22:00,38.29,38.32,38.13,38.22,113
2014.02.18,16:00,38.32,38.38,38.12,38.21,241
2014.02.18,17:00,38.19,38.53,38.09,38.51,375
2014.02.18,18:00,38.52,38.58,38.38,38.39,204
2014.02.18,19:00,38.40,38.45,38.33,38.34,93
2014.02.18,20:00,38.35,38.38,38.29,38.35,101
2014.02.18,21:00,38.36,38.38,38.28,38.29,92
2014.02.18,22:00,38.26,38.35,38.22,38.30,103
2014.02.19,16:00,37.97,38.32,37.87,38.13,314
2014.02.19,17:00,38.14,38.27,37.98,38.17,224
2014.02.19,18:00,38.20,38.21,37.88,37.92,158
2014.02.19,19:00,37.91,37.99,37.76,37.78,205
2014.02.19,20:00,37.79,37.99,37.68,37.88,123
2014.02.19,21:00,37.89,37.97,37.77,37.82,250
2014.02.19,22:00,37.83,37.85,37.70,37.81,171
2014.02.20,16:00,37.79,38.04,37.39,37.58,543
2014.02.20,17:00,37.54,37.74,37.48,37.60,398
2014.02.20,18:00,37.61,37.69,37.31,37.42,260
2014.02.20,19:00,37.43,37.66,37.40,37.59,213
2014.02.20,20:00,37.61,37.64,37.56,37.61,138
2014.02.20,21:00,37.60,37.77,37.57,37.75,183
2014.02.20,22:00,37.74,37.82,37.68,37.78,140
2014.02.21,16:00,37.93,37.95,37.57,37.63,376
2014.02.21,17:00,37.64,37.66,37.22,37.35,389
2014.02.21,18:00,37.36,37.41,37.28,37.37,222
2014.02.21,19:00,37.38,37.50,37.32,37.45,117
2014.02.21,20:00,37.46,37.54,37.41,37.52,115
2014.02.21,21:00,37.54,37.57,37.35,37.38,141
2014.02.21,22:00,37.39,37.42,37.26,37.29,134
2014.02.24,16:00,37.23,37.42,36.82,37.09,419
2014.02.24,17:00,37.10,37.51,37.00,37.44,331
2014.02.24,18:00,37.45,37.45,37.21,37.21,166
2014.02.24,19:00,37.22,37.27,37.18,37.27,124
2014.02.24,20:00,37.26,37.55,37.26,37.54,134
2014.02.24,21:00,37.55,37.70,37.46,37.47,200
2014.02.24,22:00,37.48,37.48,37.32,37.42,171
2014.02.25,16:00,37.45,37.46,37.05,37.14,354
2014.02.25,17:00,37.16,37.42,37.02,37.41,470
2014.02.25,18:00,37.42,37.54,37.32,37.33,193
2014.02.25,19:00,37.32,37.37,37.19,37.32,172
2014.02.25,20:00,37.33,37.39,37.28,37.38,121
2014.02.25,21:00,37.37,37.43,37.31,37.34,168
2014.02.25,22:00,37.33,37.33,37.17,37.25,186
2014.02.26,16:00,37.35,37.80,37.35,37.61,437
2014.02.26,17:00,37.63,38.00,37.59,37.94,318
2014.02.26,18:00,37.95,38.09,37.92,37.96,175
2014.02.26,19:00,37.95,38.01,37.92,37.96,113
2014.02.26,20:00,37.95,38.00,37.82,37.83,97
2014.02.26,21:00,37.86,37.89,37.44,37.64,319
2014.02.26,22:00,37.65,37.68,37.43,37.62,310
2014.02.27,16:00,37.77,38.12,37.74,37.99,381
2014.02.27,17:00,38.02,38.44,37.85,38.21,462
2014.02.27,18:00,38.20,38.25,38.09,38.21,220
2014.02.27,19:00,38.20,38.34,38.15,38.26,149
2014.02.27,20:00,38.27,38.38,38.24,38.37,112
2014.02.27,21:00,38.36,38.43,38.25,38.38,161
2014.02.27,22:00,38.39,38.46,38.33,38.46,154
2014.02.28,16:00,38.56,39.36,38.55,38.99,331
2014.02.28,17:00,38.98,39.15,38.76,39.02,307
2014.02.28,18:00,39.01,39.17,39.00,39.11,194
2014.02.28,19:00,39.12,39.18,39.02,39.07,106
2014.02.28,20:00,39.06,39.10,38.89,38.89,118
2014.02.28,21:00,38.88,38.90,38.49,38.58,153
2014.02.28,22:00,38.57,38.69,38.22,38.66,517
2014.03.03,16:00,37.67,38.18,37.43,37.96,718
2014.03.03,17:00,37.99,38.49,37.89,38.49,690
2014.03.03,18:00,38.51,38.54,38.01,38.01,366
2014.03.03,19:00,38.02,38.28,37.85,38.28,360
2014.03.03,20:00,38.27,38.39,38.19,38.36,201
2014.03.03,21:00,38.35,38.65,38.32,38.45,246
2014.03.03,22:00,38.44,38.44,38.14,38.25,411
2014.03.04,16:00,38.77,39.27,38.77,39.27,431
2014.03.04,17:00,39.28,39.78,39.16,39.45,491
2014.03.04,18:00,39.41,39.53,39.33,39.51,237
2014.03.04,19:00,39.50,39.69,39.46,39.64,157
2014.03.04,20:00,39.63,39.73,39.40,39.46,232
2014.03.04,21:00,39.45,39.59,39.37,39.57,174
2014.03.04,22:00,39.58,39.69,39.55,39.61,127
2014.03.05,16:00,39.80,40.14,39.49,39.61,563
2014.03.05,17:00,39.60,39.69,39.47,39.52,327
2014.03.05,18:00,39.53,39.67,39.40,39.40,219
2014.03.05,19:00,39.38,39.47,39.19,39.44,206
2014.03.05,20:00,39.45,39.53,39.40,39.40,116
2014.03.05,21:00,39.42,39.56,39.42,39.49,105
2014.03.05,22:00,39.48,39.56,39.43,39.50,110
2014.03.06,16:00,39.52,39.97,39.50,39.88,309
2014.03.06,17:00,39.86,39.94,39.74,39.90,269
2014.03.06,18:00,39.88,39.89,39.73,39.83,105
2014.03.06,19:00,39.82,39.84,39.65,39.76,59
2014.03.06,20:00,39.78,39.85,39.66,39.67,132
2014.03.06,21:00,39.69,39.79,39.63,39.69,193
2014.03.06,22:00,39.70,39.76,39.58,39.65,114
2014.03.07,16:00,39.80,39.91,38.95,39.34,702
2014.03.07,17:00,39.33,39.43,39.15,39.16,435
2014.03.07,18:00,39.14,39.15,38.65,38.70,371
2014.03.07,19:00,38.71,38.71,38.57,38.62,156
2014.03.07,20:00,38.61,38.77,38.45,38.74,147
2014.03.07,21:00,38.73,38.79,38.50,38.73,143
2014.03.07,22:00,38.72,38.78,38.59,38.69,172
2014.03.10,15:00,38.60,38.78,38.45,38.66,372
2014.03.10,16:00,38.67,38.67,37.93,37.96,352
2014.03.10,17:00,37.95,38.18,37.95,38.10,209
2014.03.10,18:00,38.11,38.30,38.08,38.29,160
2014.03.10,19:00,38.28,38.30,38.01,38.02,131
2014.03.10,20:00,38.01,38.12,38.00,38.08,104
2014.03.10,21:00,38.07,38.08,37.91,38.06,139
2014.03.11,15:00,38.25,38.28,37.84,37.84,280
2014.03.11,16:00,37.83,38.05,37.49,38.00,389
2014.03.11,17:00,38.01,38.13,37.84,37.99,156
2014.03.11,18:00,37.98,37.98,37.71,37.83,210
2014.03.11,19:00,37.82,37.91,37.67,37.80,198
2014.03.11,20:00,37.79,37.85,37.53,37.53,190
2014.03.11,21:00,37.52,37.63,37.43,37.57,199
2014.03.12,15:00,37.13,37.14,36.48,36.99,664
2014.03.12,16:00,37.00,37.38,36.95,37.31,634
2014.03.12,17:00,37.30,37.50,37.25,37.30,270
2014.03.12,18:00,37.29,37.60,37.24,37.59,262
2014.03.12,19:00,37.58,37.58,37.40,37.44,177
2014.03.12,20:00,37.45,37.57,37.40,37.48,137
2014.03.12,21:00,37.47,37.57,37.42,37.50,173
2014.03.13,15:00,38.02,38.40,38.00,38.24,541
2014.03.13,16:00,38.26,38.38,37.61,37.79,543
2014.03.13,17:00,37.80,37.86,37.49,37.49,334
2014.03.13,18:00,37.48,37.56,37.12,37.14,286
2014.03.13,19:00,37.12,37.21,36.81,37.14,605
2014.03.13,20:00,37.15,37.31,37.05,37.11,430
2014.03.13,21:00,37.12,37.33,37.03,37.23,375
2014.03.14,15:00,36.83,36.99,36.46,36.47,645
2014.03.14,16:00,36.45,37.22,36.45,36.84,798
2014.03.14,17:00,36.85,37.95,36.48,37.52,788
2014.03.14,18:00,37.51,38.18,37.34,37.68,1077
2014.03.14,19:00,37.70,37.74,37.51,37.65,156
2014.03.14,20:00,37.64,37.66,37.53,37.53,123
2014.03.14,21:00,37.54,37.77,37.52,37.60,178
2014.03.17,15:00,38.97,39.24,38.61,38.65,610
2014.03.17,16:00,38.64,38.94,38.61,38.83,586
2014.03.17,17:00,38.82,38.98,38.81,38.94,293
2014.03.17,18:00,38.95,39.14,38.93,39.13,198
2014.03.17,19:00,39.12,39.36,39.08,39.23,246
2014.03.17,20:00,39.22,39.32,39.13,39.24,190
2014.03.17,21:00,39.23,39.26,38.93,39.09,220
2014.03.18,15:00,39.05,39.05,38.80,38.98,473
2014.03.18,16:00,38.99,39.50,38.93,39.33,346
2014.03.18,17:00,39.32,39.39,39.24,39.39,253
2014.03.18,18:00,39.40,39.50,39.30,39.44,185
2014.03.18,19:00,39.45,39.49,39.41,39.47,152
2014.03.18,20:00,39.48,39.49,39.41,39.43,85
2014.03.18,21:00,39.44,39.47,39.37,39.45,73
2014.03.19,15:00,39.64,39.93,39.40,39.48,451
2014.03.19,16:00,39.47,39.56,38.95,39.07,594
2014.03.19,17:00,39.08,39.23,39.05,39.08,201
2014.03.19,18:00,39.06,39.19,38.99,39.05,192
2014.03.19,19:00,39.06,39.17,39.05,39.15,107
2014.03.19,20:00,39.17,39.17,38.95,38.96,674
2014.03.19,21:00,38.95,39.00,38.51,38.61,762
2014.03.20,15:00,38.36,38.42,37.42,37.86,766
2014.03.20,16:00,37.85,38.45,37.59,38.29,570
2014.03.20,17:00,38.28,38.44,38.25,38.44,265
2014.03.20,18:00,38.43,38.46,38.19,38.23,162
2014.03.20,19:00,38.22,38.27,38.10,38.20,141
2014.03.20,20:00,38.19,38.28,38.13,38.14,112
2014.03.20,21:00,38.13,38.13,37.59,37.77,379
2014.03.21,15:00,38.12,38.21,37.73,38.05,526
2014.03.21,16:00,38.07,38.09,37.75,37.96,598
2014.03.21,17:00,37.97,38.08,37.88,38.03,210
2014.03.21,18:00,38.04,38.24,38.01,38.23,129
2014.03.21,19:00,38.22,38.24,38.03,38.08,237
2014.03.21,20:00,38.07,38.14,37.84,37.95,328
2014.03.21,21:00,37.94,37.99,37.80,37.92,299
2014.03.24,15:00,37.93,38.03,37.27,37.37,617
2014.03.24,16:00,37.35,37.35,36.45,36.63,846
2014.03.24,17:00,36.62,36.75,36.42,36.75,466
2014.03.24,18:00,36.76,36.83,36.28,36.36,310
2014.03.24,19:00,36.37,36.80,36.34,36.79,240
2014.03.24,20:00,36.78,36.89,36.68,36.76,139
2014.03.24,21:00,36.75,36.94,36.68,36.69,216
2014.03.25,15:00,36.98,37.07,36.80,36.84,432
2014.03.25,16:00,36.85,36.93,36.10,36.17,534
2014.03.25,17:00,36.16,36.20,35.86,36.04,382
2014.03.25,18:00,36.02,36.26,35.94,36.21,328
2014.03.25,19:00,36.23,36.24,36.08,36.19,140
2014.03.25,20:00,36.20,36.25,35.96,36.07,136
2014.03.25,21:00,36.06,36.16,35.87,35.92,246
2014.03.26,15:00,36.31,36.73,36.24,36.36,640
2014.03.26,16:00,36.35,36.63,36.17,36.20,498
2014.03.26,17:00,36.19,36.59,36.19,36.35,451
2014.03.26,18:00,36.33,36.33,36.14,36.24,243
2014.03.26,19:00,36.23,36.24,35.69,35.73,275
2014.03.26,20:00,35.72,35.93,35.64,35.92,315
2014.03.26,21:00,35.93,35.96,35.45,35.45,337
2014.03.27,15:00,35.55,35.73,35.05,35.27,703
2014.03.27,16:00,35.28,36.14,35.19,35.85,946
2014.03.27,17:00,35.86,35.88,35.48,35.62,596
2014.03.27,18:00,35.63,35.98,35.55,35.77,375
2014.03.27,19:00,35.78,35.91,35.62,35.74,300
2014.03.27,20:00,35.73,35.79,35.46,35.54,338
2014.03.27,21:00,35.55,35.73,35.45,35.58,306
2014.03.28,15:00,35.78,36.09,35.72,36.00,483
2014.03.28,16:00,36.01,36.71,36.01,36.69,724
2014.03.28,17:00,36.68,36.72,36.24,36.31,321
2014.03.28,18:00,36.32,36.40,36.16,36.23,262
2014.03.28,19:00,36.24,36.24,35.82,35.87,272
2014.03.28,20:00,35.85,35.91,35.53,35.86,314
2014.03.28,21:00,35.87,35.94,35.77,35.88,194
2014.03.31,16:00,36.42,36.56,36.12,36.52,705
2014.03.31,17:00,36.51,36.56,36.19,36.39,682
2014.03.31,18:00,36.37,36.37,36.12,36.18,351
2014.03.31,19:00,36.19,36.33,36.08,36.09,229
2014.03.31,20:00,36.10,36.12,35.74,35.74,201
2014.03.31,21:00,35.73,36.09,35.73,36.01,250
2014.03.31,22:00,36.00,36.02,35.83,35.88,234
2014.04.01,16:00,36.19,36.59,36.15,36.43,415
2014.04.01,17:00,36.44,36.85,36.44,36.51,346
2014.04.01,18:00,36.49,36.54,36.27,36.32,185
2014.04.01,19:00,36.31,36.52,36.28,36.35,182
2014.04.01,20:00,36.34,36.49,36.28,36.49,221
2014.04.01,21:00,36.48,36.49,36.31,36.32,60
2014.04.01,22:00,36.31,36.49,36.31,36.47,136
2014.04.02,16:00,36.69,36.85,36.57,36.63,504
2014.04.02,17:00,36.64,36.84,36.56,36.70,379
2014.04.02,18:00,36.71,36.78,36.63,36.74,212
2014.04.02,19:00,36.75,36.77,36.64,36.67,143
2014.04.02,20:00,36.68,36.70,36.61,36.67,123
2014.04.02,21:00,36.69,36.70,36.63,36.70,134
2014.04.02,22:00,36.71,36.71,36.62,36.64,88
2014.04.03,16:00,36.72,36.78,36.51,36.61,377
2014.04.03,17:00,36.63,36.72,36.15,36.25,388
2014.04.03,18:00,36.23,36.23,35.76,35.87,276
2014.04.03,19:00,35.86,35.89,35.64,35.83,225
2014.04.03,20:00,35.82,35.91,35.73,35.73,187
2014.04.03,21:00,35.74,35.77,35.51,35.63,199
2014.04.03,22:00,35.62,35.80,35.51,35.76,150
2014.04.04,16:00,35.89,36.03,35.08,35.34,507
2014.04.04,17:00,35.35,35.89,35.35,35.47,855
2014.04.04,18:00,35.46,35.46,34.58,34.70,699
2014.04.04,19:00,34.69,34.73,34.32,34.43,467
2014.04.04,20:00,34.44,34.65,34.30,34.33,433
2014.04.04,21:00,34.32,34.35,33.83,33.99,495
2014.04.04,22:00,34.00,34.40,33.96,34.26,381
2014.04.07,16:00,34.09,34.09,33.27,33.83,871
2014.04.07,17:00,33.85,34.35,33.34,33.49,1003
2014.04.07,18:00,33.50,33.74,33.17,33.20,511
2014.04.07,19:00,33.19,33.44,33.08,33.43,370
2014.04.07,20:00,33.45,33.45,32.56,32.61,468
2014.04.07,21:00,32.60,33.20,32.53,33.06,379
2014.04.07,22:00,33.07,33.24,32.94,33.07,344
2014.04.08,16:00,33.11,33.60,33.02,33.20,569
2014.04.08,17:00,33.22,34.04,33.21,33.92,949
2014.04.08,18:00,33.63,34.20,33.63,34.08,421
2014.04.08,19:00,34.07,34.38,33.96,34.11,396
2014.04.08,20:00,34.12,34.42,34.08,34.38,226
2014.04.08,21:00,34.36,34.38,33.77,33.85,377
2014.04.08,22:00,33.86,34.01,33.73,33.83,336
2014.04.09,16:00,34.16,34.48,34.01,34.10,728
2014.04.09,17:00,34.09,34.38,34.03,34.03,721
2014.04.09,18:00,34.04,34.42,33.94,34.38,288
2014.04.09,19:00,34.37,34.59,34.31,34.44,209
2014.04.09,20:00,34.45,34.62,34.45,34.59,152
2014.04.09,21:00,34.58,34.98,34.56,34.84,421
2014.04.09,22:00,34.83,34.94,34.72,34.87,232
2014.04.10,16:00,34.86,34.96,34.12,34.44,761
2014.04.10,17:00,34.45,34.53,33.74,33.75,924
2014.04.10,18:00,33.76,33.95,33.61,33.69,526
2014.04.10,19:00,33.68,33.74,33.31,33.32,589
2014.04.10,20:00,33.33,33.46,33.09,33.25,482
2014.04.10,21:00,33.23,33.63,33.20,33.44,437
2014.04.10,22:00,33.42,33.55,33.25,33.41,431
2014.04.11,16:00,32.69,33.31,32.15,33.15,969
2014.04.11,17:00,33.16,33.47,32.82,33.24,1338
2014.04.11,18:00,33.22,33.46,33.00,33.29,676
2014.04.11,19:00,33.30,33.42,33.12,33.26,433
2014.04.11,20:00,33.28,33.28,32.88,33.00,361
2014.04.11,21:00,33.02,33.15,32.73,32.92,413
2014.04.11,22:00,32.93,33.03,32.76,32.86,413
2014.04.14,16:00,33.53,33.58,33.14,33.16,625
2014.04.14,17:00,33.17,34.03,33.03,33.97,836
2014.04.14,18:00,34.00,34.03,33.51,33.57,480
2014.04.14,19:00,33.55,33.69,33.45,33.66,287
2014.04.14,20:00,33.65,33.68,33.54,33.56,244
2014.04.14,21:00,33.55,33.59,33.37,33.38,193
2014.04.14,22:00,33.39,33.46,33.09,33.44,435
2014.04.15,16:00,33.91,33.98,33.64,33.90,489
2014.04.15,17:00,33.91,33.96,33.17,33.19,832
2014.04.15,18:00,33.17,33.56,33.08,33.16,948
2014.04.15,19:00,33.15,33.23,32.64,32.67,639
2014.04.15,20:00,32.66,33.33,32.66,33.29,618
2014.04.15,21:00,33.30,33.90,33.30,33.84,653
2014.04.15,22:00,33.83,34.27,33.69,34.21,566
2014.04.16,16:00,36.98,37.29,36.25,36.72,1200
2014.04.16,17:00,36.74,36.85,35.96,36.06,1292
2014.04.16,18:00,36.05,36.58,35.87,36.39,820
2014.04.16,19:00,36.40,36.56,36.11,36.31,582
2014.04.16,20:00,36.30,36.31,35.82,35.87,605
2014.04.16,21:00,35.88,36.29,35.84,36.29,462
2014.04.16,22:00,36.28,36.46,36.19,36.32,241
2014.04.17,16:00,36.27,36.34,35.73,35.95,735
2014.04.17,17:00,35.94,36.29,35.76,35.95,805
2014.04.17,18:00,35.96,36.02,35.55,35.87,490
2014.04.17,19:00,35.86,36.16,35.85,36.08,579
2014.04.17,20:00,36.07,36.48,36.05,36.46,362
2014.04.17,21:00,36.45,36.58,36.27,36.28,294
2014.04.17,22:00,36.29,36.52,36.29,36.38,240
2014.04.21,16:00,36.58,36.62,36.10,36.26,481
2014.04.21,17:00,36.28,36.36,35.89,36.01,487
2014.04.21,18:00,36.02,36.42,35.99,36.35,406
2014.04.21,19:00,36.34,36.41,36.28,36.29,297
2014.04.21,20:00,36.30,36.40,36.19,36.39,187
2014.04.21,21:00,36.38,36.51,36.35,36.48,197
2014.04.21,22:00,36.47,36.50,36.32,36.39,196
2014.04.22,16:00,36.67,36.83,36.30,36.38,567
2014.04.22,17:00,36.41,36.48,36.21,36.27,479
2014.04.22,18:00,36.28,36.39,36.23,36.34,198
2014.04.22,19:00,36.33,36.53,36.31,36.40,148
2014.04.22,20:00,36.41,36.42,36.33,36.40,113
2014.04.22,21:00,36.39,36.40,36.33,36.35,85
2014.04.22,22:00,36.34,36.34,36.11,36.13,145
2014.04.23,16:00,36.10,36.18,35.52,35.74,546
2014.04.23,17:00,35.72,35.87,35.52,35.77,600
2014.04.23,18:00,35.78,35.93,35.71,35.73,319
2014.04.23,19:00,35.72,35.74,35.50,35.57,220
2014.04.23,20:00,35.56,35.61,35.43,35.46,246
2014.04.23,21:00,35.45,35.58,35.41,35.51,167
2014.04.23,22:00,35.52,35.58,35.40,35.44,112
2014.04.24,16:00,35.77,35.81,34.77,35.01,793
2014.04.24,17:00,35.00,35.32,34.83,35.22,764
2014.04.24,18:00,35.21,35.46,35.13,35.22,356
2014.04.24,19:00,35.23,35.43,35.22,35.36,235
2014.04.24,20:00,35.38,35.40,35.15,35.15,211
2014.04.24,21:00,35.16,35.29,35.13,35.24,243
2014.04.24,22:00,35.25,35.28,35.19,35.23,244
2014.04.25,16:00,35.06,35.06,34.62,34.67,600
2014.04.25,17:00,34.65,34.83,34.41,34.55,633
2014.04.25,18:00,34.56,34.74,34.31,34.63,444
2014.04.25,19:00,34.65,34.72,34.60,34.64,297
2014.04.25,20:00,34.65,34.71,34.54,34.54,183
2014.04.25,21:00,34.53,34.54,34.29,34.38,282
2014.04.25,22:00,34.37,34.61,34.36,34.48,240
2014.04.28,16:00,34.67,34.78,34.15,34.68,585
2014.04.28,17:00,34.70,34.99,34.53,34.68,677
2014.04.28,18:00,34.69,34.77,34.40,34.46,415
2014.04.28,19:00,34.44,34.49,34.21,34.25,485
2014.04.28,20:00,34.23,34.23,33.65,33.91,647
2014.04.28,21:00,33.92,34.05,33.80,33.86,400
2014.04.28,22:00,33.87,34.17,33.74,33.99,568
2014.04.29,16:00,34.30,34.87,34.12,34.77,620
2014.04.29,17:00,34.76,34.94,34.32,34.84,895
2014.04.29,18:00,34.83,35.27,34.74,35.21,536
2014.04.29,19:00,35.22,35.39,35.17,35.34,234
2014.04.29,20:00,35.33,35.44,35.22,35.43,291
2014.04.29,21:00,35.44,35.59,35.35,35.59,221
2014.04.29,22:00,35.60,35.88,35.50,35.82,251
2014.04.30,16:00,35.81,36.09,35.44,35.62,735
2014.04.30,17:00,35.65,35.71,35.26,35.46,750
2014.04.30,18:00,35.47,35.57,35.25,35.48,439
2014.04.30,19:00,35.47,35.62,35.45,35.56,171
2014.04.30,20:00,35.57,35.69,35.54,35.57,106
2014.04.30,21:00,35.56,35.88,35.50,35.78,529
2014.04.30,22:00,35.79,35.94,35.66,35.93,410
2014.05.01,16:00,36.26,36.46,36.00,36.25,511
2014.05.01,17:00,36.26,36.59,36.11,36.49,502
2014.05.01,18:00,36.48,36.68,36.38,36.47,346
2014.05.01,19:00,36.46,36.54,36.28,36.29,272
2014.05.01,20:00,36.30,36.52,36.30,36.37,300
2014.05.01,21:00,36.36,36.49,36.25,36.31,346
2014.05.01,22:00,36.32,36.52,36.24,36.51,268
2014.05.02,16:00,36.55,36.77,36.21,36.45,786
2014.05.02,17:00,36.46,36.74,36.20,36.36,891
2014.05.02,18:00,36.37,37.11,36.36,37.09,717
2014.05.02,19:00,37.07,37.08,36.79,36.98,255
2014.05.02,20:00,36.97,37.00,36.70,36.81,314
2014.05.02,21:00,36.80,36.82,36.70,36.76,247
2014.05.02,22:00,36.77,36.92,36.75,36.87,217
2014.05.05,16:00,36.62,36.64,36.31,36.61,681
2014.05.05,17:00,36.62,36.87,36.50,36.61,869
2014.05.05,18:00,36.62,36.84,36.52,36.84,252
2014.05.05,19:00,36.83,36.90,36.71,36.74,157
2014.05.05,20:00,36.75,36.87,36.69,36.87,117
2014.05.05,21:00,36.88,37.04,36.81,36.91,185
2014.05.05,22:00,36.89,36.95,36.85,36.90,170
2014.05.06,16:00,36.92,37.11,36.70,37.11,585
2014.05.06,17:00,37.12,37.12,36.80,36.80,537
2014.05.06,18:00,36.78,37.05,36.72,37.02,368
2014.05.06,19:00,37.03,37.09,36.98,37.01,203
2014.05.06,20:00,37.00,37.16,36.92,36.98,273
2014.05.06,21:00,36.97,36.98,36.66,36.69,328
2014.05.06,22:00,36.68,36.70,36.48,36.48,319
2014.05.07,16:00,35.98,35.98,34.40,34.50,1176
2014.05.07,17:00,34.49,34.75,33.69,34.02,1562
2014.05.07,18:00,34.01,34.49,33.92,34.34,677
2014.05.07,19:00,34.32,34.42,33.98,34.03,371
2014.05.07,20:00,34.02,34.33,33.95,34.02,454
2014.05.07,21:00,34.01,34.39,34.00,34.30,440
2014.05.07,22:00,34.31,34.33,33.81,34.06,425
2014.05.08,16:00,33.90,34.57,33.66,34.22,848
2014.05.08,17:00,34.21,34.49,34.01,34.24,591
2014.05.08,18:00,34.23,34.38,34.20,34.24,451
2014.05.08,19:00,34.25,34.27,33.97,34.03,216
2014.05.08,20:00,34.05,34.18,33.77,33.80,440
2014.05.08,21:00,33.81,33.92,33.61,33.72,454
2014.05.08,22:00,33.71,33.93,33.63,33.91,412
2014.05.09,16:00,34.02,34.09,33.65,33.89,639
2014.05.09,17:00,33.86,34.09,33.53,33.56,707
2014.05.09,18:00,33.55,33.76,33.41,33.67,369
2014.05.09,19:00,33.68,34.02,33.67,33.89,323
2014.05.09,20:00,33.88,33.90,33.68,33.68,218
2014.05.09,21:00,33.66,33.76,33.60,33.72,200
2014.05.09,22:00,33.73,33.78,33.66,33.75,137
2014.05.12,16:00,33.99,34.38,33.88,34.20,519
2014.05.12,17:00,34.21,34.52,34.16,34.39,410
2014.05.12,18:00,34.40,34.46,34.28,34.32,220
2014.05.12,19:00,34.34,34.46,34.32,34.37,168
2014.05.12,20:00,34.36,34.46,34.34,34.39,84
2014.05.12,21:00,34.37,34.37,34.27,34.30,111
2014.05.12,22:00,34.31,34.46,34.30,34.44,88
2014.05.13,16:00,34.42,34.68,34.29,34.42,479
2014.05.13,17:00,34.44,34.65,34.43,34.46,478
2014.05.13,18:00,34.45,34.46,34.19,34.31,255
2014.05.13,19:00,34.30,34.49,34.28,34.43,236
2014.05.13,20:00,34.44,34.47,34.32,34.39,154
2014.05.13,21:00,34.38,34.49,34.37,34.43,107
2014.05.13,22:00,34.44,34.45,34.34,34.39,163
2014.05.14,16:00,34.44,34.52,33.98,34.11,511
2014.05.14,17:00,34.10,34.33,34.01,34.27,642
2014.05.14,18:00,34.29,34.53,34.29,34.42,299
2014.05.14,19:00,34.43,34.57,34.41,34.56,185
2014.05.14,20:00,34.55,34.64,34.55,34.58,61
2014.05.14,21:00,34.59,34.59,34.28,34.30,109
2014.05.14,22:00,34.29,34.33,34.11,34.17,174
2014.05.15,16:00,34.14,34.18,33.69,33.90,440
2014.05.15,17:00,33.88,33.89,33.45,33.70,743
2014.05.15,18:00,33.71,33.71,33.43,33.48,478
2014.05.15,19:00,33.49,33.74,33.40,33.71,217
2014.05.15,20:00,33.70,33.77,33.54,33.64,189
2014.05.15,21:00,33.65,33.92,33.59,33.89,267
2014.05.15,22:00,33.90,33.92,33.70,33.80,213
2014.05.16,16:00,33.68,33.68,33.17,33.38,494
2014.05.16,17:00,33.39,33.42,33.10,33.28,625
2014.05.16,18:00,33.29,33.40,33.25,33.32,283
2014.05.16,19:00,33.33,33.40,33.25,33.31,211
2014.05.16,20:00,33.32,33.41,33.25,33.25,194
2014.05.16,21:00,33.26,33.38,33.16,33.37,147
2014.05.16,22:00,33.36,33.51,33.32,33.39,198
2014.05.19,16:00,33.34,33.84,33.28,33.78,385
2014.05.19,17:00,33.77,33.81,33.50,33.71,485
2014.05.19,18:00,33.70,33.77,33.48,33.54,261
2014.05.19,19:00,33.57,33.77,33.56,33.74,141
2014.05.19,20:00,33.75,33.86,33.72,33.86,130
2014.05.19,21:00,33.88,33.97,33.85,33.91,147
2014.05.19,22:00,33.93,33.93,33.81,33.88,148
2014.05.20,16:00,33.97,34.32,33.93,34.08,354
2014.05.20,17:00,34.09,34.38,34.05,34.38,400
2014.05.20,18:00,34.39,34.46,34.34,34.36,146
2014.05.20,19:00,34.37,34.37,34.02,34.11,253
2014.05.20,20:00,34.10,34.12,33.80,33.81,285
2014.05.20,21:00,33.80,33.86,33.67,33.69,208
2014.05.20,22:00,33.70,33.95,33.70,33.87,211
2014.05.21,16:00,34.05,34.19,33.91,33.93,345
2014.05.21,17:00,33.92,34.31,33.88,34.19,352
2014.05.21,18:00,34.20,34.29,34.12,34.25,216
2014.05.21,19:00,34.24,34.29,34.16,34.16,190
2014.05.21,20:00,34.17,34.17,33.93,34.08,130
2014.05.21,21:00,34.09,34.24,34.01,34.24,282
2014.05.21,22:00,34.23,34.38,34.22,34.35,179
2014.05.22,16:00,34.56,34.83,34.52,34.55,355
2014.05.22,17:00,34.56,34.57,34.26,34.53,398
2014.05.22,18:00,34.52,34.67,34.41,34.61,241
2014.05.22,19:00,34.62,34.69,34.60,34.63,112
2014.05.22,20:00,34.64,34.70,34.62,34.64,64
2014.05.22,21:00,34.63,34.74,34.63,34.74,28
2014.05.22,22:00,34.73,34.85,34.69,34.70,136
2014.05.23,16:00,34.82,35.07,34.50,34.66,425
2014.05.23,17:00,34.65,34.69,34.57,34.69,250
2014.05.23,18:00,34.70,34.85,34.67,34.79,311
2014.05.23,19:00,34.80,34.84,34.73,34.81,157
2014.05.23,20:00,34.80,34.94,34.80,34.94,69
2014.05.23,21:00,34.93,34.98,34.85,34.97,55
2014.05.23,22:00,34.98,35.01,34.92,35.01,55
2014.05.27,16:00,35.00,35.08,34.73,34.80,293
2014.05.27,17:00,34.81,34.99,34.75,34.93,330
2014.05.27,18:00,34.95,34.99,34.84,34.89,192
2014.05.27,19:00,34.90,34.94,34.83,34.93,161
2014.05.27,20:00,34.92,34.94,34.82,34.92,104
2014.05.27,21:00,34.93,34.99,34.91,34.98,62
2014.05.27,22:00,34.99,35.12,34.97,35.11,55
2014.05.28,16:00,35.12,35.12,34.52,34.52,327
2014.05.28,17:00,34.51,34.69,34.41,34.61,262
2014.05.28,18:00,34.60,34.87,34.58,34.81,112
2014.05.28,19:00,34.82,34.94,34.75,34.85,121
2014.05.28,20:00,34.84,34.95,34.84,34.87,128
2014.05.28,21:00,34.86,34.88,34.62,34.78,123
2014.05.28,22:00,34.79,34.86,34.74,34.77,88
2014.05.29,16:00,34.89,35.09,34.82,35.03,329
2014.05.29,17:00,35.02,35.04,34.88,34.92,302
2014.05.29,18:00,34.91,34.93,34.78,34.78,172
2014.05.29,19:00,34.76,34.87,34.67,34.84,86
2014.05.29,20:00,34.83,34.85,34.75,34.78,57
2014.05.29,21:00,34.77,34.86,34.77,34.82,59
2014.05.29,22:00,34.83,34.91,34.82,34.89,80
2014.05.30,16:00,34.91,34.91,34.58,34.62,205
2014.05.30,17:00,34.61,34.67,34.50,34.53,193
2014.05.30,18:00,34.54,34.64,34.52,34.53,85
2014.05.30,19:00,34.55,34.62,34.36,34.39,117
2014.05.30,20:00,34.38,34.46,34.12,34.35,179
2014.05.30,21:00,34.36,34.58,34.35,34.49,159
2014.05.30,22:00,34.48,34.66,34.48,34.65,126
2014.06.02,16:00,34.66,34.66,34.41,34.44,158
2014.06.02,17:00,34.41,34.59,34.28,34.52,306
2014.06.02,18:00,34.53,34.78,34.48,34.75,209
2014.06.02,19:00,34.76,34.76,34.70,34.73,77
2014.06.02,20:00,34.72,34.84,34.71,34.82,122
2014.06.02,21:00,34.81,34.92,34.76,34.91,112
2014.06.02,22:00,34.90,34.94,34.85,34.87,77
2014.06.03,16:00,34.78,34.81,34.57,34.78,281
2014.06.03,17:00,34.79,34.96,34.69,34.76,306
2014.06.03,18:00,34.75,34.78,34.62,34.67,197
2014.06.03,19:00,34.69,34.74,34.62,34.63,102
2014.06.03,20:00,34.64,34.75,34.63,34.70,79
2014.06.03,21:00,34.71,34.76,34.67,34.69,99
2014.06.03,22:00,34.68,34.73,34.64,34.64,61
2014.06.04,16:00,34.43,34.63,34.26,34.52,364
2014.06.04,17:00,34.53,34.77,34.50,34.74,337
2014.06.04,18:00,34.73,34.80,34.69,34.73,128
2014.06.04,19:00,34.72,34.77,34.68,34.75,75
2014.06.04,20:00,34.76,34.82,34.74,34.80,69
2014.06.04,21:00,34.79,34.79,34.64,34.73,102
2014.06.04,22:00,34.72,34.74,34.69,34.72,52
2014.06.05,16:00,34.65,34.70,34.40,34.54,355
2014.06.05,17:00,34.53,34.55,34.36,34.48,275
2014.06.05,18:00,34.47,34.77,34.45,34.73,161
2014.06.05,19:00,34.72,34.92,34.71,34.77,173
2014.06.05,20:00,34.76,34.95,34.76,34.89,93
2014.06.05,21:00,34.88,34.98,34.87,34.89,82
2014.06.05,22:00,34.88,34.95,34.87,34.92,86
2014.06.06,16:00,35.07,35.45,35.05,35.45,274
2014.06.06,17:00,35.44,35.67,35.43,35.67,241
2014.06.06,18:00,35.66,35.78,35.55,35.57,167
2014.06.06,19:00,35.58,35.92,35.58,35.87,98
2014.06.06,20:00,35.86,36.08,35.85,35.97,117
2014.06.06,21:00,35.96,35.99,35.78,35.83,89
2014.06.06,22:00,35.82,35.92,35.78,35.92,80
2014.06.09,16:00,35.90,35.99,35.54,35.73,240
2014.06.09,17:00,35.74,35.88,35.66,35.82,187
2014.06.09,18:00,35.83,36.11,35.81,36.10,131
2014.06.09,19:00,36.09,36.31,36.09,36.28,104
2014.06.09,20:00,36.27,36.27,36.11,36.11,71
2014.06.09,21:00,36.12,36.12,35.82,36.01,140
2014.06.09,22:00,36.02,36.11,36.00,36.04,70
2014.06.10,16:00,35.85,36.17,35.85,36.10,256
2014.06.10,17:00,36.09,36.51,36.03,36.37,339
2014.06.10,18:00,36.39,36.39,36.20,36.26,156
2014.06.10,19:00,36.25,36.27,36.19,36.27,111
2014.06.10,20:00,36.26,36.34,36.20,36.30,74
2014.06.10,21:00,36.31,36.31,36.23,36.26,76
2014.06.10,22:00,36.25,36.34,36.24,36.30,63
2014.06.11,16:00,36.25,36.82,36.11,36.69,421
2014.06.11,17:00,36.68,36.74,36.40,36.47,393
2014.06.11,18:00,36.49,36.58,36.45,36.54,192
2014.06.11,19:00,36.55,36.56,36.49,36.55,76
2014.06.11,20:00,36.56,36.66,36.56,36.60,98
2014.06.11,21:00,36.59,36.60,36.44,36.54,106
2014.06.11,22:00,36.55,36.72,36.54,36.63,98
2014.06.12,16:00,36.51,36.63,36.38,36.53,280
2014.06.12,17:00,36.54,36.57,36.34,36.42,279
2014.06.12,18:00,36.39,36.61,36.39,36.61,98
2014.06.12,19:00,36.60,36.64,36.51,36.56,71
2014.06.12,20:00,36.57,36.58,36.51,36.56,123
2014.06.12,21:00,36.55,36.60,36.52,36.55,101
2014.06.12,22:00,36.54,36.78,36.54,36.78,173
2014.06.13,16:00,36.83,37.05,36.70,36.71,345
2014.06.13,17:00,36.70,36.95,36.64,36.94,326
2014.06.13,18:00,36.95,36.95,36.72,36.87,168
2014.06.13,19:00,36.88,36.98,36.86,36.88,94
2014.06.13,20:00,36.89,36.95,36.81,36.93,150
2014.06.13,21:00,36.92,37.05,36.88,36.96,84
2014.06.13,22:00,36.98,37.01,36.92,36.93,88
2014.06.16,16:00,35.00,35.25,34.77,35.12,679
2014.06.16,17:00,35.11,35.48,35.07,35.24,467
2014.06.16,18:00,35.25,35.25,35.01,35.02,267
2014.06.16,19:00,35.01,35.23,35.01,35.21,191
2014.06.16,20:00,35.22,35.28,35.01,35.03,124
2014.06.16,21:00,35.02,35.10,35.00,35.03,69
2014.06.16,22:00,35.02,35.05,34.79,34.80,96
2014.06.17,16:00,34.75,34.81,34.40,34.65,331
2014.06.17,17:00,34.66,34.93,34.47,34.53,353
2014.06.17,18:00,34.54,34.59,34.30,34.48,256
2014.06.17,19:00,34.49,34.54,34.40,34.40,79
2014.06.17,20:00,34.38,34.42,34.33,34.35,94
2014.06.17,21:00,34.34,34.41,34.31,34.41,63
2014.06.17,22:00,34.40,34.42,34.31,34.42,71
2014.06.18,16:00,34.64,34.67,34.28,34.40,297
2014.06.18,17:00,34.39,34.40,34.26,34.28,314
2014.06.18,18:00,34.27,34.49,34.27,34.45,132
2014.06.18,19:00,34.44,34.59,34.41,34.56,94
2014.06.18,20:00,34.55,34.56,34.40,34.47,86
2014.06.18,21:00,34.45,34.79,34.45,34.79,294
2014.06.18,22:00,34.81,35.00,34.78,34.93,195
2014.06.19,16:00,35.11,35.19,34.78,34.85,286
2014.06.19,17:00,34.87,34.88,34.70,34.73,311
2014.06.19,18:00,34.74,34.80,34.63,34.75,121
2014.06.19,19:00,34.74,34.74,34.66,34.67,68
2014.06.19,20:00,34.68,34.69,34.52,34.58,80
2014.06.19,21:00,34.59,34.60,34.55,34.56,62
2014.06.19,22:00,34.57,34.67,34.55,34.67,80
2014.06.20,16:00,34.78,34.80,34.45,34.45,195
2014.06.20,17:00,34.47,34.55,34.27,34.39,196
2014.06.20,18:00,34.40,34.41,34.17,34.28,73
2014.06.20,19:00,34.27,34.37,34.21,34.37,54
2014.06.20,20:00,34.35,34.35,34.24,34.25,29
2014.06.20,21:00,34.24,34.24,34.16,34.16,30
2014.06.20,22:00,34.12,34.12,33.97,34.01,124
2014.06.23,16:00,34.07,34.09,33.75,33.95,232
2014.06.23,17:00,33.96,34.21,33.90,33.93,295
2014.06.23,18:00,33.92,33.99,33.82,33.95,135
2014.06.23,19:00,33.94,33.99,33.75,33.75,67
2014.06.23,20:00,33.76,33.81,33.37,33.63,203
2014.06.23,21:00,33.64,33.73,33.60,33.67,87
2014.06.23,22:00,33.68,33.68,33.54,33.63,136
2014.06.24,16:00,33.77,33.77,33.60,33.65,201
2014.06.24,17:00,33.66,33.98,33.65,33.88,210
2014.06.24,18:00,33.87,33.88,33.79,33.85,88
2014.06.24,19:00,33.84,33.84,33.66,33.69,66
2014.06.24,20:00,33.68,33.72,33.59,33.60,104
2014.06.24,21:00,33.62,33.71,33.50,33.60,125
2014.06.24,22:00,33.59,33.59,33.35,33.47,187
2014.06.25,16:00,33.34,33.64,33.28,33.51,299
2014.06.25,17:00,33.53,33.59,33.24,33.35,251
2014.06.25,18:00,33.34,33.40,33.28,33.30,98
2014.06.25,19:00,33.31,33.34,33.14,33.14,72
2014.06.25,20:00,33.13,33.21,33.13,33.17,60
2014.06.25,21:00,33.16,33.17,33.10,33.15,43
2014.06.25,22:00,33.16,33.28,33.14,33.24,76
2014.06.26,16:00,33.23,33.29,33.02,33.15,225
2014.06.26,17:00,33.14,33.48,33.09,33.37,357
2014.06.26,18:00,33.38,33.53,33.36,33.47,193
2014.06.26,19:00,33.46,33.65,33.44,33.50,105
2014.06.26,20:00,33.51,33.73,33.51,33.65,95
2014.06.26,21:00,33.66,33.74,33.61,33.72,61
2014.06.26,22:00,33.71,33.73,33.61,33.65,58
2014.06.27,16:00,33.83,34.12,33.70,34.05,355
2014.06.27,17:00,34.08,34.20,33.89,34.10,314
2014.06.27,18:00,34.12,34.49,34.12,34.38,279
2014.06.27,19:00,34.39,34.54,34.26,34.34,105
2014.06.27,20:00,34.33,34.33,34.17,34.27,100
2014.06.27,21:00,34.26,34.28,34.21,34.21,31
2014.06.27,22:00,34.22,34.36,34.20,34.24,73
2014.06.30,16:00,34.93,35.11,34.85,34.87,424
2014.06.30,17:00,34.88,35.06,34.88,34.96,231
2014.06.30,18:00,34.95,35.06,34.94,35.00,116
2014.06.30,19:00,34.99,35.06,34.95,35.06,81
2014.06.30,20:00,35.05,35.16,35.05,35.13,58
2014.06.30,21:00,35.14,35.25,35.10,35.10,105
2014.06.30,22:00,35.08,35.15,35.05,35.12,81
2014.07.01,16:00,35.51,35.69,35.35,35.63,339
2014.07.01,17:00,35.64,35.65,35.36,35.46,270
2014.07.01,18:00,35.47,35.52,35.28,35.30,98
2014.07.01,19:00,35.32,35.41,35.21,35.36,76
2014.07.01,20:00,35.38,35.41,35.35,35.35,60
2014.07.01,21:00,35.34,35.42,35.25,35.42,82
2014.07.01,22:00,35.41,35.41,35.34,35.34,56
2014.07.02,16:00,35.66,35.68,35.42,35.48,219
2014.07.02,17:00,35.49,35.66,35.40,35.66,185
2014.07.02,18:00,35.67,35.67,35.50,35.60,123
2014.07.02,19:00,35.61,35.84,35.60,35.83,91
2014.07.02,20:00,35.84,35.88,35.79,35.87,60
2014.07.02,21:00,35.88,35.88,35.75,35.75,35
2014.07.02,22:00,35.76,35.90,35.76,35.88,88
2014.07.03,16:00,36.04,36.06,35.90,35.99,183
2014.07.03,17:00,35.98,36.02,35.94,36.01,101
2014.07.03,18:00,36.02,36.09,36.00,36.09,64
2014.07.03,19:00,36.11,36.14,36.07,36.14,66
2014.07.07,16:00,36.08,36.22,36.04,36.16,209
2014.07.07,17:00,36.14,36.19,36.00,36.01,121
2014.07.07,18:00,36.00,36.01,35.82,35.87,138
2014.07.07,19:00,35.89,35.97,35.78,35.80,79
2014.07.07,20:00,35.79,35.92,35.78,35.83,79
2014.07.07,21:00,35.84,35.85,35.63,35.67,81
2014.07.07,22:00,35.66,35.66,35.48,35.52,77
2014.07.08,16:00,35.59,35.59,34.72,34.84,472
2014.07.08,17:00,34.83,34.83,34.45,34.57,480
2014.07.08,18:00,34.56,34.59,34.28,34.43,333
2014.07.08,19:00,34.45,34.59,34.35,34.55,194
2014.07.08,20:00,34.56,34.69,34.50,34.62,116
2014.07.08,21:00,34.61,34.61,34.49,34.49,75
2014.07.08,22:00,34.48,34.54,34.45,34.53,88
2014.07.09,16:00,34.68,34.94,34.67,34.72,312
2014.07.09,17:00,34.71,35.06,34.69,34.89,417
2014.07.09,18:00,34.87,34.91,34.77,34.90,177
2014.07.09,19:00,34.89,34.92,34.80,34.87,72
2014.07.09,20:00,34.86,34.94,34.83,34.90,43
2014.07.09,21:00,34.89,34.98,34.81,34.81,237
2014.07.09,22:00,34.84,34.85,34.75,34.85,56
2014.07.10,16:00,34.34,34.40,34.10,34.24,387
2014.07.10,17:00,34.27,34.49,34.25,34.33,410
2014.07.10,18:00,34.34,34.56,34.33,34.55,316
2014.07.10,19:00,34.54,34.87,34.53,34.79,225
2014.07.10,20:00,34.80,34.89,34.77,34.86,114
2014.07.10,21:00,34.85,34.88,34.79,34.80,81
2014.07.10,22:00,34.82,34.96,34.79,34.92,80
2014.07.11,16:00,34.94,35.24,34.77,35.02,407
2014.07.11,17:00,35.01,35.25,35.00,35.17,321
2014.07.11,18:00,35.18,35.18,35.01,35.03,110
2014.07.11,19:00,35.04,35.30,35.04,35.30,95
2014.07.11,20:00,35.31,35.52,35.28,35.47,146
2014.07.11,21:00,35.46,35.55,35.35,35.35,76
2014.07.11,22:00,35.36,35.46,35.35,35.42,86
2014.07.14,16:00,35.76,35.94,35.57,35.69,368
2014.07.14,17:00,35.68,35.78,35.60,35.74,302
2014.07.14,18:00,35.75,35.84,35.70,35.74,56
2014.07.14,19:00,35.75,35.77,35.65,35.66,55
2014.07.14,20:00,35.65,35.68,35.51,35.58,40
2014.07.14,21:00,35.57,35.71,35.45,35.70,73
2014.07.14,22:00,35.69,35.69,35.56,35.69,61
2014.07.15,16:00,35.70,35.91,35.65,35.75,363
2014.07.15,17:00,35.76,35.79,35.26,35.34,474
2014.07.15,18:00,35.33,35.58,35.28,35.28,365
2014.07.15,19:00,35.27,35.59,35.20,35.50,280
2014.07.15,20:00,35.51,35.54,35.40,35.47,107
2014.07.15,21:00,35.48,35.62,35.46,35.55,126
2014.07.15,22:00,35.54,35.68,35.41,35.60,237
2014.07.16,16:00,34.44,34.44,33.95,34.20,684
2014.07.16,17:00,34.19,34.23,33.85,34.02,463
2014.07.16,18:00,34.03,34.03,33.72,33.89,359
2014.07.16,19:00,33.88,34.07,33.85,34.00,226
2014.07.16,20:00,34.01,34.04,33.95,33.96,51
2014.07.16,21:00,33.97,33.99,33.75,33.89,100
2014.07.16,22:00,33.88,33.91,33.75,33.78,128
2014.07.17,16:00,33.73,33.90,33.61,33.68,238
2014.07.17,17:00,33.69,33.73,33.43,33.47,356
2014.07.17,18:00,33.46,33.47,32.98,33.17,470
2014.07.17,19:00,33.18,33.29,33.14,33.20,267
2014.07.17,20:00,33.21,33.30,33.14,33.17,149
2014.07.17,21:00,33.16,33.18,33.09,33.14,110
2014.07.17,22:00,33.12,33.20,33.04,33.20,304
2014.07.18,16:00,33.14,33.28,32.93,33.10,300
2014.07.18,17:00,33.11,33.21,32.98,33.15,264
2014.07.18,18:00,33.16,33.26,33.06,33.10,213
2014.07.18,19:00,33.11,33.29,33.09,33.28,100
2014.07.18,20:00,33.27,33.31,33.16,33.29,126
2014.07.18,21:00,33.28,33.34,33.25,33.26,98
2014.07.18,22:00,33.27,33.34,33.23,33.33,109
2014.07.21,16:00,33.35,33.61,33.27,33.53,250
2014.07.21,17:00,33.55,33.63,33.35,33.37,292
2014.07.21,18:00,33.36,33.37,33.20,33.22,154
2014.07.21,19:00,33.23,33.24,33.16,33.24,48
2014.07.21,20:00,33.25,33.25,33.22,33.22,15
2014.07.21,21:00,33.23,33.26,33.21,33.24,50
2014.07.21,22:00,33.23,33.31,33.22,33.27,45
2014.07.22,16:00,33.51,33.75,33.40,33.43,254
2014.07.22,17:00,33.42,33.64,33.42,33.57,280
2014.07.22,18:00,33.58,33.61,33.47,33.49,134
2014.07.22,19:00,33.51,33.79,33.50,33.77,111
2014.07.22,20:00,33.78,33.83,33.76,33.82,48
2014.07.22,21:00,33.81,33.82,33.63,33.71,45
2014.07.22,22:00,33.70,33.75,33.59,33.59,48
2014.07.23,16:00,33.73,33.83,33.70,33.77,207
2014.07.23,17:00,33.75,33.82,33.70,33.76,176
2014.07.23,18:00,33.77,33.78,33.68,33.73,63
2014.07.23,19:00,33.74,33.78,33.73,33.76,74
2014.07.23,20:00,33.77,33.85,33.74,33.81,89
2014.07.23,21:00,33.82,34.22,33.79,34.20,357
2014.07.23,22:00,34.22,34.91,34.05,34.71,902
2014.07.24,16:00,35.08,35.57,35.06,35.35,476
2014.07.24,17:00,35.34,36.50,35.21,36.13,385
2014.07.24,18:00,36.14,36.46,35.73,35.83,744
2014.07.24,19:00,35.84,35.99,35.66,35.99,260
2014.07.24,20:00,35.98,36.14,35.87,36.05,239
2014.07.24,21:00,36.04,36.19,35.98,36.11,174
2014.07.24,22:00,36.10,36.21,36.09,36.16,111
2014.07.25,16:00,35.99,36.19,35.76,36.04,306
2014.07.25,17:00,36.05,36.32,36.03,36.09,293
2014.07.25,18:00,36.10,36.13,35.96,35.98,194
2014.07.25,19:00,35.99,36.11,35.91,36.08,99
2014.07.25,20:00,36.07,36.19,36.03,36.14,103
2014.07.25,21:00,36.13,36.19,36.07,36.09,76
2014.07.25,22:00,36.10,36.17,36.07,36.11,33
2014.07.28,16:00,36.19,36.20,35.78,35.95,356
2014.07.28,17:00,35.93,35.94,35.51,35.73,273
2014.07.28,18:00,35.72,35.96,35.71,35.90,202
2014.07.28,19:00,35.89,35.96,35.82,35.92,95
2014.07.28,20:00,35.91,36.06,35.89,35.97,110
2014.07.28,21:00,35.98,36.02,35.91,35.97,95
2014.07.28,22:00,35.98,36.03,35.86,35.89,80
2014.07.29,16:00,35.95,36.07,35.91,36.04,212
2014.07.29,17:00,36.05,36.15,35.90,35.91,265
2014.07.29,18:00,35.92,35.94,35.71,35.84,233
2014.07.29,19:00,35.85,35.92,35.83,35.85,116
2014.07.29,20:00,35.86,35.92,35.82,35.87,64
2014.07.29,21:00,35.88,35.94,35.75,35.75,124
2014.07.29,22:00,35.74,35.82,35.67,35.68,154
2014.07.30,16:00,35.87,36.18,35.83,36.02,202
2014.07.30,17:00,36.00,36.98,35.98,36.56,938
2014.07.30,18:00,36.55,36.63,36.35,36.58,247
2014.07.30,19:00,36.59,36.96,36.56,36.82,219
2014.07.30,20:00,36.79,36.86,36.53,36.56,217
2014.07.30,21:00,36.58,36.81,36.47,36.48,410
2014.07.30,22:00,36.49,36.61,36.41,36.59,197
2014.07.31,16:00,36.25,36.47,36.13,36.22,417
2014.07.31,17:00,36.21,36.25,35.95,35.99,584
2014.07.31,18:00,35.98,36.12,35.81,35.84,446
2014.07.31,19:00,35.83,36.03,35.67,36.03,319
2014.07.31,20:00,36.04,36.12,35.85,36.10,204
2014.07.31,21:00,36.09,36.14,35.91,35.92,202
2014.07.31,22:00,35.91,36.00,35.78,35.81,244
2014.08.01,16:00,35.67,35.99,35.59,35.98,413
2014.08.01,17:00,35.99,36.07,35.57,35.59,502
2014.08.01,18:00,35.58,35.66,35.35,35.38,393
2014.08.01,19:00,35.36,35.49,35.31,35.42,249
2014.08.01,20:00,35.41,35.62,35.34,35.62,313
2014.08.01,21:00,35.64,35.68,35.53,35.58,241
2014.08.01,22:00,35.57,35.67,35.55,35.61,106
2014.08.04,16:00,35.70,35.88,35.65,35.84,267
2014.08.04,17:00,35.83,35.94,35.76,35.79,427
2014.08.04,18:00,35.78,36.09,35.78,36.07,214
2014.08.04,19:00,36.08,36.36,36.07,36.20,200
2014.08.04,20:00,36.19,36.24,36.12,36.22,106
2014.08.04,21:00,36.23,36.51,36.23,36.44,117
2014.08.04,22:00,36.45,36.65,36.41,36.51,120
2014.08.05,16:00,36.39,36.40,35.90,35.95,379
2014.08.05,17:00,35.96,36.25,35.89,36.15,578
2014.08.05,18:00,36.13,36.25,36.00,36.02,416
2014.08.05,19:00,36.01,36.07,35.95,36.01,247
2014.08.05,20:00,36.02,36.06,35.83,35.90,445
2014.08.05,21:00,35.89,35.93,35.70,35.75,531
2014.08.05,22:00,35.73,35.78,35.62,35.69,335
2014.08.06,16:00,35.57,35.83,35.44,35.61,265
2014.08.06,17:00,35.62,35.88,35.60,35.87,287
2014.08.06,18:00,35.86,35.93,35.75,35.86,308
2014.08.06,19:00,35.87,35.89,35.75,35.79,310
2014.08.06,20:00,35.78,35.81,35.70,35.70,191
2014.08.06,21:00,35.69,35.87,35.67,35.80,164
2014.08.06,22:00,35.79,35.86,35.73,35.77,194
2014.08.07,16:00,35.87,35.99,35.73,35.82,265
2014.08.07,17:00,35.83,35.87,35.62,35.74,289
2014.08.07,18:00,35.73,35.75,35.57,35.65,377
2014.08.07,19:00,35.64,35.72,35.57,35.62,315
2014.08.07,20:00,35.63,35.84,35.63,35.75,220
2014.08.07,21:00,35.76,35.76,35.61,35.67,185
2014.08.07,22:00,35.66,35.72,35.54,35.65,269
2014.08.08,16:00,35.71,35.83,35.55,35.72,277
2014.08.08,17:00,35.71,35.75,35.41,35.61,350
2014.08.08,18:00,35.60,35.74,35.58,35.71,245
2014.08.08,19:00,35.72,35.72,35.53,35.56,93
2014.08.08,20:00,35.57,35.87,35.55,35.84,213
2014.08.08,21:00,35.85,35.87,35.77,35.86,80
2014.08.08,22:00,35.84,35.95,35.81,35.91,52
2014.08.11,16:00,36.07,36.14,35.85,35.90,159
2014.08.11,17:00,35.91,36.06,35.84,35.97,212
2014.08.11,18:00,35.96,36.09,35.93,35.96,142
2014.08.11,19:00,35.97,35.98,35.90,35.90,79
2014.08.11,20:00,35.89,35.93,35.85,35.85,56
2014.08.11,21:00,35.84,35.87,35.75,35.76,77
2014.08.11,22:00,35.77,35.86,35.77,35.78,69
2014.08.12,16:00,35.79,35.94,35.58,35.65,249
2014.08.12,17:00,35.64,35.66,35.41,35.43,231
2014.08.12,18:00,35.42,35.48,35.26,35.40,197
2014.08.12,19:00,35.39,35.46,35.32,35.40,156
2014.08.12,20:00,35.41,35.43,35.29,35.31,131
2014.08.12,21:00,35.32,35.32,35.15,35.20,128
2014.08.12,22:00,35.21,35.51,35.20,35.51,76
2014.08.13,16:00,35.83,36.19,35.77,36.11,344
2014.08.13,17:00,36.12,36.44,36.11,36.32,338
2014.08.13,18:00,36.33,36.43,36.29,36.38,135
2014.08.13,19:00,36.41,36.43,36.21,36.21,99
2014.08.13,20:00,36.20,36.24,36.10,36.10,73
2014.08.13,21:00,36.12,36.22,36.08,36.16,57
2014.08.13,22:00,36.15,36.21,36.09,36.18,77
2014.08.14,16:00,36.32,36.41,36.22,36.27,265
2014.08.14,17:00,36.28,36.38,36.18,36.30,182
2014.08.14,18:00,36.31,36.33,36.22,36.32,79
2014.08.14,19:00,36.31,36.34,36.21,36.25,52
2014.08.14,20:00,36.26,36.30,36.22,36.27,53
2014.08.14,21:00,36.28,36.28,36.20,36.26,76
2014.08.14,22:00,36.27,36.38,36.26,36.36,45
2014.08.15,16:00,36.24,36.39,36.12,36.25,255
2014.08.15,17:00,36.24,36.56,36.20,36.35,525
2014.08.15,18:00,36.33,36.41,36.14,36.20,477
2014.08.15,19:00,36.19,36.42,36.13,36.31,314
2014.08.15,20:00,36.30,36.34,36.17,36.20,173
2014.08.15,21:00,36.21,36.35,36.17,36.29,126
2014.08.15,22:00,36.30,36.49,36.25,36.46,133
2014.08.18,16:00,36.75,37.43,36.75,37.42,340
2014.08.18,17:00,37.43,37.76,37.40,37.62,426
2014.08.18,18:00,37.61,37.64,37.37,37.39,193
2014.08.18,19:00,37.40,37.45,37.23,37.33,178
2014.08.18,20:00,37.32,37.44,37.31,37.39,106
2014.08.18,21:00,37.38,37.47,37.32,37.44,95
2014.08.18,22:00,37.43,37.49,37.37,37.37,78
2014.08.19,16:00,37.56,37.70,37.52,37.60,213
2014.08.19,17:00,37.59,37.65,37.50,37.52,167
2014.08.19,18:00,37.53,37.65,37.53,37.63,48
2014.08.19,19:00,37.64,37.87,37.64,37.75,120
2014.08.19,20:00,37.76,37.80,37.74,37.77,24
2014.08.19,21:00,37.78,37.89,37.77,37.81,51
2014.08.19,22:00,37.82,37.93,37.79,37.81,76
2014.08.20,16:00,37.73,37.73,37.43,37.63,269
2014.08.20,17:00,37.62,37.63,37.40,37.53,210
2014.08.20,18:00,37.51,37.57,37.48,37.48,53
2014.08.20,19:00,37.47,37.53,37.47,37.53,28
2014.08.20,20:00,37.55,37.57,37.48,37.49,48
2014.08.20,21:00,37.48,37.56,37.34,37.49,182
2014.08.20,22:00,37.50,37.56,37.46,37.49,76
2014.08.21,16:00,37.61,37.69,37.31,37.51,276
2014.08.21,17:00,37.53,37.63,37.39,37.57,290
2014.08.21,18:00,37.56,37.62,37.50,37.52,84
2014.08.21,19:00,37.51,37.63,37.51,37.60,63
2014.08.21,20:00,37.62,37.62,37.52,37.53,46
2014.08.21,21:00,37.54,37.74,37.54,37.74,58
2014.08.21,22:00,37.73,37.73,37.60,37.63,42
2014.08.22,16:00,37.65,38.18,37.65,37.93,333
2014.08.22,17:00,37.94,38.00,37.75,37.82,299
2014.08.22,18:00,37.80,37.92,37.77,37.90,157
2014.08.22,19:00,37.91,37.97,37.83,37.97,86
2014.08.22,20:00,37.98,38.03,37.94,38.02,54
2014.08.22,21:00,38.03,38.03,37.91,37.99,72
2014.08.22,22:00,37.98,38.02,37.95,38.00,63
